image_id,label,mask_path,defect_type
mvtec_d6357fd3cf877bd9,0,,good
mvtec_6c299911e86ab881,0,,good
mvtec_5546e2e5aa0bed4d,0,,good
mvtec_3f57017c46e174aa,0,,good
mvtec_39e97bb8b7dd21e7,0,,good
mvtec_cbaf7aa59d34e73e,0,,good
mvtec_ad0f1926eb1740b2,0,,good
mvtec_16536d3205281b2a,0,,good
mvtec_a7944b1b2f350025,0,,good
mvtec_47084347423bda7f,0,,good
mvtec_8aaa80ad057017a9,0,,good
mvtec_98b846cd4efbb24f,0,,good
mvtec_54824fe4a5464203,0,,good
mvtec_53e3efd22777d7de,0,,good
mvtec_99d97dc125fc74de,0,,good
mvtec_2c605443449fc856,0,,good
mvtec_b33e888c5cf2268e,0,,good
mvtec_c72ad79642e72cc9,0,,good
mvtec_8fae87e834211fb5,0,,good
mvtec_16aea350b54a3211,0,,good
mvtec_77bc03fe6ec1c416,0,,good
mvtec_1f16fb0307f3d40f,0,,good
mvtec_95e6a07a3ad86a7e,0,,good
mvtec_31e852a24f6cee13,0,,good
mvtec_8fb7af968b11fd4d,0,,good
mvtec_9ab8434c8230cd7f,0,,good
mvtec_04f932b93d466e97,0,,good
mvtec_c7558214f06fbfbf,0,,good
mvtec_e2fa4c0fa1e4b17f,0,,good
mvtec_7c082f384571505f,0,,good
mvtec_e0e20c7534afd30c,0,,good
mvtec_0d5ebb67232c04f7,0,,good
mvtec_0f651b6a8e064b6b,0,,good
mvtec_111df32cb021cd4f,0,,good
mvtec_0ff5028ec4ab8535,0,,good
mvtec_ee5247cc92202e94,0,,good
mvtec_f4d42f8d4aa98224,0,,good
mvtec_815c7fdab25b9574,0,,good
mvtec_71ba27d996f32b57,0,,good
mvtec_688503eb5368600b,0,,good
mvtec_3b7fcf4f2e02c9ef,0,,good
mvtec_f62d8f9c6927ec72,0,,good
mvtec_929e7be85f525993,0,,good
mvtec_647401866851ec46,0,,good
mvtec_676245a2124380ba,0,,good
mvtec_e275b1d2b9052b6c,0,,good
mvtec_1b619786223a2630,0,,good
mvtec_a6a4933dd4e9edaf,0,,good
mvtec_f3e872edf0d810f8,0,,good
mvtec_e4a12eda5aab20d4,0,,good
mvtec_dcbd1cbcf90b40f9,0,,good
mvtec_a65c1626862d24f0,0,,good
mvtec_67378a3296739c72,0,,good
mvtec_3de2aa40a174dcfd,0,,good
mvtec_4d6ad71755f1e2d4,0,,good
mvtec_e4b9a4321ea4eb1d,0,,good
mvtec_706d4bced80e7061,0,,good
mvtec_812346857ca2190a,0,,good
mvtec_08a24270e072fe4f,0,,good
mvtec_4fe081923d21575d,0,,good
mvtec_cbe13182895b5de8,0,,good
mvtec_8ce0556ca2d7b0a9,0,,good
mvtec_df2530d15008ad37,0,,good
mvtec_c3e8f5ed0f2fa885,0,,good
mvtec_d6558e9844db0de6,0,,good
mvtec_53422a31693d99dd,0,,good
mvtec_74ed225aa747ad85,0,,good
mvtec_5ead2ab5f4ca801f,0,,good
mvtec_c65830c236d60ef2,0,,good
mvtec_62880c30e2974f8b,0,,good
mvtec_350a0643858a8402,0,,good
mvtec_b3bd0453d32511ad,0,,good
mvtec_050a470fb81f710e,0,,good
mvtec_589d0d134d05a6ec,0,,good
mvtec_4335f5c94fce0ea8,0,,good
mvtec_c2874528b902181c,0,,good
mvtec_e58e359fa83e95e5,0,,good
mvtec_ef18594a9e3dd2e4,0,,good
mvtec_c9f75e8240ff4faa,0,,good
mvtec_1319bd66836e2495,0,,good
mvtec_511d58e22482d22c,0,,good
mvtec_dd40e037ee85b96f,0,,good
mvtec_5ada1e191091573e,0,,good
mvtec_510a727563ec39f7,0,,good
mvtec_c3be44c2eba8096a,0,,good
mvtec_9ea78066254970fd,0,,good
mvtec_573b72090a637423,0,,good
mvtec_3b9981f60cbd5d56,0,,good
mvtec_1d2e0d1c814db2b6,0,,good
mvtec_c9a2216dbcf4ff95,0,,good
mvtec_2fb1c1fe7102f8bc,0,,good
mvtec_edbe4a5df7dd29a3,0,,good
mvtec_fcdce3ad604be94b,0,,good
mvtec_548fdaf12a050bd2,0,,good
mvtec_202eca441978535a,0,,good
mvtec_657c72eb5f88e13a,0,,good
mvtec_b4743627ca2fe370,0,,good
mvtec_8b7593ba611edf82,0,,good
mvtec_b3b74a94fdd878e2,0,,good
mvtec_6046442fc1baf8a9,0,,good
mvtec_c2b2b3c5048bc453,0,,good
mvtec_c0a687e1efdda242,0,,good
mvtec_c412cacc2c4064b7,0,,good
mvtec_63e2ac347f419d17,0,,good
mvtec_7ada5b9e0852827a,0,,good
mvtec_81248a6f89b17286,0,,good
mvtec_6f190b5990041d1a,0,,good
mvtec_250492b6fdbfccc3,0,,good
mvtec_eac030bb3f69ad84,0,,good
mvtec_62b0a6969c97ed92,0,,good
mvtec_9a68de0e54ef76c6,0,,good
mvtec_a19dab63b6f9d4de,0,,good
mvtec_5a91f90023650fdb,0,,good
mvtec_cc8f970a3f46963e,0,,good
mvtec_fee3fa4cb09f205f,0,,good
mvtec_e65dc2e8e375bea9,0,,good
mvtec_98efbe0a0a181a53,0,,good
mvtec_fa11c354c15f26bc,0,,good
mvtec_8ed68a7ee845b3e1,0,,good
mvtec_fb6ac463563dd6d5,0,,good
mvtec_b15f56a6df14ae94,0,,good
mvtec_3cdb63c3ea7884d7,0,,good
mvtec_96bf89a3972c369d,0,,good
mvtec_00dbe18f58e68e69,0,,good
mvtec_3cb992cfc00951eb,0,,good
mvtec_ca23740733a0bc70,0,,good
mvtec_421bfde6ac913aa7,0,,good
mvtec_6cf3c616ee659db8,0,,good
mvtec_a4979c1a9794748c,0,,good
mvtec_d05e59e34ce745ac,0,,good
mvtec_48503463facfb17c,0,,good
mvtec_83af846e00c52da8,0,,good
mvtec_0e6477f9014c61cc,0,,good
mvtec_c30350e9e2d14044,0,,good
mvtec_50a8e6f0c87befa8,0,,good
mvtec_ae04a196e3a4f7a7,0,,good
mvtec_bd67c724ceb83816,0,,good
mvtec_31035285236ce86c,0,,good
mvtec_d24b39f1737b33a1,0,,good
mvtec_987803965a4acf2a,0,,good
mvtec_50c26c9a03a22c85,0,,good
mvtec_c09523c0979605f3,0,,good
mvtec_741a24bb78b160e8,0,,good
mvtec_d545528d7e270399,0,,good
mvtec_0b7e9e1f3eb611dc,0,,good
mvtec_ab4255e8909c8c75,0,,good
mvtec_195cb4f3b64d2cbd,0,,good
mvtec_6a2d00ce1fad0d3b,0,,good
mvtec_058774c509f93702,0,,good
mvtec_e1758270b545fd31,0,,good
mvtec_4610afdd9e51f356,0,,good
mvtec_df02e6b9e271e534,0,,good
mvtec_74010ac476f3e16c,0,,good
mvtec_81ff2e2b735807d1,0,,good
mvtec_c6b849f27357464b,0,,good
mvtec_befe7bef33c13a35,0,,good
mvtec_a019b57e082aeec0,0,,good
mvtec_75e3acfb1b7e8686,0,,good
mvtec_023e6f46684d52c9,0,,good
mvtec_93e9057ad99956f9,0,,good
mvtec_94c4d7c115a1eaa2,0,,good
mvtec_0a0e937d9eafd240,0,,good
mvtec_71991a8d32f0268e,0,,good
mvtec_d31dccdfd3a5ff14,0,,good
mvtec_c288ffb15c65d12f,0,,good
mvtec_9d05a4cc71866001,0,,good
mvtec_1ba47d3344c454cb,0,,good
mvtec_f04ca25101152f9c,0,,good
mvtec_1d27379b706a0fcb,0,,good
mvtec_7d968b263ccd9dd7,0,,good
mvtec_3ca65d19bb1e8c8d,0,,good
mvtec_98f62f6bdd16cfaf,0,,good
mvtec_e7aa3e46db5fe4d6,0,,good
mvtec_4ae3e78dabe98ad2,0,,good
mvtec_08a39fd09f8e21e4,0,,good
mvtec_72879e630a841e07,0,,good
mvtec_bcb3bfee43e1d1fa,0,,good
mvtec_275cc24713154d6c,0,,good
mvtec_bd09316744137c94,0,,good
mvtec_c2ebe16132008bd7,0,,good
mvtec_967e4f23759a4183,0,,good
mvtec_5a8f649a45173c88,0,,good
mvtec_0695453c6187caf5,0,,good
mvtec_a9ce8aaf829a66c6,0,,good
mvtec_9e8b4ae5cec5a42c,0,,good
mvtec_3455d2fd5ddb93ac,0,,good
mvtec_f3ebc8ba44539bce,0,,good
mvtec_0639da56b9944d56,0,,good
mvtec_68e802c28ece984c,0,,good
mvtec_e2b7e1a8350c042b,0,,good
mvtec_772be13abfdb32cb,0,,good
mvtec_f530da7967830bb6,0,,good
mvtec_e86a7fe02d135ff3,0,,good
mvtec_ca61fdef532dcf7e,0,,good
mvtec_8a7cdaee4b8916ab,0,,good
mvtec_17f9a8e8e4670729,0,,good
mvtec_f249e2eaedc846b7,0,,good
mvtec_ac2afb37a781eae9,0,,good
mvtec_68ab978301f71f28,0,,good
mvtec_48259b4c03d44748,0,,good
mvtec_dae0dca4cfba6244,0,,good
mvtec_7243a1d3ff702a50,0,,good
mvtec_9374259b95865df9,0,,good
mvtec_91d15e149c2dc482,0,,good
mvtec_657d5dd67ed5554b,0,,good
mvtec_14417a5059d4dbe1,0,,good
mvtec_32cc7be36d61114c,0,,good
mvtec_a5778ba37bbdcd72,0,,good
mvtec_ebe4df066f526993,0,,good
mvtec_36005a3d51cdd019,0,,good
mvtec_4805014ad519f44a,0,,good
mvtec_83fa2b6334d34d8f,0,,good
mvtec_2abc5ae8f7d3774e,0,,good
mvtec_6971cbd2c36256f0,0,,good
mvtec_de4e87f2c4ecd384,0,,good
mvtec_daefd07377171a3a,0,,good
mvtec_9cf8c7ba146039bb,0,,good
mvtec_5846716d13c854ab,0,,good
mvtec_9a8a3ac522d8f5a4,0,,good
mvtec_30550db9dc36c356,0,,good
mvtec_80031535480c306a,0,,good
mvtec_ee7a08996a6f7e69,0,,good
mvtec_c79a79c0efe73681,0,,good
mvtec_abeed8a61cc803c5,0,,good
mvtec_560a9a61b3d74658,0,,good
mvtec_e4c826f85988e078,0,,good
mvtec_6a2cf91b15e5a25a,0,,good
mvtec_6d51f8817ba7e07f,0,,good
mvtec_db442fd89ce9768a,0,,good
mvtec_ee48ce927ab6f628,1,/data/gauss/ldh/myDatasets/mvtec_anomaly_detection/bottle/ground_truth/broken_large/000_mask.png,broken_large
mvtec_919c4fa185377d94,1,/data/gauss/ldh/myDatasets/mvtec_anomaly_detection/bottle/ground_truth/broken_large/001_mask.png,broken_large
mvtec_c4c1073e2ea7be7c,1,/data/gauss/ldh/myDatasets/mvtec_anomaly_detection/bottle/ground_truth/broken_large/002_mask.png,broken_large
mvtec_112b2139a5015945,1,/data/gauss/ldh/myDatasets/mvtec_anomaly_detection/bottle/ground_truth/broken_large/003_mask.png,broken_large
mvtec_6b8f5e1c8a221beb,1,/data/gauss/ldh/myDatasets/mvtec_anomaly_detection/bottle/ground_truth/broken_large/004_mask.png,broken_large
mvtec_679bd9a165e524ee,1,/data/gauss/ldh/myDatasets/mvtec_anomaly_detection/bottle/ground_truth/broken_large/005_mask.png,broken_large
mvtec_893ad6b351ba8178,1,/data/gauss/ldh/myDatasets/mvtec_anomaly_detection/bottle/ground_truth/broken_large/006_mask.png,broken_large
mvtec_6300a4bbd10b4551,1,/data/gauss/ldh/myDatasets/mvtec_anomaly_detection/bottle/ground_truth/broken_large/007_mask.png,broken_large
mvtec_d00e67b72c3cb1fb,1,/data/gauss/ldh/myDatasets/mvtec_anomaly_detection/bottle/ground_truth/broken_large/008_mask.png,broken_large
mvtec_1c9a482dc06ec6eb,1,/data/gauss/ldh/myDatasets/mvtec_anomaly_detection/bottle/ground_truth/broken_large/009_mask.png,broken_large
mvtec_a1218d21610603ce,1,/data/gauss/ldh/myDatasets/mvtec_anomaly_detection/bottle/ground_truth/broken_large/010_mask.png,broken_large
mvtec_6af2310eac5ad9d4,1,/data/gauss/ldh/myDatasets/mvtec_anomaly_detection/bottle/ground_truth/broken_large/011_mask.png,broken_large
mvtec_b002fc5dc3c50a8d,1,/data/gauss/ldh/myDatasets/mvtec_anomaly_detection/bottle/ground_truth/broken_large/012_mask.png,broken_large
mvtec_37e7e67e419d1add,1,/data/gauss/ldh/myDatasets/mvtec_anomaly_detection/bottle/ground_truth/broken_large/013_mask.png,broken_large
mvtec_f0751b278a87987f,1,/data/gauss/ldh/myDatasets/mvtec_anomaly_detection/bottle/ground_truth/broken_large/014_mask.png,broken_large
mvtec_3d1a5daedf76f5b6,1,/data/gauss/ldh/myDatasets/mvtec_anomaly_detection/bottle/ground_truth/broken_large/015_mask.png,broken_large
mvtec_e0f39e3929700dfa,1,/data/gauss/ldh/myDatasets/mvtec_anomaly_detection/bottle/ground_truth/broken_large/016_mask.png,broken_large
mvtec_dc1d0c4dba2ee993,1,/data/gauss/ldh/myDatasets/mvtec_anomaly_detection/bottle/ground_truth/broken_large/017_mask.png,broken_large
mvtec_f6a5a12abc76dcbe,1,/data/gauss/ldh/myDatasets/mvtec_anomaly_detection/bottle/ground_truth/broken_large/018_mask.png,broken_large
mvtec_53be397996be73f3,1,/data/gauss/ldh/myDatasets/mvtec_anomaly_detection/bottle/ground_truth/broken_large/019_mask.png,broken_large
mvtec_b34ad8fe98a40661,1,/data/gauss/ldh/myDatasets/mvtec_anomaly_detection/bottle/ground_truth/broken_small/000_mask.png,broken_small
mvtec_1ffaafa813357c85,1,/data/gauss/ldh/myDatasets/mvtec_anomaly_detection/bottle/ground_truth/broken_small/001_mask.png,broken_small
mvtec_b6102a98bb881bde,1,/data/gauss/ldh/myDatasets/mvtec_anomaly_detection/bottle/ground_truth/broken_small/002_mask.png,broken_small
mvtec_3bd51a59c854cc38,1,/data/gauss/ldh/myDatasets/mvtec_anomaly_detection/bottle/ground_truth/broken_small/003_mask.png,broken_small
mvtec_4b121990fe309803,1,/data/gauss/ldh/myDatasets/mvtec_anomaly_detection/bottle/ground_truth/broken_small/004_mask.png,broken_small
mvtec_59524535f6633083,1,/data/gauss/ldh/myDatasets/mvtec_anomaly_detection/bottle/ground_truth/broken_small/005_mask.png,broken_small
mvtec_42f52dda7e883612,1,/data/gauss/ldh/myDatasets/mvtec_anomaly_detection/bottle/ground_truth/broken_small/006_mask.png,broken_small
mvtec_102ca004d932396c,1,/data/gauss/ldh/myDatasets/mvtec_anomaly_detection/bottle/ground_truth/broken_small/007_mask.png,broken_small
mvtec_a91742996a5ec065,1,/data/gauss/ldh/myDatasets/mvtec_anomaly_detection/bottle/ground_truth/broken_small/008_mask.png,broken_small
mvtec_6b99feedd46e7b83,1,/data/gauss/ldh/myDatasets/mvtec_anomaly_detection/bottle/ground_truth/broken_small/009_mask.png,broken_small
mvtec_cf3d15853b34d8a5,1,/data/gauss/ldh/myDatasets/mvtec_anomaly_detection/bottle/ground_truth/broken_small/010_mask.png,broken_small
mvtec_a924099f10e75e47,1,/data/gauss/ldh/myDatasets/mvtec_anomaly_detection/bottle/ground_truth/broken_small/011_mask.png,broken_small
mvtec_4069df46255d97b2,1,/data/gauss/ldh/myDatasets/mvtec_anomaly_detection/bottle/ground_truth/broken_small/012_mask.png,broken_small
mvtec_925fbb3128d3ffe6,1,/data/gauss/ldh/myDatasets/mvtec_anomaly_detection/bottle/ground_truth/broken_small/013_mask.png,broken_small
mvtec_628d52118eef649a,1,/data/gauss/ldh/myDatasets/mvtec_anomaly_detection/bottle/ground_truth/broken_small/014_mask.png,broken_small
mvtec_79938e5e4c880f10,1,/data/gauss/ldh/myDatasets/mvtec_anomaly_detection/bottle/ground_truth/broken_small/015_mask.png,broken_small
mvtec_a69d34f024898430,1,/data/gauss/ldh/myDatasets/mvtec_anomaly_detection/bottle/ground_truth/broken_small/016_mask.png,broken_small
mvtec_fa0c4a1833afd79d,1,/data/gauss/ldh/myDatasets/mvtec_anomaly_detection/bottle/ground_truth/broken_small/017_mask.png,broken_small
mvtec_78721f6e0f254b2f,1,/data/gauss/ldh/myDatasets/mvtec_anomaly_detection/bottle/ground_truth/broken_small/018_mask.png,broken_small
mvtec_f71cf3fe02c80245,1,/data/gauss/ldh/myDatasets/mvtec_anomaly_detection/bottle/ground_truth/broken_small/019_mask.png,broken_small
mvtec_a4f1d0ddf6eb93e1,1,/data/gauss/ldh/myDatasets/mvtec_anomaly_detection/bottle/ground_truth/broken_small/020_mask.png,broken_small
mvtec_56ca02f5dc6cfb73,1,/data/gauss/ldh/myDatasets/mvtec_anomaly_detection/bottle/ground_truth/broken_small/021_mask.png,broken_small
mvtec_edf8bdaef97cb3d9,1,/data/gauss/ldh/myDatasets/mvtec_anomaly_detection/bottle/ground_truth/contamination/000_mask.png,contamination
mvtec_8bdbbfe204a151de,1,/data/gauss/ldh/myDatasets/mvtec_anomaly_detection/bottle/ground_truth/contamination/001_mask.png,contamination
mvtec_31288f20ee1ba7d3,1,/data/gauss/ldh/myDatasets/mvtec_anomaly_detection/bottle/ground_truth/contamination/002_mask.png,contamination
mvtec_3b216c6fa1dec587,1,/data/gauss/ldh/myDatasets/mvtec_anomaly_detection/bottle/ground_truth/contamination/003_mask.png,contamination
mvtec_035c7e4a2127db90,1,/data/gauss/ldh/myDatasets/mvtec_anomaly_detection/bottle/ground_truth/contamination/004_mask.png,contamination
mvtec_9855aeac3addc1d9,1,/data/gauss/ldh/myDatasets/mvtec_anomaly_detection/bottle/ground_truth/contamination/005_mask.png,contamination
mvtec_58ec94d4e4e93d14,1,/data/gauss/ldh/myDatasets/mvtec_anomaly_detection/bottle/ground_truth/contamination/006_mask.png,contamination
mvtec_4541c959f195ecff,1,/data/gauss/ldh/myDatasets/mvtec_anomaly_detection/bottle/ground_truth/contamination/007_mask.png,contamination
mvtec_7afe79a80979ee68,1,/data/gauss/ldh/myDatasets/mvtec_anomaly_detection/bottle/ground_truth/contamination/008_mask.png,contamination
mvtec_3d95fc7a76e0f6a9,1,/data/gauss/ldh/myDatasets/mvtec_anomaly_detection/bottle/ground_truth/contamination/009_mask.png,contamination
mvtec_0f6d4ac23dcc1d8e,1,/data/gauss/ldh/myDatasets/mvtec_anomaly_detection/bottle/ground_truth/contamination/010_mask.png,contamination
mvtec_a6e2013bc99772ed,1,/data/gauss/ldh/myDatasets/mvtec_anomaly_detection/bottle/ground_truth/contamination/011_mask.png,contamination
mvtec_9e9fb45293810b57,1,/data/gauss/ldh/myDatasets/mvtec_anomaly_detection/bottle/ground_truth/contamination/012_mask.png,contamination
mvtec_0fb39787a39c2452,1,/data/gauss/ldh/myDatasets/mvtec_anomaly_detection/bottle/ground_truth/contamination/013_mask.png,contamination
mvtec_69f9d236df5f6f9e,1,/data/gauss/ldh/myDatasets/mvtec_anomaly_detection/bottle/ground_truth/contamination/014_mask.png,contamination
mvtec_5ad22446de847450,1,/data/gauss/ldh/myDatasets/mvtec_anomaly_detection/bottle/ground_truth/contamination/015_mask.png,contamination
mvtec_a91cea28ddcf2732,1,/data/gauss/ldh/myDatasets/mvtec_anomaly_detection/bottle/ground_truth/contamination/016_mask.png,contamination
mvtec_0d5a168e76809c0e,1,/data/gauss/ldh/myDatasets/mvtec_anomaly_detection/bottle/ground_truth/contamination/017_mask.png,contamination
mvtec_619f8c4e55b5b2fa,1,/data/gauss/ldh/myDatasets/mvtec_anomaly_detection/bottle/ground_truth/contamination/018_mask.png,contamination
mvtec_b5177df717a5f2e6,1,/data/gauss/ldh/myDatasets/mvtec_anomaly_detection/bottle/ground_truth/contamination/019_mask.png,contamination
mvtec_973d9b3c83f277a7,1,/data/gauss/ldh/myDatasets/mvtec_anomaly_detection/bottle/ground_truth/contamination/020_mask.png,contamination
mvtec_f9f34199da525013,0,,good
mvtec_7d968171d0bace6a,0,,good
mvtec_f3c2e61c6c7ff3ce,0,,good
mvtec_e5aa8936f716525f,0,,good
mvtec_aa134284bcf5258b,0,,good
mvtec_8225dab76f5ee144,0,,good
mvtec_d4b7193136a54220,0,,good
mvtec_a166a0a483b49724,0,,good
mvtec_2e133287b5815657,0,,good
mvtec_f4f5f8765b8f39cd,0,,good
mvtec_9505de0b6927eac1,0,,good
mvtec_fb8dbb3c32141a31,0,,good
mvtec_4a833919795262a5,0,,good
mvtec_5de633f8f5784653,0,,good
mvtec_0aa153361ddb55a7,0,,good
mvtec_65588525090c5b82,0,,good
mvtec_49b15c1c89ffa186,0,,good
mvtec_dc8c7cc150b15370,0,,good
mvtec_7ec704214c28ebc5,0,,good
mvtec_2d0b3392193e1e6f,0,,good
mvtec_24a115519a56dbcf,0,,good
mvtec_2848bd71400bd0b9,0,,good
mvtec_9f938d2d15b0e7d8,0,,good
mvtec_e3b4a4cefa209065,0,,good
mvtec_8adb76aa8b705d2c,0,,good
mvtec_012d3820fac8cef9,0,,good
mvtec_1fae1bfb9a11851e,0,,good
mvtec_8a0cbfdc42856eba,0,,good
mvtec_15e884a57e1ff7ef,0,,good
mvtec_c02abe1f0046ad1b,0,,good
mvtec_506e2a815443ef62,0,,good
mvtec_00ed813c405d3e4d,0,,good
mvtec_6f797bf1addaba73,0,,good
mvtec_c9bac995831a1cbb,0,,good
mvtec_b9da659596388bb1,0,,good
mvtec_a2939c9c77980b29,0,,good
mvtec_98bf831816c8ab6a,0,,good
mvtec_fc8e6b243a6f102f,0,,good
mvtec_6abf1896035481e5,0,,good
mvtec_d1038245a3719607,0,,good
mvtec_3018f3245c094f1d,0,,good
mvtec_0efd115479aa1fb1,0,,good
mvtec_415e4ac9c83e11ed,0,,good
mvtec_42bb1dca021e719f,0,,good
mvtec_77fa2b66d6cc41a2,0,,good
mvtec_4b23713ab8dcec81,0,,good
mvtec_ac67b64c757345fa,0,,good
mvtec_8cf286a9e5e2f9e2,0,,good
mvtec_14d8e871bbebb5db,0,,good
mvtec_501703a78d02ee51,0,,good
mvtec_32ebdff1dbf72b0e,0,,good
mvtec_704f71c4120ba250,0,,good
mvtec_98b73703e210c77f,0,,good
mvtec_8456471cade30a70,0,,good
mvtec_8945fe5d816f918f,0,,good
mvtec_37e6e40c7472ee39,0,,good
mvtec_2963e1314df2a31c,0,,good
mvtec_c215cda6db88f2a0,0,,good
mvtec_c15d648fbabebf6a,0,,good
mvtec_76dbb75a8272ede8,0,,good
mvtec_f1d7e034214986d3,0,,good
mvtec_0d52df4e11c3ac6d,0,,good
mvtec_d6f400bb87808e61,0,,good
mvtec_b4352d6bd6504c43,0,,good
mvtec_c92de73003165a2b,0,,good
mvtec_6a9cfb045d457e53,0,,good
mvtec_421a780e1cdd1a04,0,,good
mvtec_6f316ca448e150aa,0,,good
mvtec_2cfd7fa22e6de205,0,,good
mvtec_9611d73a32202a36,0,,good
mvtec_f6d32eb74bcc5bbf,0,,good
mvtec_f4762261b49bf4a5,0,,good
mvtec_5d5d0729158ebd57,0,,good
mvtec_c016866e1df924a6,0,,good
mvtec_73a583c2552f0086,0,,good
mvtec_d4b9a7939e3f44df,0,,good
mvtec_0b25526bd09b57f4,0,,good
mvtec_80d7b78559b0289e,0,,good
mvtec_8c1c9de0a8350ae5,0,,good
mvtec_8155f7f02eec53f7,0,,good
mvtec_95b886c05a0e3a88,0,,good
mvtec_ba031aabad1c21f5,0,,good
mvtec_9aafbd5573c4c542,0,,good
mvtec_8a55f97ea4756a3b,0,,good
mvtec_210dbcfef2c8e331,0,,good
mvtec_e8a63ac10221bf97,0,,good
mvtec_558413057299b90b,0,,good
mvtec_75c5ec9ce82ff61f,0,,good
mvtec_bc76800f1c9bdd1a,0,,good
mvtec_16dd2e89a6cfd5bb,0,,good
mvtec_da14d82f298be5dd,0,,good
mvtec_475dbcfe17eb1b2d,0,,good
mvtec_cd1db02fa08f4173,0,,good
mvtec_38bafa012415ac49,0,,good
mvtec_88c9cc7c92d4ac72,0,,good
mvtec_a2b09869efdc2cea,0,,good
mvtec_cf3fdf26f0925c66,0,,good
mvtec_8d117b1cacb473ae,0,,good
mvtec_7b46ee09a6df3b91,0,,good
mvtec_cecd9d0176f30f2b,0,,good
mvtec_b1d3dda777f34af5,0,,good
mvtec_b798a64db980986f,0,,good
mvtec_29659c52fec3b5e4,0,,good
mvtec_7816e5abcc25c334,0,,good
mvtec_3a33fe230c96aa15,0,,good
mvtec_d35e34fb29af8a75,0,,good
mvtec_8d60ea2d870021c5,0,,good
mvtec_9616e38d408d8ffa,0,,good
mvtec_825dccdbb1d5c1f2,0,,good
mvtec_f6723995a8b0440d,0,,good
mvtec_a714122cfb31fe0e,0,,good
mvtec_eb7f5102d127e623,0,,good
mvtec_f59ca25ae1e458cb,0,,good
mvtec_9d38d7120a6299af,0,,good
mvtec_e4b8252937b16153,0,,good
mvtec_6a36f1cf6823b2d3,0,,good
mvtec_3741d804bbba4913,0,,good
mvtec_645266df1a2fd5d7,0,,good
mvtec_d957e94e1318f7f4,0,,good
mvtec_df6fcfeaa9a5c76d,0,,good
mvtec_4acc804ff7b8581a,0,,good
mvtec_29dfd62be0f21702,0,,good
mvtec_07a74487bd98b697,0,,good
mvtec_061b07fa6261a1c5,0,,good
mvtec_d1c4ef9833e1348d,0,,good
mvtec_b37f117b39901641,0,,good
mvtec_32ee6a6f0b9638fc,0,,good
mvtec_cbcbba7b28c0b0e1,0,,good
mvtec_11272623bdf84acb,0,,good
mvtec_99f0710656f3dab7,0,,good
mvtec_35d20caf6d60fd7b,0,,good
mvtec_03b8cbf6d0bfb696,0,,good
mvtec_70df45f7552f8e3e,0,,good
mvtec_b8f95e8407d09937,0,,good
mvtec_936fd57469c1e517,0,,good
mvtec_cd59e2135e51257b,0,,good
mvtec_4a54c2983f8e65d2,0,,good
mvtec_37ab6704d3fc2cfe,0,,good
mvtec_a057d8b5bb9add15,0,,good
mvtec_efa652bdbeaa67a7,0,,good
mvtec_7ff6319586c9290f,0,,good
mvtec_309c80b6184257ea,0,,good
mvtec_15bfb071831f4f29,0,,good
mvtec_d61f7999496b635d,0,,good
mvtec_1c0ad0819b7fa95b,0,,good
mvtec_e6a42efb02f4d72e,0,,good
mvtec_255f97b1b5b00bac,0,,good
mvtec_f4e9afc931a9297f,0,,good
mvtec_854190d210add545,0,,good
mvtec_99f1bd16547abe26,0,,good
mvtec_470c9d0c23dd4dfc,0,,good
mvtec_39aab394e8d44a5a,0,,good
mvtec_412a8f0bcd03f3ed,0,,good
mvtec_8d89c2eb22886bae,0,,good
mvtec_0f34c13406a04648,0,,good
mvtec_59d16381e02dca60,0,,good
mvtec_8d6f8145d4e7dd0d,0,,good
mvtec_f2b4794206298997,0,,good
mvtec_44c440f6f8e141c6,0,,good
mvtec_95d624f111032e8e,0,,good
mvtec_56916177447d5cfe,0,,good
mvtec_032c5fd37f1462f6,0,,good
mvtec_edc47d12376d9207,0,,good
mvtec_6001d576faa9193a,0,,good
mvtec_9c2ea725321363e9,0,,good
mvtec_29a3df1a5160cd26,0,,good
mvtec_46e2022cbbc35b3f,0,,good
mvtec_f83c86655f08df75,0,,good
mvtec_dcf3e9119e108473,0,,good
mvtec_965e6a7b319c4589,0,,good
mvtec_7e8dd091a6085e36,0,,good
mvtec_7e4ff97922bb1ab6,0,,good
mvtec_9c306f3289f1f25d,0,,good
mvtec_61e600b4b518ffe3,0,,good
mvtec_2da5553d3df9d828,0,,good
mvtec_f691b1eb7c437084,0,,good
mvtec_e344c602e389c58b,0,,good
mvtec_8ffa26444a4443f4,0,,good
mvtec_f461a7770fec4ef7,0,,good
mvtec_2a8bdf4c4965da22,0,,good
mvtec_3428b13e4894677c,0,,good
mvtec_7d95a374596f6437,0,,good
mvtec_b1cb9cb82941e9c4,0,,good
mvtec_38c7bdfff9ea8d5a,0,,good
mvtec_e3cfb9729bab4ee2,0,,good
mvtec_88d045f5319eeeb9,0,,good
mvtec_b43893b0b33558e5,0,,good
mvtec_870eb69f6f6b7845,0,,good
mvtec_c35b54bdce196726,0,,good
mvtec_c0e7e9ac8a6eb168,0,,good
mvtec_10e0c5fa7615a5b4,0,,good
mvtec_43688536d20bbb99,0,,good
mvtec_cf9840d575ca7811,0,,good
mvtec_d64b32cf2904a4c4,0,,good
mvtec_5744776b844ccdc5,0,,good
mvtec_8c67dcfe38c02393,0,,good
mvtec_4c6ead98c02e15fb,0,,good
mvtec_79a83e46972ec554,0,,good
mvtec_b6c8ea33c98ad952,0,,good
mvtec_be39de81b60c7b0d,0,,good
mvtec_88259b741cc82796,0,,good
mvtec_303aafa27a547eec,0,,good
mvtec_71ab7c55993dd765,0,,good
mvtec_c628faf260ba187a,0,,good
mvtec_e0c8ab4c3445e4ac,0,,good
mvtec_0b4cab811eefb767,0,,good
mvtec_d1907d23da6aecdb,0,,good
mvtec_607864335d35f0c5,0,,good
mvtec_5dc582ed098d5dac,0,,good
mvtec_922b08ec7a78b1f9,0,,good
mvtec_67ff8551f7f71532,0,,good
mvtec_43d0531abd2c8254,0,,good
mvtec_46087a9fd325e6fb,0,,good
mvtec_d0ee416597337132,0,,good
mvtec_dc731980d8c36304,0,,good
mvtec_6a4d36f74e46dac0,0,,good
mvtec_cf90ca9cf3d21a58,0,,good
mvtec_bdc098a237470c13,0,,good
mvtec_a93e89db43aeae28,0,,good
mvtec_2dea4ac0f266eed9,0,,good
mvtec_cf762e7769d33740,0,,good
mvtec_cc3d151901cdc1e0,0,,good
mvtec_47a8bde3fa2206a5,0,,good
mvtec_6c66ed0d8993f8a8,0,,good
mvtec_0898c287691af89d,0,,good
mvtec_00843b2802cc5ce8,0,,good
mvtec_47bc781785c91e89,0,,good
mvtec_f93330f42d749e81,0,,good
mvtec_dda93b905c8661fa,0,,good
mvtec_dcf0a926ca574cda,0,,good
mvtec_d0b6b0587e2baa42,0,,good
mvtec_7b09c0e4bcb597cb,0,,good
mvtec_e216470ccea074a9,0,,good
mvtec_c91d47888dbf86b4,0,,good
mvtec_5f0cac116703314d,0,,good
mvtec_7966ebc2ab8a88d0,0,,good
mvtec_4a3874fb102433e5,0,,good
mvtec_d9af3d088bfccf03,0,,good
mvtec_4984831390611a14,0,,good
mvtec_811b1136d287fa33,0,,good
mvtec_8e7a2003de536075,0,,good
mvtec_a7d6064a3110bf9e,0,,good
mvtec_6d2c509c100b0204,0,,good
mvtec_49b0de593594c24b,0,,good
mvtec_8b9be7c282e36e60,0,,good
mvtec_5ddb903686ba4e1d,0,,good
mvtec_80a7f665774fc34e,0,,good
mvtec_08816ef0c0f11ade,0,,good
mvtec_a264b6920527e01a,0,,good
mvtec_e5f672adb766ef49,0,,good
mvtec_45595c8fd5699932,0,,good
mvtec_a2e4bb8bdf672981,0,,good
mvtec_64d9aefb9edebe64,0,,good
mvtec_504c627dc2242239,0,,good
mvtec_7b782ef2ce804694,0,,good
mvtec_a9ea98467a481eb2,0,,good
mvtec_1cdbfa911558e2ee,0,,good
mvtec_fc38560aaf96b871,0,,good
mvtec_8b8fab672bedde1f,0,,good
mvtec_ca8f3ff3c9ab3956,0,,good
mvtec_402f047598bf4ea5,0,,good
mvtec_6d1e14c1fd6eb9e8,0,,good
mvtec_47d1ab2f7f625e77,0,,good
mvtec_42db673dd5055734,0,,good
mvtec_d6a895c1b5bc50fd,0,,good
mvtec_3dece869c5dca688,0,,good
mvtec_423b7ba5260eb010,0,,good
mvtec_dc909b21d4a5de3d,0,,good
mvtec_994bb759745b0d33,0,,good
mvtec_963a37d02606b3be,0,,good
mvtec_5c4310f7cc6c2251,0,,good
mvtec_8981330689716d50,0,,good
mvtec_6de4c686e950c2b7,0,,good
mvtec_627b4542fda78c8c,0,,good
mvtec_8cb0c5ff457fa376,0,,good
mvtec_df4a92a94932f9a2,0,,good
mvtec_b689d53026687954,0,,good
mvtec_9189edc3547efd47,0,,good
mvtec_0f552b019b7f0aff,0,,good
mvtec_9f43913a8ba3786c,0,,good
mvtec_8cdf08daa5716675,0,,good
mvtec_33da6a2e8dce2bc3,0,,good
mvtec_6592789dfdee95e4,1,/data/gauss/ldh/myDatasets/mvtec_anomaly_detection/cable/ground_truth/bent_wire/000_mask.png,bent_wire
mvtec_78441adcf7586391,1,/data/gauss/ldh/myDatasets/mvtec_anomaly_detection/cable/ground_truth/bent_wire/001_mask.png,bent_wire
mvtec_c74dba762ad6349b,1,/data/gauss/ldh/myDatasets/mvtec_anomaly_detection/cable/ground_truth/bent_wire/002_mask.png,bent_wire
mvtec_92c338accff07204,1,/data/gauss/ldh/myDatasets/mvtec_anomaly_detection/cable/ground_truth/bent_wire/003_mask.png,bent_wire
mvtec_f9be473f09f25988,1,/data/gauss/ldh/myDatasets/mvtec_anomaly_detection/cable/ground_truth/bent_wire/004_mask.png,bent_wire
mvtec_ea49a92b99e92e37,1,/data/gauss/ldh/myDatasets/mvtec_anomaly_detection/cable/ground_truth/bent_wire/005_mask.png,bent_wire
mvtec_0918ae78b916bf9d,1,/data/gauss/ldh/myDatasets/mvtec_anomaly_detection/cable/ground_truth/bent_wire/006_mask.png,bent_wire
mvtec_4db243f5a55ffb98,1,/data/gauss/ldh/myDatasets/mvtec_anomaly_detection/cable/ground_truth/bent_wire/007_mask.png,bent_wire
mvtec_85684839616fde4c,1,/data/gauss/ldh/myDatasets/mvtec_anomaly_detection/cable/ground_truth/bent_wire/008_mask.png,bent_wire
mvtec_1c52be1eba29b77d,1,/data/gauss/ldh/myDatasets/mvtec_anomaly_detection/cable/ground_truth/bent_wire/009_mask.png,bent_wire
mvtec_baaa58daa16c595e,1,/data/gauss/ldh/myDatasets/mvtec_anomaly_detection/cable/ground_truth/bent_wire/010_mask.png,bent_wire
mvtec_42ff6f1ef95254a0,1,/data/gauss/ldh/myDatasets/mvtec_anomaly_detection/cable/ground_truth/bent_wire/011_mask.png,bent_wire
mvtec_ed301aab677587a5,1,/data/gauss/ldh/myDatasets/mvtec_anomaly_detection/cable/ground_truth/bent_wire/012_mask.png,bent_wire
mvtec_6f43fc405cb2b3c1,1,/data/gauss/ldh/myDatasets/mvtec_anomaly_detection/cable/ground_truth/cable_swap/000_mask.png,cable_swap
mvtec_a12fe22d00228531,1,/data/gauss/ldh/myDatasets/mvtec_anomaly_detection/cable/ground_truth/cable_swap/001_mask.png,cable_swap
mvtec_a95e9d0f567e74a0,1,/data/gauss/ldh/myDatasets/mvtec_anomaly_detection/cable/ground_truth/cable_swap/002_mask.png,cable_swap
mvtec_7c118141d360b051,1,/data/gauss/ldh/myDatasets/mvtec_anomaly_detection/cable/ground_truth/cable_swap/003_mask.png,cable_swap
mvtec_e522befffaf1f1c4,1,/data/gauss/ldh/myDatasets/mvtec_anomaly_detection/cable/ground_truth/cable_swap/004_mask.png,cable_swap
mvtec_709d3408f0923116,1,/data/gauss/ldh/myDatasets/mvtec_anomaly_detection/cable/ground_truth/cable_swap/005_mask.png,cable_swap
mvtec_ca366fa90420c1d3,1,/data/gauss/ldh/myDatasets/mvtec_anomaly_detection/cable/ground_truth/cable_swap/006_mask.png,cable_swap
mvtec_22cdfc03bd1bc344,1,/data/gauss/ldh/myDatasets/mvtec_anomaly_detection/cable/ground_truth/cable_swap/007_mask.png,cable_swap
mvtec_e13f77df186f4793,1,/data/gauss/ldh/myDatasets/mvtec_anomaly_detection/cable/ground_truth/cable_swap/008_mask.png,cable_swap
mvtec_2bfcfb103b457e94,1,/data/gauss/ldh/myDatasets/mvtec_anomaly_detection/cable/ground_truth/cable_swap/009_mask.png,cable_swap
mvtec_5e093a6f53703bbb,1,/data/gauss/ldh/myDatasets/mvtec_anomaly_detection/cable/ground_truth/cable_swap/010_mask.png,cable_swap
mvtec_2c23d31baac0c6bb,1,/data/gauss/ldh/myDatasets/mvtec_anomaly_detection/cable/ground_truth/cable_swap/011_mask.png,cable_swap
mvtec_0019569ad411d4c2,1,/data/gauss/ldh/myDatasets/mvtec_anomaly_detection/cable/ground_truth/combined/000_mask.png,combined
mvtec_5b1d166e7a457619,1,/data/gauss/ldh/myDatasets/mvtec_anomaly_detection/cable/ground_truth/combined/001_mask.png,combined
mvtec_d1ed5f7c39e6dddd,1,/data/gauss/ldh/myDatasets/mvtec_anomaly_detection/cable/ground_truth/combined/002_mask.png,combined
mvtec_2d512c06ee722cdd,1,/data/gauss/ldh/myDatasets/mvtec_anomaly_detection/cable/ground_truth/combined/003_mask.png,combined
mvtec_855f4b6729860450,1,/data/gauss/ldh/myDatasets/mvtec_anomaly_detection/cable/ground_truth/combined/004_mask.png,combined
mvtec_21fdde32da9fa52d,1,/data/gauss/ldh/myDatasets/mvtec_anomaly_detection/cable/ground_truth/combined/005_mask.png,combined
mvtec_49a2d769b365d3e9,1,/data/gauss/ldh/myDatasets/mvtec_anomaly_detection/cable/ground_truth/combined/006_mask.png,combined
mvtec_ee9ea48a3abcbbf8,1,/data/gauss/ldh/myDatasets/mvtec_anomaly_detection/cable/ground_truth/combined/007_mask.png,combined
mvtec_d74d108d1e887bcc,1,/data/gauss/ldh/myDatasets/mvtec_anomaly_detection/cable/ground_truth/combined/008_mask.png,combined
mvtec_2b511548e32bbc65,1,/data/gauss/ldh/myDatasets/mvtec_anomaly_detection/cable/ground_truth/combined/009_mask.png,combined
mvtec_4d7db6151e3f3343,1,/data/gauss/ldh/myDatasets/mvtec_anomaly_detection/cable/ground_truth/combined/010_mask.png,combined
mvtec_e985b2f560ef926f,1,/data/gauss/ldh/myDatasets/mvtec_anomaly_detection/cable/ground_truth/cut_inner_insulation/000_mask.png,cut_inner_insulation
mvtec_124b325a3484f0d2,1,/data/gauss/ldh/myDatasets/mvtec_anomaly_detection/cable/ground_truth/cut_inner_insulation/001_mask.png,cut_inner_insulation
mvtec_1ab59e404f26aefd,1,/data/gauss/ldh/myDatasets/mvtec_anomaly_detection/cable/ground_truth/cut_inner_insulation/002_mask.png,cut_inner_insulation
mvtec_cfb28c2382da8c59,1,/data/gauss/ldh/myDatasets/mvtec_anomaly_detection/cable/ground_truth/cut_inner_insulation/003_mask.png,cut_inner_insulation
mvtec_7b9aeae21152d49e,1,/data/gauss/ldh/myDatasets/mvtec_anomaly_detection/cable/ground_truth/cut_inner_insulation/004_mask.png,cut_inner_insulation
mvtec_68f4d925db08f6f0,1,/data/gauss/ldh/myDatasets/mvtec_anomaly_detection/cable/ground_truth/cut_inner_insulation/005_mask.png,cut_inner_insulation
mvtec_267674f96f011b60,1,/data/gauss/ldh/myDatasets/mvtec_anomaly_detection/cable/ground_truth/cut_inner_insulation/006_mask.png,cut_inner_insulation
mvtec_d20aac7638c4252a,1,/data/gauss/ldh/myDatasets/mvtec_anomaly_detection/cable/ground_truth/cut_inner_insulation/007_mask.png,cut_inner_insulation
mvtec_ab9ddb8f363ffdd6,1,/data/gauss/ldh/myDatasets/mvtec_anomaly_detection/cable/ground_truth/cut_inner_insulation/008_mask.png,cut_inner_insulation
mvtec_145ddf35d684864f,1,/data/gauss/ldh/myDatasets/mvtec_anomaly_detection/cable/ground_truth/cut_inner_insulation/009_mask.png,cut_inner_insulation
mvtec_89032ee64785955f,1,/data/gauss/ldh/myDatasets/mvtec_anomaly_detection/cable/ground_truth/cut_inner_insulation/010_mask.png,cut_inner_insulation
mvtec_ce4a13e7903ebbea,1,/data/gauss/ldh/myDatasets/mvtec_anomaly_detection/cable/ground_truth/cut_inner_insulation/011_mask.png,cut_inner_insulation
mvtec_5e7ed377272d4f43,1,/data/gauss/ldh/myDatasets/mvtec_anomaly_detection/cable/ground_truth/cut_inner_insulation/012_mask.png,cut_inner_insulation
mvtec_5f2a2ad85b369f35,1,/data/gauss/ldh/myDatasets/mvtec_anomaly_detection/cable/ground_truth/cut_inner_insulation/013_mask.png,cut_inner_insulation
mvtec_afbd76e962b51b74,1,/data/gauss/ldh/myDatasets/mvtec_anomaly_detection/cable/ground_truth/cut_outer_insulation/000_mask.png,cut_outer_insulation
mvtec_602e5b4c9457b96e,1,/data/gauss/ldh/myDatasets/mvtec_anomaly_detection/cable/ground_truth/cut_outer_insulation/001_mask.png,cut_outer_insulation
mvtec_a612c2bdc833d3fa,1,/data/gauss/ldh/myDatasets/mvtec_anomaly_detection/cable/ground_truth/cut_outer_insulation/002_mask.png,cut_outer_insulation
mvtec_dedd8926552cf58d,1,/data/gauss/ldh/myDatasets/mvtec_anomaly_detection/cable/ground_truth/cut_outer_insulation/003_mask.png,cut_outer_insulation
mvtec_80d12eb59da80054,1,/data/gauss/ldh/myDatasets/mvtec_anomaly_detection/cable/ground_truth/cut_outer_insulation/004_mask.png,cut_outer_insulation
mvtec_5346e36b44b61acd,1,/data/gauss/ldh/myDatasets/mvtec_anomaly_detection/cable/ground_truth/cut_outer_insulation/005_mask.png,cut_outer_insulation
mvtec_f1e18fedb3670588,1,/data/gauss/ldh/myDatasets/mvtec_anomaly_detection/cable/ground_truth/cut_outer_insulation/006_mask.png,cut_outer_insulation
mvtec_641ed4376d49c0b3,1,/data/gauss/ldh/myDatasets/mvtec_anomaly_detection/cable/ground_truth/cut_outer_insulation/007_mask.png,cut_outer_insulation
mvtec_82201281f3d775fc,1,/data/gauss/ldh/myDatasets/mvtec_anomaly_detection/cable/ground_truth/cut_outer_insulation/008_mask.png,cut_outer_insulation
mvtec_dc7c4498ce165d31,1,/data/gauss/ldh/myDatasets/mvtec_anomaly_detection/cable/ground_truth/cut_outer_insulation/009_mask.png,cut_outer_insulation
mvtec_3333318438162f55,1,/data/gauss/ldh/myDatasets/mvtec_anomaly_detection/cable/ground_truth/missing_cable/000_mask.png,missing_cable
mvtec_f94840c28a17fc3a,1,/data/gauss/ldh/myDatasets/mvtec_anomaly_detection/cable/ground_truth/missing_cable/001_mask.png,missing_cable
mvtec_33725f5275c35a90,1,/data/gauss/ldh/myDatasets/mvtec_anomaly_detection/cable/ground_truth/missing_cable/002_mask.png,missing_cable
mvtec_1de3c8c51ced88b2,1,/data/gauss/ldh/myDatasets/mvtec_anomaly_detection/cable/ground_truth/missing_cable/003_mask.png,missing_cable
mvtec_3e02ad8e57d4fefd,1,/data/gauss/ldh/myDatasets/mvtec_anomaly_detection/cable/ground_truth/missing_cable/004_mask.png,missing_cable
mvtec_c3db40155eec6f98,1,/data/gauss/ldh/myDatasets/mvtec_anomaly_detection/cable/ground_truth/missing_cable/005_mask.png,missing_cable
mvtec_fe41da6674abc53f,1,/data/gauss/ldh/myDatasets/mvtec_anomaly_detection/cable/ground_truth/missing_cable/006_mask.png,missing_cable
mvtec_8ce347ce5d8d5145,1,/data/gauss/ldh/myDatasets/mvtec_anomaly_detection/cable/ground_truth/missing_cable/007_mask.png,missing_cable
mvtec_5af2503fefb3a23c,1,/data/gauss/ldh/myDatasets/mvtec_anomaly_detection/cable/ground_truth/missing_cable/008_mask.png,missing_cable
mvtec_5fef68bdd0beb92e,1,/data/gauss/ldh/myDatasets/mvtec_anomaly_detection/cable/ground_truth/missing_cable/009_mask.png,missing_cable
mvtec_bb7494bf194be4f9,1,/data/gauss/ldh/myDatasets/mvtec_anomaly_detection/cable/ground_truth/missing_cable/010_mask.png,missing_cable
mvtec_28c170c697d12d6f,1,/data/gauss/ldh/myDatasets/mvtec_anomaly_detection/cable/ground_truth/missing_cable/011_mask.png,missing_cable
mvtec_5767db17693a21f6,1,/data/gauss/ldh/myDatasets/mvtec_anomaly_detection/cable/ground_truth/missing_wire/000_mask.png,missing_wire
mvtec_4b842eed041a5352,1,/data/gauss/ldh/myDatasets/mvtec_anomaly_detection/cable/ground_truth/missing_wire/001_mask.png,missing_wire
mvtec_a819499a9ad5c727,1,/data/gauss/ldh/myDatasets/mvtec_anomaly_detection/cable/ground_truth/missing_wire/002_mask.png,missing_wire
mvtec_b7d27d009e7b8a8a,1,/data/gauss/ldh/myDatasets/mvtec_anomaly_detection/cable/ground_truth/missing_wire/003_mask.png,missing_wire
mvtec_6ade4014a8c406d3,1,/data/gauss/ldh/myDatasets/mvtec_anomaly_detection/cable/ground_truth/missing_wire/004_mask.png,missing_wire
mvtec_9c37f65321c6f97b,1,/data/gauss/ldh/myDatasets/mvtec_anomaly_detection/cable/ground_truth/missing_wire/005_mask.png,missing_wire
mvtec_41889610568f6048,1,/data/gauss/ldh/myDatasets/mvtec_anomaly_detection/cable/ground_truth/missing_wire/006_mask.png,missing_wire
mvtec_bcc5a64dbbb52b22,1,/data/gauss/ldh/myDatasets/mvtec_anomaly_detection/cable/ground_truth/missing_wire/007_mask.png,missing_wire
mvtec_fb7df3ef6b8e011f,1,/data/gauss/ldh/myDatasets/mvtec_anomaly_detection/cable/ground_truth/missing_wire/008_mask.png,missing_wire
mvtec_9e4e266a237fae60,1,/data/gauss/ldh/myDatasets/mvtec_anomaly_detection/cable/ground_truth/missing_wire/009_mask.png,missing_wire
mvtec_afcff4a25edfaa58,1,/data/gauss/ldh/myDatasets/mvtec_anomaly_detection/cable/ground_truth/poke_insulation/000_mask.png,poke_insulation
mvtec_19c65377aa733424,1,/data/gauss/ldh/myDatasets/mvtec_anomaly_detection/cable/ground_truth/poke_insulation/001_mask.png,poke_insulation
mvtec_e5148d27162cc613,1,/data/gauss/ldh/myDatasets/mvtec_anomaly_detection/cable/ground_truth/poke_insulation/002_mask.png,poke_insulation
mvtec_76c0a82b4659912f,1,/data/gauss/ldh/myDatasets/mvtec_anomaly_detection/cable/ground_truth/poke_insulation/003_mask.png,poke_insulation
mvtec_c549bf499eb8f9b3,1,/data/gauss/ldh/myDatasets/mvtec_anomaly_detection/cable/ground_truth/poke_insulation/004_mask.png,poke_insulation
mvtec_964bfbb52a163c81,1,/data/gauss/ldh/myDatasets/mvtec_anomaly_detection/cable/ground_truth/poke_insulation/005_mask.png,poke_insulation
mvtec_92c288d415eb64f4,1,/data/gauss/ldh/myDatasets/mvtec_anomaly_detection/cable/ground_truth/poke_insulation/006_mask.png,poke_insulation
mvtec_23a3683d94531b82,1,/data/gauss/ldh/myDatasets/mvtec_anomaly_detection/cable/ground_truth/poke_insulation/007_mask.png,poke_insulation
mvtec_6940299612682b56,1,/data/gauss/ldh/myDatasets/mvtec_anomaly_detection/cable/ground_truth/poke_insulation/008_mask.png,poke_insulation
mvtec_6c84e4cc129cfc68,1,/data/gauss/ldh/myDatasets/mvtec_anomaly_detection/cable/ground_truth/poke_insulation/009_mask.png,poke_insulation
mvtec_bec0d0040b318d1b,0,,good
mvtec_175aa170edc41504,0,,good
mvtec_c8756518700a729a,0,,good
mvtec_4e8d03a64fe01737,0,,good
mvtec_6be0379fb8b6fa16,0,,good
mvtec_eb50bbaced38efc7,0,,good
mvtec_fd07d7f82c8d6323,0,,good
mvtec_d812752d9a77fd84,0,,good
mvtec_635ca46eab5e5677,0,,good
mvtec_bd39aa7358aeda52,0,,good
mvtec_60429c81c901508a,0,,good
mvtec_2cbf04b7423d246e,0,,good
mvtec_01b6d309cc0cb4e2,0,,good
mvtec_3f5aa3d6446e3c1c,0,,good
mvtec_eadaf6c46543bd6f,0,,good
mvtec_7c4eaca641933fcf,0,,good
mvtec_accdce0a19d527b2,0,,good
mvtec_2f65be8a8c6930ee,0,,good
mvtec_d4dd725f0f037463,0,,good
mvtec_fcc41c7833d25044,0,,good
mvtec_9a75f63a2d93ad9a,0,,good
mvtec_683e1c2202e55286,0,,good
mvtec_ea00f68ab604de62,0,,good
mvtec_6bc01e4e25536b1d,0,,good
mvtec_c0258820ab06ae09,0,,good
mvtec_26943aa195cb440f,0,,good
mvtec_654a4e55ab30ec4b,0,,good
mvtec_785e88240d0122ff,0,,good
mvtec_b76de6ab0cef30af,0,,good
mvtec_4a1af4079bb808bd,0,,good
mvtec_b374ba319ef98010,0,,good
mvtec_cc827a53c7a2ed3f,0,,good
mvtec_9580d856edc354b7,0,,good
mvtec_6852cf7431c9f0cd,0,,good
mvtec_4072cd094157e26b,0,,good
mvtec_8fc31c2e74bd1a87,0,,good
mvtec_9c3877f0d29968af,0,,good
mvtec_e554ffc18f26aaa0,0,,good
mvtec_494d1cab478b9c15,0,,good
mvtec_bc09f6b4fdca05e4,0,,good
mvtec_696622451c8a8cb5,0,,good
mvtec_d0e1e0bb33bc2557,0,,good
mvtec_58744d27a54ee4b0,0,,good
mvtec_916733275df516b2,0,,good
mvtec_feb83da60122cb40,0,,good
mvtec_d0e77a66ac1773d8,0,,good
mvtec_6039b957a8e5db01,0,,good
mvtec_719796404b62a960,0,,good
mvtec_967dd5d613d854ef,0,,good
mvtec_c0af279fcd505fa3,0,,good
mvtec_dfc5254756396c09,0,,good
mvtec_4452797d7316ab2b,0,,good
mvtec_fdd439ad4cd100f8,0,,good
mvtec_5a720c229fe4436b,0,,good
mvtec_cf24b809af064d4e,0,,good
mvtec_b23543ccdc08d5a6,0,,good
mvtec_5e3d17b35575fd6c,0,,good
mvtec_34c99021133919ef,0,,good
mvtec_d5d5242fe6238d40,0,,good
mvtec_d53e0b7de83683fa,0,,good
mvtec_ca0b2ea97bbe02ea,0,,good
mvtec_103b35f52d0382e4,0,,good
mvtec_3c20189e004ec1c1,0,,good
mvtec_002e25e508320cd9,0,,good
mvtec_3c58ec7e16d8c93b,0,,good
mvtec_4b19ff5f0f50c574,0,,good
mvtec_bd26c30670a4e659,0,,good
mvtec_6ebe37971e87d126,0,,good
mvtec_11c8b0106e71c9b7,0,,good
mvtec_fb70ce4dd5da53c8,0,,good
mvtec_5168a9b335772407,0,,good
mvtec_310dd7cd1b14a064,0,,good
mvtec_d503c47ea46a617b,0,,good
mvtec_bc19f2a3d7c5b50c,0,,good
mvtec_f61b5d368f05ec5b,0,,good
mvtec_98f1f4f1099bfe51,0,,good
mvtec_c53f2cf648e4cfae,0,,good
mvtec_26f049da89e3e136,0,,good
mvtec_e60c9fbe62e6356a,0,,good
mvtec_1556deabc2ce4bd7,0,,good
mvtec_454aa6f2937f03b5,0,,good
mvtec_f596e50add91294a,0,,good
mvtec_56fda64f582c27e4,0,,good
mvtec_315c2429e57a1b84,0,,good
mvtec_0c66100256b8169f,0,,good
mvtec_3195135f5d6e5052,0,,good
mvtec_724c0ab8bdfa8d6e,0,,good
mvtec_eeb0a6a8949ebcad,0,,good
mvtec_94425dfee3b0de8a,0,,good
mvtec_a2476b101a689f6d,0,,good
mvtec_1b90a4267ee34ee7,0,,good
mvtec_b7bf35972b3bbe3f,0,,good
mvtec_ac652c1ad739766a,0,,good
mvtec_c8b0dd079a4bc832,0,,good
mvtec_cf19d2356f5bd901,0,,good
mvtec_77d9fe6e2f8b2df3,0,,good
mvtec_351bfbee41f0b5d1,0,,good
mvtec_a94f71fe92c294a0,0,,good
mvtec_355d647809ba8c54,0,,good
mvtec_b106f239d51a65ad,0,,good
mvtec_15d30ed19ba190a9,0,,good
mvtec_6e3f54069d56313b,0,,good
mvtec_c6381090a7459662,0,,good
mvtec_dfdf9f8418125db2,0,,good
mvtec_78e11a6d5b4b56ff,0,,good
mvtec_12fc5d3c9ff35c1c,0,,good
mvtec_6c445d5773f66899,0,,good
mvtec_2c54a1fc2fefc105,0,,good
mvtec_3d72751d6c28ebad,0,,good
mvtec_2eea83cdce5b0a72,0,,good
mvtec_f61bedf3e2a5b282,0,,good
mvtec_8b1c5fa02e28b1c2,0,,good
mvtec_a90dcf6684554b89,0,,good
mvtec_b3596ca59349a032,0,,good
mvtec_b6837568b051e16b,0,,good
mvtec_19c05290f63f3add,0,,good
mvtec_da6d53d260596be0,0,,good
mvtec_fcb259123c0b32af,0,,good
mvtec_c2fa57d9d54cb0d9,0,,good
mvtec_090d1af359bd19e0,0,,good
mvtec_c23bad58df51585f,0,,good
mvtec_44668b3e7afe988c,0,,good
mvtec_b7102eeea1209862,0,,good
mvtec_fcf6f6266f5e2ee7,0,,good
mvtec_b6dd4d7425acb95a,0,,good
mvtec_0926d37d6efe7028,0,,good
mvtec_74901696b0450794,0,,good
mvtec_82348c5de54836ba,0,,good
mvtec_d5a8dc52139c49f4,0,,good
mvtec_d23bef62a594bc0f,0,,good
mvtec_4e50c81b9a7aeb29,0,,good
mvtec_cd83f7de0399b6b4,0,,good
mvtec_f6c4c6b4af3cecb0,0,,good
mvtec_125d3bc0af586962,0,,good
mvtec_0e9d21dd93e850a4,0,,good
mvtec_76406a833b84ebe6,0,,good
mvtec_ce8a6e7d8c255aa2,0,,good
mvtec_d69798075930e89e,0,,good
mvtec_c36516e23c8a9c2b,0,,good
mvtec_8f058dc8fb5686f1,0,,good
mvtec_bf8c435e02d9df9f,0,,good
mvtec_b6c500993a9e627e,0,,good
mvtec_1aa550c807087a51,0,,good
mvtec_f98b30862bfb875a,0,,good
mvtec_7eeb55317103d004,0,,good
mvtec_16ca57ba1034385b,0,,good
mvtec_31848be2c76032f3,0,,good
mvtec_8c2f633b5da0d9b8,0,,good
mvtec_c00a565c4ed033b7,0,,good
mvtec_6d5fbe972b468184,0,,good
mvtec_a826a76e98ce622b,0,,good
mvtec_0d8b01a5ebe40bd8,0,,good
mvtec_24091ede1c7b7c84,0,,good
mvtec_04b04bb34e4b996f,0,,good
mvtec_b0ea657e955e6407,0,,good
mvtec_925639d8b5cfcbad,0,,good
mvtec_4a74a17743989ae4,0,,good
mvtec_db273bdbe3f0fa13,0,,good
mvtec_9e03fac8ac02262e,0,,good
mvtec_244c7db8724a6b7f,0,,good
mvtec_b5bc4ad5a944c652,0,,good
mvtec_73d7df01fe5dbf87,0,,good
mvtec_afaae287b61700c4,0,,good
mvtec_da09e554236d808a,0,,good
mvtec_817066be1df60716,0,,good
mvtec_f79ff8f4df17d39c,0,,good
mvtec_e18b7e74062b47a6,0,,good
mvtec_68aae3f3c2d47b4b,0,,good
mvtec_224f3a9a01226b0c,0,,good
mvtec_5913ed00f5738374,0,,good
mvtec_1c46b99ea260ca07,0,,good
mvtec_bfc590b7e2a3bee7,0,,good
mvtec_830ccf9c2563c888,0,,good
mvtec_5b35646a1c76b11a,0,,good
mvtec_214336398f2f575d,0,,good
mvtec_725df34b3bf6bd2c,0,,good
mvtec_dd0dc286fa5eb804,0,,good
mvtec_397d0596b8dd7d27,0,,good
mvtec_816cfa50e4d89555,0,,good
mvtec_f6d16a979cad87cd,0,,good
mvtec_32c64cb86d831cd7,0,,good
mvtec_fa5db76f6ed1f010,0,,good
mvtec_6f18904e8aeae39e,0,,good
mvtec_bdafcf9b1f785843,0,,good
mvtec_961c91755ff228e5,0,,good
mvtec_7c0822ac31d4a31e,0,,good
mvtec_949ccc9202e6334f,0,,good
mvtec_4e7e300c6dabab97,0,,good
mvtec_5a3dc61903355a95,0,,good
mvtec_045b9e6561f10ad6,0,,good
mvtec_7f15a0b2805ab2fd,0,,good
mvtec_1be48de874b8e1b3,0,,good
mvtec_38acd3ff6c14322a,0,,good
mvtec_d5b1d96788c86b3d,0,,good
mvtec_67041ae88b8e7ab1,0,,good
mvtec_797de3748456e44d,0,,good
mvtec_d21ae12933f3b9f3,0,,good
mvtec_05965f91e05f53f5,0,,good
mvtec_73411ab1c9b39404,0,,good
mvtec_3354162759b4a190,0,,good
mvtec_e51ef2a65acd45db,0,,good
mvtec_c69d3b28d051db96,0,,good
mvtec_49974e9da60179c0,0,,good
mvtec_1a213fc63a323479,0,,good
mvtec_d00e275ee5b6f8ab,0,,good
mvtec_e04296b96723e1ac,0,,good
mvtec_670f3571db44e356,0,,good
mvtec_f4d5d3ed1cd2c4e5,0,,good
mvtec_09b76bf7c1b8f975,0,,good
mvtec_bb6229881b1cfa73,0,,good
mvtec_82f609e0ea6f8dac,0,,good
mvtec_c900a67a10453b42,0,,good
mvtec_1633e7487f587487,0,,good
mvtec_7c76f30b0f00febe,0,,good
mvtec_0b4de15577f1d115,0,,good
mvtec_0a1ea0461deff9a3,0,,good
mvtec_426359ae4afa7a1f,0,,good
mvtec_3f46d7c2bd0e39db,0,,good
mvtec_b2957701485f8665,0,,good
mvtec_e526ef371de83e22,0,,good
mvtec_47fa63adb40f2de3,0,,good
mvtec_d1c415e2a8556e46,0,,good
mvtec_20f32b55dc615cc0,0,,good
mvtec_37afe9ca826a7e4d,0,,good
mvtec_1b9cc6b3e7323da5,0,,good
mvtec_7b4af7fdebccaca4,0,,good
mvtec_b9960b59e98c436d,0,,good
mvtec_9fe58cb72e6b4944,0,,good
mvtec_574ced63a74563d7,0,,good
mvtec_67a732fe02eb4624,0,,good
mvtec_090aed0c95450937,0,,good
mvtec_6db6b31e938953c8,0,,good
mvtec_423566f3aa115649,0,,good
mvtec_094e4abe28b40436,0,,good
mvtec_050d2097db105683,0,,good
mvtec_144027282ecbf10e,0,,good
mvtec_3143ff322bb4b9f2,0,,good
mvtec_b5bddeeac2ca597d,0,,good
mvtec_0427c2c1eeac43b4,0,,good
mvtec_30b3382e1826795f,0,,good
mvtec_06b97c20b90b2cd5,0,,good
mvtec_31bf9d589f45debb,0,,good
mvtec_44250e2a8e1a774f,1,/data/gauss/ldh/myDatasets/mvtec_anomaly_detection/capsule/ground_truth/crack/000_mask.png,crack
mvtec_775ec3eda8e24afc,1,/data/gauss/ldh/myDatasets/mvtec_anomaly_detection/capsule/ground_truth/crack/001_mask.png,crack
mvtec_0bc1951439353893,1,/data/gauss/ldh/myDatasets/mvtec_anomaly_detection/capsule/ground_truth/crack/002_mask.png,crack
mvtec_2ea38f7b3d8eeb31,1,/data/gauss/ldh/myDatasets/mvtec_anomaly_detection/capsule/ground_truth/crack/003_mask.png,crack
mvtec_902a5d900d2c5ca5,1,/data/gauss/ldh/myDatasets/mvtec_anomaly_detection/capsule/ground_truth/crack/004_mask.png,crack
mvtec_14aa55a3e1e53e6d,1,/data/gauss/ldh/myDatasets/mvtec_anomaly_detection/capsule/ground_truth/crack/005_mask.png,crack
mvtec_0242ff3d55308d0b,1,/data/gauss/ldh/myDatasets/mvtec_anomaly_detection/capsule/ground_truth/crack/006_mask.png,crack
mvtec_2a73c2b678257a4b,1,/data/gauss/ldh/myDatasets/mvtec_anomaly_detection/capsule/ground_truth/crack/007_mask.png,crack
mvtec_15edd96490d54b58,1,/data/gauss/ldh/myDatasets/mvtec_anomaly_detection/capsule/ground_truth/crack/008_mask.png,crack
mvtec_e2b17d0746f3d785,1,/data/gauss/ldh/myDatasets/mvtec_anomaly_detection/capsule/ground_truth/crack/009_mask.png,crack
mvtec_74c086b5cd175c89,1,/data/gauss/ldh/myDatasets/mvtec_anomaly_detection/capsule/ground_truth/crack/010_mask.png,crack
mvtec_1a7f540996195e49,1,/data/gauss/ldh/myDatasets/mvtec_anomaly_detection/capsule/ground_truth/crack/011_mask.png,crack
mvtec_5dd6e1ec684fed28,1,/data/gauss/ldh/myDatasets/mvtec_anomaly_detection/capsule/ground_truth/crack/012_mask.png,crack
mvtec_19e1e2073d179709,1,/data/gauss/ldh/myDatasets/mvtec_anomaly_detection/capsule/ground_truth/crack/013_mask.png,crack
mvtec_e5975bfb27478d4e,1,/data/gauss/ldh/myDatasets/mvtec_anomaly_detection/capsule/ground_truth/crack/014_mask.png,crack
mvtec_478063e99f0d1870,1,/data/gauss/ldh/myDatasets/mvtec_anomaly_detection/capsule/ground_truth/crack/015_mask.png,crack
mvtec_8d264fc1250d640a,1,/data/gauss/ldh/myDatasets/mvtec_anomaly_detection/capsule/ground_truth/crack/016_mask.png,crack
mvtec_fbd5e11f43c20dd9,1,/data/gauss/ldh/myDatasets/mvtec_anomaly_detection/capsule/ground_truth/crack/017_mask.png,crack
mvtec_ba1a7d2170cc543a,1,/data/gauss/ldh/myDatasets/mvtec_anomaly_detection/capsule/ground_truth/crack/018_mask.png,crack
mvtec_abe24aadaa27e1f1,1,/data/gauss/ldh/myDatasets/mvtec_anomaly_detection/capsule/ground_truth/crack/019_mask.png,crack
mvtec_8c5606f82a9dab96,1,/data/gauss/ldh/myDatasets/mvtec_anomaly_detection/capsule/ground_truth/crack/020_mask.png,crack
mvtec_82ded7612f67dcc8,1,/data/gauss/ldh/myDatasets/mvtec_anomaly_detection/capsule/ground_truth/crack/021_mask.png,crack
mvtec_fd61c6f9f7e32364,1,/data/gauss/ldh/myDatasets/mvtec_anomaly_detection/capsule/ground_truth/crack/022_mask.png,crack
mvtec_88419cc11935a7f2,1,/data/gauss/ldh/myDatasets/mvtec_anomaly_detection/capsule/ground_truth/faulty_imprint/000_mask.png,faulty_imprint
mvtec_2401cfcb3b7165cf,1,/data/gauss/ldh/myDatasets/mvtec_anomaly_detection/capsule/ground_truth/faulty_imprint/001_mask.png,faulty_imprint
mvtec_bd5d4deff46437f6,1,/data/gauss/ldh/myDatasets/mvtec_anomaly_detection/capsule/ground_truth/faulty_imprint/002_mask.png,faulty_imprint
mvtec_1c3aeeed31056dba,1,/data/gauss/ldh/myDatasets/mvtec_anomaly_detection/capsule/ground_truth/faulty_imprint/003_mask.png,faulty_imprint
mvtec_2c741895a89aacfe,1,/data/gauss/ldh/myDatasets/mvtec_anomaly_detection/capsule/ground_truth/faulty_imprint/004_mask.png,faulty_imprint
mvtec_5c5f745ecffe2736,1,/data/gauss/ldh/myDatasets/mvtec_anomaly_detection/capsule/ground_truth/faulty_imprint/005_mask.png,faulty_imprint
mvtec_3579c1d78657591a,1,/data/gauss/ldh/myDatasets/mvtec_anomaly_detection/capsule/ground_truth/faulty_imprint/006_mask.png,faulty_imprint
mvtec_7220497ccb154710,1,/data/gauss/ldh/myDatasets/mvtec_anomaly_detection/capsule/ground_truth/faulty_imprint/007_mask.png,faulty_imprint
mvtec_7aaf54fe199f9380,1,/data/gauss/ldh/myDatasets/mvtec_anomaly_detection/capsule/ground_truth/faulty_imprint/008_mask.png,faulty_imprint
mvtec_3c8fff2407478481,1,/data/gauss/ldh/myDatasets/mvtec_anomaly_detection/capsule/ground_truth/faulty_imprint/009_mask.png,faulty_imprint
mvtec_12d3b565b9de606e,1,/data/gauss/ldh/myDatasets/mvtec_anomaly_detection/capsule/ground_truth/faulty_imprint/010_mask.png,faulty_imprint
mvtec_e2820537cf04aa10,1,/data/gauss/ldh/myDatasets/mvtec_anomaly_detection/capsule/ground_truth/faulty_imprint/011_mask.png,faulty_imprint
mvtec_0cfa4535172eca6c,1,/data/gauss/ldh/myDatasets/mvtec_anomaly_detection/capsule/ground_truth/faulty_imprint/012_mask.png,faulty_imprint
mvtec_a3bf3eda41aab600,1,/data/gauss/ldh/myDatasets/mvtec_anomaly_detection/capsule/ground_truth/faulty_imprint/013_mask.png,faulty_imprint
mvtec_e739fd111eaafd00,1,/data/gauss/ldh/myDatasets/mvtec_anomaly_detection/capsule/ground_truth/faulty_imprint/014_mask.png,faulty_imprint
mvtec_2389639fb6855fd9,1,/data/gauss/ldh/myDatasets/mvtec_anomaly_detection/capsule/ground_truth/faulty_imprint/015_mask.png,faulty_imprint
mvtec_4c4a603f01b2df0b,1,/data/gauss/ldh/myDatasets/mvtec_anomaly_detection/capsule/ground_truth/faulty_imprint/016_mask.png,faulty_imprint
mvtec_1931307a02c824b8,1,/data/gauss/ldh/myDatasets/mvtec_anomaly_detection/capsule/ground_truth/faulty_imprint/017_mask.png,faulty_imprint
mvtec_1ecbdb2b22b3acf6,1,/data/gauss/ldh/myDatasets/mvtec_anomaly_detection/capsule/ground_truth/faulty_imprint/018_mask.png,faulty_imprint
mvtec_73c31ecab3a2f7b8,1,/data/gauss/ldh/myDatasets/mvtec_anomaly_detection/capsule/ground_truth/faulty_imprint/019_mask.png,faulty_imprint
mvtec_a5000ce9242e1d56,1,/data/gauss/ldh/myDatasets/mvtec_anomaly_detection/capsule/ground_truth/faulty_imprint/020_mask.png,faulty_imprint
mvtec_985f0a7a43cb619e,1,/data/gauss/ldh/myDatasets/mvtec_anomaly_detection/capsule/ground_truth/faulty_imprint/021_mask.png,faulty_imprint
mvtec_b27f8a28ea46d40d,1,/data/gauss/ldh/myDatasets/mvtec_anomaly_detection/capsule/ground_truth/poke/000_mask.png,poke
mvtec_59e73960936390e1,1,/data/gauss/ldh/myDatasets/mvtec_anomaly_detection/capsule/ground_truth/poke/001_mask.png,poke
mvtec_e5b11d80aa68efb5,1,/data/gauss/ldh/myDatasets/mvtec_anomaly_detection/capsule/ground_truth/poke/002_mask.png,poke
mvtec_c8b608cad05f37d2,1,/data/gauss/ldh/myDatasets/mvtec_anomaly_detection/capsule/ground_truth/poke/003_mask.png,poke
mvtec_775e17f700cf4f9e,1,/data/gauss/ldh/myDatasets/mvtec_anomaly_detection/capsule/ground_truth/poke/004_mask.png,poke
mvtec_7b3457056c16cac7,1,/data/gauss/ldh/myDatasets/mvtec_anomaly_detection/capsule/ground_truth/poke/005_mask.png,poke
mvtec_bc5ba1781baeb642,1,/data/gauss/ldh/myDatasets/mvtec_anomaly_detection/capsule/ground_truth/poke/006_mask.png,poke
mvtec_d3a14754c7e312cc,1,/data/gauss/ldh/myDatasets/mvtec_anomaly_detection/capsule/ground_truth/poke/007_mask.png,poke
mvtec_4aebe4e2cae06c63,1,/data/gauss/ldh/myDatasets/mvtec_anomaly_detection/capsule/ground_truth/poke/008_mask.png,poke
mvtec_0acc2ed8e9801d97,1,/data/gauss/ldh/myDatasets/mvtec_anomaly_detection/capsule/ground_truth/poke/009_mask.png,poke
mvtec_6e55cf95f5826a3c,1,/data/gauss/ldh/myDatasets/mvtec_anomaly_detection/capsule/ground_truth/poke/010_mask.png,poke
mvtec_6a61776bc1fbfc25,1,/data/gauss/ldh/myDatasets/mvtec_anomaly_detection/capsule/ground_truth/poke/011_mask.png,poke
mvtec_b05c1e7993655000,1,/data/gauss/ldh/myDatasets/mvtec_anomaly_detection/capsule/ground_truth/poke/012_mask.png,poke
mvtec_763f7e2dc5a46547,1,/data/gauss/ldh/myDatasets/mvtec_anomaly_detection/capsule/ground_truth/poke/013_mask.png,poke
mvtec_48a89dbd6c1d7fc2,1,/data/gauss/ldh/myDatasets/mvtec_anomaly_detection/capsule/ground_truth/poke/014_mask.png,poke
mvtec_ad057392623f9a53,1,/data/gauss/ldh/myDatasets/mvtec_anomaly_detection/capsule/ground_truth/poke/015_mask.png,poke
mvtec_6e142f4777bb3900,1,/data/gauss/ldh/myDatasets/mvtec_anomaly_detection/capsule/ground_truth/poke/016_mask.png,poke
mvtec_cd67074ebee7034c,1,/data/gauss/ldh/myDatasets/mvtec_anomaly_detection/capsule/ground_truth/poke/017_mask.png,poke
mvtec_c5f1204704fb1416,1,/data/gauss/ldh/myDatasets/mvtec_anomaly_detection/capsule/ground_truth/poke/018_mask.png,poke
mvtec_b1f527279cf7a0ee,1,/data/gauss/ldh/myDatasets/mvtec_anomaly_detection/capsule/ground_truth/poke/019_mask.png,poke
mvtec_d1cfe3506e50d006,1,/data/gauss/ldh/myDatasets/mvtec_anomaly_detection/capsule/ground_truth/poke/020_mask.png,poke
mvtec_dbae8e2dc78a7114,1,/data/gauss/ldh/myDatasets/mvtec_anomaly_detection/capsule/ground_truth/scratch/000_mask.png,scratch
mvtec_43ec7b5fe898469c,1,/data/gauss/ldh/myDatasets/mvtec_anomaly_detection/capsule/ground_truth/scratch/001_mask.png,scratch
mvtec_197839a893f09b90,1,/data/gauss/ldh/myDatasets/mvtec_anomaly_detection/capsule/ground_truth/scratch/002_mask.png,scratch
mvtec_8e6a1ba5d83b6362,1,/data/gauss/ldh/myDatasets/mvtec_anomaly_detection/capsule/ground_truth/scratch/003_mask.png,scratch
mvtec_23fada8d43e9c300,1,/data/gauss/ldh/myDatasets/mvtec_anomaly_detection/capsule/ground_truth/scratch/004_mask.png,scratch
mvtec_da9a725f3aced506,1,/data/gauss/ldh/myDatasets/mvtec_anomaly_detection/capsule/ground_truth/scratch/005_mask.png,scratch
mvtec_30b6199c8cba8860,1,/data/gauss/ldh/myDatasets/mvtec_anomaly_detection/capsule/ground_truth/scratch/006_mask.png,scratch
mvtec_8121d0f02a032b30,1,/data/gauss/ldh/myDatasets/mvtec_anomaly_detection/capsule/ground_truth/scratch/007_mask.png,scratch
mvtec_89ae5abeb1190c1e,1,/data/gauss/ldh/myDatasets/mvtec_anomaly_detection/capsule/ground_truth/scratch/008_mask.png,scratch
mvtec_f19e30f27d20d491,1,/data/gauss/ldh/myDatasets/mvtec_anomaly_detection/capsule/ground_truth/scratch/009_mask.png,scratch
mvtec_1cbcc465153a362c,1,/data/gauss/ldh/myDatasets/mvtec_anomaly_detection/capsule/ground_truth/scratch/010_mask.png,scratch
mvtec_6e6e51622e4ca71c,1,/data/gauss/ldh/myDatasets/mvtec_anomaly_detection/capsule/ground_truth/scratch/011_mask.png,scratch
mvtec_658946b7aa722935,1,/data/gauss/ldh/myDatasets/mvtec_anomaly_detection/capsule/ground_truth/scratch/012_mask.png,scratch
mvtec_ffced25a84b1c193,1,/data/gauss/ldh/myDatasets/mvtec_anomaly_detection/capsule/ground_truth/scratch/013_mask.png,scratch
mvtec_d0a213ebbbb28069,1,/data/gauss/ldh/myDatasets/mvtec_anomaly_detection/capsule/ground_truth/scratch/014_mask.png,scratch
mvtec_c7bd67107fe74d9b,1,/data/gauss/ldh/myDatasets/mvtec_anomaly_detection/capsule/ground_truth/scratch/015_mask.png,scratch
mvtec_2e049063c01db3d3,1,/data/gauss/ldh/myDatasets/mvtec_anomaly_detection/capsule/ground_truth/scratch/016_mask.png,scratch
mvtec_836a30af65188f6a,1,/data/gauss/ldh/myDatasets/mvtec_anomaly_detection/capsule/ground_truth/scratch/017_mask.png,scratch
mvtec_92e94ccae1f180a2,1,/data/gauss/ldh/myDatasets/mvtec_anomaly_detection/capsule/ground_truth/scratch/018_mask.png,scratch
mvtec_9f87d93547fc7250,1,/data/gauss/ldh/myDatasets/mvtec_anomaly_detection/capsule/ground_truth/scratch/019_mask.png,scratch
mvtec_2792221bb4047c05,1,/data/gauss/ldh/myDatasets/mvtec_anomaly_detection/capsule/ground_truth/scratch/020_mask.png,scratch
mvtec_a24ccf3fb50716b4,1,/data/gauss/ldh/myDatasets/mvtec_anomaly_detection/capsule/ground_truth/scratch/021_mask.png,scratch
mvtec_ec8b86ae8f22e794,1,/data/gauss/ldh/myDatasets/mvtec_anomaly_detection/capsule/ground_truth/scratch/022_mask.png,scratch
mvtec_bdc8244b3f58273f,1,/data/gauss/ldh/myDatasets/mvtec_anomaly_detection/capsule/ground_truth/squeeze/000_mask.png,squeeze
mvtec_ff5880eb1aa4e909,1,/data/gauss/ldh/myDatasets/mvtec_anomaly_detection/capsule/ground_truth/squeeze/001_mask.png,squeeze
mvtec_9590adb35b29e709,1,/data/gauss/ldh/myDatasets/mvtec_anomaly_detection/capsule/ground_truth/squeeze/002_mask.png,squeeze
mvtec_9de3cfc3698e041c,1,/data/gauss/ldh/myDatasets/mvtec_anomaly_detection/capsule/ground_truth/squeeze/003_mask.png,squeeze
mvtec_8f1304ca138581ec,1,/data/gauss/ldh/myDatasets/mvtec_anomaly_detection/capsule/ground_truth/squeeze/004_mask.png,squeeze
mvtec_1725cc9dbbb2d71d,1,/data/gauss/ldh/myDatasets/mvtec_anomaly_detection/capsule/ground_truth/squeeze/005_mask.png,squeeze
mvtec_ccc7903be77990b4,1,/data/gauss/ldh/myDatasets/mvtec_anomaly_detection/capsule/ground_truth/squeeze/006_mask.png,squeeze
mvtec_284cd33628f7ab41,1,/data/gauss/ldh/myDatasets/mvtec_anomaly_detection/capsule/ground_truth/squeeze/007_mask.png,squeeze
mvtec_487c7029b1fb5fb0,1,/data/gauss/ldh/myDatasets/mvtec_anomaly_detection/capsule/ground_truth/squeeze/008_mask.png,squeeze
mvtec_f35cd69ecb58ac5c,1,/data/gauss/ldh/myDatasets/mvtec_anomaly_detection/capsule/ground_truth/squeeze/009_mask.png,squeeze
mvtec_0eb495012debdde8,1,/data/gauss/ldh/myDatasets/mvtec_anomaly_detection/capsule/ground_truth/squeeze/010_mask.png,squeeze
mvtec_3620d1c2274c90dd,1,/data/gauss/ldh/myDatasets/mvtec_anomaly_detection/capsule/ground_truth/squeeze/011_mask.png,squeeze
mvtec_57fd06e4a939b2c3,1,/data/gauss/ldh/myDatasets/mvtec_anomaly_detection/capsule/ground_truth/squeeze/012_mask.png,squeeze
mvtec_159cc22998975c61,1,/data/gauss/ldh/myDatasets/mvtec_anomaly_detection/capsule/ground_truth/squeeze/013_mask.png,squeeze
mvtec_14a4ef0c5b1bf12b,1,/data/gauss/ldh/myDatasets/mvtec_anomaly_detection/capsule/ground_truth/squeeze/014_mask.png,squeeze
mvtec_e40bb5bae6946656,1,/data/gauss/ldh/myDatasets/mvtec_anomaly_detection/capsule/ground_truth/squeeze/015_mask.png,squeeze
mvtec_620f730f208f9a6f,1,/data/gauss/ldh/myDatasets/mvtec_anomaly_detection/capsule/ground_truth/squeeze/016_mask.png,squeeze
mvtec_20914edc4df455a0,1,/data/gauss/ldh/myDatasets/mvtec_anomaly_detection/capsule/ground_truth/squeeze/017_mask.png,squeeze
mvtec_f0d7743be38e97f8,1,/data/gauss/ldh/myDatasets/mvtec_anomaly_detection/capsule/ground_truth/squeeze/018_mask.png,squeeze
mvtec_693ea429d88f447a,1,/data/gauss/ldh/myDatasets/mvtec_anomaly_detection/capsule/ground_truth/squeeze/019_mask.png,squeeze
mvtec_8403aad0baf58465,0,,good
mvtec_706892ff81a0a3ec,0,,good
mvtec_5ea8b702c7fc2c3a,0,,good
mvtec_31ab9ce8cabff7ad,0,,good
mvtec_7f6b4bec7a30e7bc,0,,good
mvtec_cb4604af0c28f6b7,0,,good
mvtec_9b2cb0409255e21d,0,,good
mvtec_e2c028cb30a379db,0,,good
mvtec_7efd414a667d0fac,0,,good
mvtec_3acca7ba9ab1261e,0,,good
mvtec_a38923b864399521,0,,good
mvtec_b0adc852235cf734,0,,good
mvtec_e958f7d84bd0a625,0,,good
mvtec_f6570f56c03b500d,0,,good
mvtec_1e7e7e2ef3d96553,0,,good
mvtec_438edceb88e59ab5,0,,good
mvtec_2f335a7d13f110aa,0,,good
mvtec_a696be4892ba2f5d,0,,good
mvtec_211997a0cca3d338,0,,good
mvtec_225a36d5a0ac98f7,0,,good
mvtec_c0218e125d980101,0,,good
mvtec_791e5da2b2763a0f,0,,good
mvtec_0eacd2dd4d5ee78b,0,,good
mvtec_e228a7bd75cc8ede,0,,good
mvtec_ba3edd066545b1a1,0,,good
mvtec_29605e13f87aedda,0,,good
mvtec_acad84a027509664,0,,good
mvtec_4d878e2ed2580c5d,0,,good
mvtec_c57d56d2a1461099,0,,good
mvtec_ac5323cce108d1e6,0,,good
mvtec_7bcc013d45621034,0,,good
mvtec_e28e549bef23f001,0,,good
mvtec_788152ddf579b732,0,,good
mvtec_4cc3ccd96fb95758,0,,good
mvtec_9db8e62f05f166d6,0,,good
mvtec_29251122217c4b15,0,,good
mvtec_e710b5c25aa681de,0,,good
mvtec_c9d98717a2a88a0d,0,,good
mvtec_9b5d117db155ef1c,0,,good
mvtec_3b01a368c09db655,0,,good
mvtec_ce27a72aec476e32,0,,good
mvtec_1fa3f148289d7e30,0,,good
mvtec_848e672527bf7ad8,0,,good
mvtec_ebbeae4e2b128a8c,0,,good
mvtec_a214113b3bbbbb64,0,,good
mvtec_c8c18ea054fd5cdf,0,,good
mvtec_4eae9e088d108feb,0,,good
mvtec_73bed855de67b324,0,,good
mvtec_6d38bdefa1f9edd5,0,,good
mvtec_70dacb774accfd58,0,,good
mvtec_e3a118b35e0fe987,0,,good
mvtec_162ea7cbc39a0b86,0,,good
mvtec_f7a6fd57db086461,0,,good
mvtec_9472b097b60d6242,0,,good
mvtec_527fee19311da7a4,0,,good
mvtec_a85e23547730207e,0,,good
mvtec_eef0b122cb289323,0,,good
mvtec_1e43695601a8498c,0,,good
mvtec_93685207088d8c15,0,,good
mvtec_7c70d8c90724b3b4,0,,good
mvtec_af3cdbcbf7d11468,0,,good
mvtec_b653f17a140d4a10,0,,good
mvtec_64bedb9dada44235,0,,good
mvtec_045d615ebfb04cb5,0,,good
mvtec_bd77d6b92b1a1039,0,,good
mvtec_6c60a1c857f933ea,0,,good
mvtec_5823c63e51ce7ad5,0,,good
mvtec_5b671d98709b9b8a,0,,good
mvtec_32b3e602bb91453a,0,,good
mvtec_b0dd85c541f31ae3,0,,good
mvtec_9264e4588bec15ac,0,,good
mvtec_c66accf7506ac81d,0,,good
mvtec_0d301e0566a836c6,0,,good
mvtec_f6b28bc1d6efc805,0,,good
mvtec_8f65f393f13c5446,0,,good
mvtec_b090e8ddf089c9e4,0,,good
mvtec_eb0308a0cd4f3c9a,0,,good
mvtec_146afe906e17aff7,0,,good
mvtec_8dbc3fa8da600f29,0,,good
mvtec_cdec331a6f3f9f3e,0,,good
mvtec_1be94a82c0db69e3,0,,good
mvtec_5810c9eb5907d351,0,,good
mvtec_858bf46ebe8f7abe,0,,good
mvtec_729ac201c7194c28,0,,good
mvtec_39ef301ea6c5d00c,0,,good
mvtec_8f8082a62570dd30,0,,good
mvtec_baaa21313f015ad8,0,,good
mvtec_350f547c380ae43b,0,,good
mvtec_4f9292174c1036f9,0,,good
mvtec_27632afd70f15512,0,,good
mvtec_c512c2a750d63573,0,,good
mvtec_e36c0fd7b1218165,0,,good
mvtec_14a286a3932ec393,0,,good
mvtec_7b6198242dd958f0,0,,good
mvtec_6f7fc50c0fe5da08,0,,good
mvtec_f74a1a214b9ecbd0,0,,good
mvtec_83f1ac63f5c55321,0,,good
mvtec_7be06e8200dec085,0,,good
mvtec_8e53081962620cb3,0,,good
mvtec_bb6b89328c9c78e3,0,,good
mvtec_fb521c97ba9020b7,0,,good
mvtec_0bf3e119b8e694ae,0,,good
mvtec_3b779de67da298ed,0,,good
mvtec_0b9cc8961ee451e5,0,,good
mvtec_1ee39d01773721f8,0,,good
mvtec_ed28744760301ba1,0,,good
mvtec_348acb584d4b0b71,0,,good
mvtec_0e5734b2c85551d8,0,,good
mvtec_d93d73ae36122a96,0,,good
mvtec_73d71fc9dc31deca,0,,good
mvtec_45de3c5e413cfd75,0,,good
mvtec_1265072b93e6b39c,0,,good
mvtec_254d4719cff25918,0,,good
mvtec_db745ce96c072942,0,,good
mvtec_aac1e0fd90619540,0,,good
mvtec_05b7d8a8230468d9,0,,good
mvtec_0b44b3a62f43ab8d,0,,good
mvtec_0fb35968a5b6c1b2,0,,good
mvtec_c87536c246397fa8,0,,good
mvtec_1ca40755f3abc3fc,0,,good
mvtec_0837e056a2f99604,0,,good
mvtec_fd69e13ee5f63f4d,0,,good
mvtec_871ff6cf3741f529,0,,good
mvtec_aaa1defefe50f1f4,0,,good
mvtec_09f79e9e5fa2951f,0,,good
mvtec_702a2fdb71a19dcc,0,,good
mvtec_79a1acb81ba5b481,0,,good
mvtec_4cdc6f40b4ef0c0b,0,,good
mvtec_9d854f3c01a749e4,0,,good
mvtec_6c3512aef79b906a,0,,good
mvtec_0344b68a8a5f60d1,0,,good
mvtec_d16c83867ed6fe77,0,,good
mvtec_c2c892d5c0baa2b8,0,,good
mvtec_d981c5c90dc6c3e1,0,,good
mvtec_80eddeb1b0d5d876,0,,good
mvtec_ebab572581831190,0,,good
mvtec_bcd9d820dc3eb76b,0,,good
mvtec_3a3cf638a2d9d412,0,,good
mvtec_37603b786f88cb52,0,,good
mvtec_0ca1bcaa41c251d2,0,,good
mvtec_c3bec96c8f7310d2,0,,good
mvtec_e8913754deca67cf,0,,good
mvtec_b03612a67a32d10d,0,,good
mvtec_e1e60e6b6ebead8e,0,,good
mvtec_c46a762dc37d9d4e,0,,good
mvtec_a8e093c423dc6e94,0,,good
mvtec_9fc267a35413cbf3,0,,good
mvtec_817de62d53a7f14e,0,,good
mvtec_0a6d2d92d12c1ab6,0,,good
mvtec_ee193c5e8f35b5f8,0,,good
mvtec_c83923ca96af6425,0,,good
mvtec_174f90d37e9c12c6,0,,good
mvtec_cb8db58f1ccb3610,0,,good
mvtec_3a95df6f28dd0705,0,,good
mvtec_acdd7c435ed81b0f,0,,good
mvtec_0474a223fb3f4567,0,,good
mvtec_270b5ea2eb56dd2f,0,,good
mvtec_76b431f4787e2086,0,,good
mvtec_a0c4ff2ae7c34461,0,,good
mvtec_8a68111af9608661,0,,good
mvtec_9aafd7f224d843d4,0,,good
mvtec_9019eb455d1e6d7c,0,,good
mvtec_4acbfbeb85deb58f,0,,good
mvtec_588920a0975378ce,0,,good
mvtec_0d57bc0ca3f224ba,0,,good
mvtec_21cd174d5d8569f1,0,,good
mvtec_10239cf8a5ef44cf,0,,good
mvtec_420bd2a9ebddd6fb,0,,good
mvtec_35fa6d7f23521c2b,0,,good
mvtec_88293e05d4284e92,0,,good
mvtec_241de896d6489ad1,0,,good
mvtec_6b75bced6982732d,0,,good
mvtec_281eec5cec0d3b9b,0,,good
mvtec_6135bf8e4f77083e,0,,good
mvtec_75151bc8089cc222,0,,good
mvtec_5aa659a4db70ef61,0,,good
mvtec_1e1610154c920df0,0,,good
mvtec_67ec7811229c09b4,0,,good
mvtec_9e316af06b7fa8d4,0,,good
mvtec_e7c99c42e056afe2,0,,good
mvtec_dfeeb9c4bc70021a,0,,good
mvtec_5d5645c3cfc9b903,0,,good
mvtec_b57d1fefca568a40,0,,good
mvtec_5d9581c04246d27a,0,,good
mvtec_d6bd4514ba9a231f,0,,good
mvtec_f64e0e1d3ed4eff4,0,,good
mvtec_37121f9afe3325b6,0,,good
mvtec_4e7a9cc4c3e373d5,0,,good
mvtec_0b1f2d65cdc4e5b2,0,,good
mvtec_72b7875ec058faa7,0,,good
mvtec_b1dafc08b13d24fb,0,,good
mvtec_176ceed86a9c6d46,0,,good
mvtec_be637d110c585101,0,,good
mvtec_62f727f5f26d2043,0,,good
mvtec_f2a389f6fc68cc08,0,,good
mvtec_ec5b35792663eb43,0,,good
mvtec_b807357c37e2f235,0,,good
mvtec_eeaa3ca4df4e3898,0,,good
mvtec_17df94da22072eee,0,,good
mvtec_7f6766b51fd880a5,0,,good
mvtec_45577b7cc480f74d,0,,good
mvtec_5b9e8f8526573f86,0,,good
mvtec_7fb7fc6473b9d490,0,,good
mvtec_ff9e81ce715231bd,0,,good
mvtec_a41d43d3f0b55afe,0,,good
mvtec_6c7c386e9229ac9d,0,,good
mvtec_6b42746cc27de674,0,,good
mvtec_bd1d4c5263b51364,0,,good
mvtec_97772cf3f10a7ab3,0,,good
mvtec_f87b4001d6a2f77b,0,,good
mvtec_00bfb32b146696f3,0,,good
mvtec_bd592832c2c04784,0,,good
mvtec_6e4a7a1045a563cd,0,,good
mvtec_dbe36f854010a159,0,,good
mvtec_bed038da72ae9a84,0,,good
mvtec_f385c630ff6965f5,0,,good
mvtec_df719c60c4e17f3d,0,,good
mvtec_cb6e78328a04f9c2,0,,good
mvtec_9c4ba5c59221b9ae,0,,good
mvtec_39ad1e7f02ad3e7b,0,,good
mvtec_f3ec28b8a2de6e4f,0,,good
mvtec_18967b7a8361857f,0,,good
mvtec_edfa3651ca789500,0,,good
mvtec_e319270236a1538f,0,,good
mvtec_945496fc42f2b90e,0,,good
mvtec_aff476b0f4296c3e,0,,good
mvtec_bffae5202e515067,0,,good
mvtec_12f9525a984ed172,0,,good
mvtec_d327c686ab0eefa0,0,,good
mvtec_833645f19e6482e4,0,,good
mvtec_2a44eca94877e661,0,,good
mvtec_cdde23ced3bd3f71,0,,good
mvtec_cff57ddbb245e318,0,,good
mvtec_e1370fb9356a491c,0,,good
mvtec_5747596bc25cef7e,0,,good
mvtec_e26b3992190e4db9,0,,good
mvtec_34d6dccb6686236e,0,,good
mvtec_a353a9992f5be0eb,0,,good
mvtec_a13059aa5c328a7d,0,,good
mvtec_9ada288b612b06a7,0,,good
mvtec_efbda9ebd64db459,0,,good
mvtec_17b6db9281334a67,0,,good
mvtec_4ebaf58b64834211,0,,good
mvtec_51d29183b577f97c,0,,good
mvtec_11eac174e7635bdf,0,,good
mvtec_6ebc0faa9805831f,0,,good
mvtec_122b3a629190d335,0,,good
mvtec_a05a7412de25f3ce,0,,good
mvtec_42193a4df6db30f8,0,,good
mvtec_3054c39bd68ad93b,0,,good
mvtec_b9c7310b4b358427,0,,good
mvtec_47255e0dad5b386e,0,,good
mvtec_06695adb9ac42b39,0,,good
mvtec_7458edc9fea22659,0,,good
mvtec_48dbd3e309ed3f04,0,,good
mvtec_3ef7782c93c307df,0,,good
mvtec_6e33145707ef6be3,0,,good
mvtec_10cd4d37f8b3bd1c,0,,good
mvtec_8d72d247e0f42167,0,,good
mvtec_0fdaf8ad192037dd,0,,good
mvtec_3e24085ac758b407,0,,good
mvtec_89ca9bb4c7af6ad2,0,,good
mvtec_b1409122ecce2452,0,,good
mvtec_73bb3a4f8b5dcff9,0,,good
mvtec_435cd9dca9900fa6,0,,good
mvtec_c99666270df2cc4b,0,,good
mvtec_6810fadc23146e50,0,,good
mvtec_7799dd397a482498,0,,good
mvtec_80d21e51aea3f40e,0,,good
mvtec_b356e474e00881f6,0,,good
mvtec_45ef3ce47d5be8cd,0,,good
mvtec_d413b87dc01e55e9,0,,good
mvtec_d095783cb021f78c,0,,good
mvtec_be9c59da125ebb86,0,,good
mvtec_d7f4406e76b82088,0,,good
mvtec_0f473300bafd67c4,0,,good
mvtec_a773940096d1c6a9,0,,good
mvtec_4678782039cad630,0,,good
mvtec_473a8a0ae84ae841,0,,good
mvtec_2172fd6d11a1269d,0,,good
mvtec_e0d9910a13591207,0,,good
mvtec_355c061e556f242a,0,,good
mvtec_27b175ab06847642,0,,good
mvtec_30931ee0402760e6,0,,good
mvtec_5911b68f693e78bc,0,,good
mvtec_e75457907c27681b,0,,good
mvtec_20797613d1000671,0,,good
mvtec_6a859402f19c08be,0,,good
mvtec_dea3a8323d6e9e94,0,,good
mvtec_2ba6814e9f53bcc9,0,,good
mvtec_b962a974a30db862,0,,good
mvtec_39caff39c7f632a1,0,,good
mvtec_a2a344b78c3c27fb,0,,good
mvtec_ec051c092c842002,0,,good
mvtec_e508ff9fd7b727f0,0,,good
mvtec_373c6eee3e55a0c5,0,,good
mvtec_c5d2ec8452bb0ff1,0,,good
mvtec_b941f1205788de14,0,,good
mvtec_d7e3297695645d42,0,,good
mvtec_6e39e08e20c38d13,0,,good
mvtec_eb92fd57b9206f2a,0,,good
mvtec_d307fdb96c6b56fc,0,,good
mvtec_c787fe6d73e90e13,0,,good
mvtec_5f8a0598a002ed57,0,,good
mvtec_fc76165d3976f0d6,0,,good
mvtec_ec2ca60bc8d8fe37,0,,good
mvtec_b91025953a4d8067,0,,good
mvtec_3af12a660efad534,0,,good
mvtec_d8ec391fbaab7636,1,/data/gauss/ldh/myDatasets/mvtec_anomaly_detection/carpet/ground_truth/color/000_mask.png,color
mvtec_88bc24eb0b36061d,1,/data/gauss/ldh/myDatasets/mvtec_anomaly_detection/carpet/ground_truth/color/001_mask.png,color
mvtec_6a63bbc4422cd945,1,/data/gauss/ldh/myDatasets/mvtec_anomaly_detection/carpet/ground_truth/color/002_mask.png,color
mvtec_6b8e39045001c61e,1,/data/gauss/ldh/myDatasets/mvtec_anomaly_detection/carpet/ground_truth/color/003_mask.png,color
mvtec_656a9bb31a8d198f,1,/data/gauss/ldh/myDatasets/mvtec_anomaly_detection/carpet/ground_truth/color/004_mask.png,color
mvtec_201c4fa17208d3a0,1,/data/gauss/ldh/myDatasets/mvtec_anomaly_detection/carpet/ground_truth/color/005_mask.png,color
mvtec_d09ef1667284af1e,1,/data/gauss/ldh/myDatasets/mvtec_anomaly_detection/carpet/ground_truth/color/006_mask.png,color
mvtec_399958ac32cde852,1,/data/gauss/ldh/myDatasets/mvtec_anomaly_detection/carpet/ground_truth/color/007_mask.png,color
mvtec_0b522ce543a25197,1,/data/gauss/ldh/myDatasets/mvtec_anomaly_detection/carpet/ground_truth/color/008_mask.png,color
mvtec_f89be69e4d9e6669,1,/data/gauss/ldh/myDatasets/mvtec_anomaly_detection/carpet/ground_truth/color/009_mask.png,color
mvtec_ca12c1945b9dbc75,1,/data/gauss/ldh/myDatasets/mvtec_anomaly_detection/carpet/ground_truth/color/010_mask.png,color
mvtec_352e3e406c00d6f8,1,/data/gauss/ldh/myDatasets/mvtec_anomaly_detection/carpet/ground_truth/color/011_mask.png,color
mvtec_48ea3e14c55e2241,1,/data/gauss/ldh/myDatasets/mvtec_anomaly_detection/carpet/ground_truth/color/012_mask.png,color
mvtec_29b7e9d79966c472,1,/data/gauss/ldh/myDatasets/mvtec_anomaly_detection/carpet/ground_truth/color/013_mask.png,color
mvtec_0a840a591389b5c3,1,/data/gauss/ldh/myDatasets/mvtec_anomaly_detection/carpet/ground_truth/color/014_mask.png,color
mvtec_e33a9d1724115df7,1,/data/gauss/ldh/myDatasets/mvtec_anomaly_detection/carpet/ground_truth/color/015_mask.png,color
mvtec_b02e31081efc8bca,1,/data/gauss/ldh/myDatasets/mvtec_anomaly_detection/carpet/ground_truth/color/016_mask.png,color
mvtec_b14d3f3b462baba6,1,/data/gauss/ldh/myDatasets/mvtec_anomaly_detection/carpet/ground_truth/color/017_mask.png,color
mvtec_f35621d003026823,1,/data/gauss/ldh/myDatasets/mvtec_anomaly_detection/carpet/ground_truth/color/018_mask.png,color
mvtec_9fd4a538993087af,1,/data/gauss/ldh/myDatasets/mvtec_anomaly_detection/carpet/ground_truth/cut/000_mask.png,cut
mvtec_8dfdfc60e4bdcba5,1,/data/gauss/ldh/myDatasets/mvtec_anomaly_detection/carpet/ground_truth/cut/001_mask.png,cut
mvtec_981df404204d6b6f,1,/data/gauss/ldh/myDatasets/mvtec_anomaly_detection/carpet/ground_truth/cut/002_mask.png,cut
mvtec_233a1732e095189e,1,/data/gauss/ldh/myDatasets/mvtec_anomaly_detection/carpet/ground_truth/cut/003_mask.png,cut
mvtec_627f5ff1d614d470,1,/data/gauss/ldh/myDatasets/mvtec_anomaly_detection/carpet/ground_truth/cut/004_mask.png,cut
mvtec_0beec47c5c1fbe1b,1,/data/gauss/ldh/myDatasets/mvtec_anomaly_detection/carpet/ground_truth/cut/005_mask.png,cut
mvtec_07cdaed638daf07a,1,/data/gauss/ldh/myDatasets/mvtec_anomaly_detection/carpet/ground_truth/cut/006_mask.png,cut
mvtec_f381811b409b5dc2,1,/data/gauss/ldh/myDatasets/mvtec_anomaly_detection/carpet/ground_truth/cut/007_mask.png,cut
mvtec_a2f665bf1608b239,1,/data/gauss/ldh/myDatasets/mvtec_anomaly_detection/carpet/ground_truth/cut/008_mask.png,cut
mvtec_093436d590689c95,1,/data/gauss/ldh/myDatasets/mvtec_anomaly_detection/carpet/ground_truth/cut/009_mask.png,cut
mvtec_7e80ae845c23a6e0,1,/data/gauss/ldh/myDatasets/mvtec_anomaly_detection/carpet/ground_truth/cut/010_mask.png,cut
mvtec_5558901d9d379011,1,/data/gauss/ldh/myDatasets/mvtec_anomaly_detection/carpet/ground_truth/cut/011_mask.png,cut
mvtec_b09705e3ae4202f9,1,/data/gauss/ldh/myDatasets/mvtec_anomaly_detection/carpet/ground_truth/cut/012_mask.png,cut
mvtec_438b034f2608cb95,1,/data/gauss/ldh/myDatasets/mvtec_anomaly_detection/carpet/ground_truth/cut/013_mask.png,cut
mvtec_d352feedaad1ab94,1,/data/gauss/ldh/myDatasets/mvtec_anomaly_detection/carpet/ground_truth/cut/014_mask.png,cut
mvtec_ec7974f146694560,1,/data/gauss/ldh/myDatasets/mvtec_anomaly_detection/carpet/ground_truth/cut/015_mask.png,cut
mvtec_827ac24877671e19,1,/data/gauss/ldh/myDatasets/mvtec_anomaly_detection/carpet/ground_truth/cut/016_mask.png,cut
mvtec_47660294d1c4eac5,1,/data/gauss/ldh/myDatasets/mvtec_anomaly_detection/carpet/ground_truth/hole/000_mask.png,hole
mvtec_f7fe547e598c691b,1,/data/gauss/ldh/myDatasets/mvtec_anomaly_detection/carpet/ground_truth/hole/001_mask.png,hole
mvtec_049f12d723f72d53,1,/data/gauss/ldh/myDatasets/mvtec_anomaly_detection/carpet/ground_truth/hole/002_mask.png,hole
mvtec_5933f978e8301320,1,/data/gauss/ldh/myDatasets/mvtec_anomaly_detection/carpet/ground_truth/hole/003_mask.png,hole
mvtec_c69cdde6946298cb,1,/data/gauss/ldh/myDatasets/mvtec_anomaly_detection/carpet/ground_truth/hole/004_mask.png,hole
mvtec_70d9f599adc925dd,1,/data/gauss/ldh/myDatasets/mvtec_anomaly_detection/carpet/ground_truth/hole/005_mask.png,hole
mvtec_84b73293b4763082,1,/data/gauss/ldh/myDatasets/mvtec_anomaly_detection/carpet/ground_truth/hole/006_mask.png,hole
mvtec_86734d415f6d020d,1,/data/gauss/ldh/myDatasets/mvtec_anomaly_detection/carpet/ground_truth/hole/007_mask.png,hole
mvtec_a70c4dc96cfbe79b,1,/data/gauss/ldh/myDatasets/mvtec_anomaly_detection/carpet/ground_truth/hole/008_mask.png,hole
mvtec_f0f31eabf2a95da1,1,/data/gauss/ldh/myDatasets/mvtec_anomaly_detection/carpet/ground_truth/hole/009_mask.png,hole
mvtec_33efd914b6606f6f,1,/data/gauss/ldh/myDatasets/mvtec_anomaly_detection/carpet/ground_truth/hole/010_mask.png,hole
mvtec_850d14b34ed351b6,1,/data/gauss/ldh/myDatasets/mvtec_anomaly_detection/carpet/ground_truth/hole/011_mask.png,hole
mvtec_d1a22f3999222253,1,/data/gauss/ldh/myDatasets/mvtec_anomaly_detection/carpet/ground_truth/hole/012_mask.png,hole
mvtec_190c20ff2aa5611d,1,/data/gauss/ldh/myDatasets/mvtec_anomaly_detection/carpet/ground_truth/hole/013_mask.png,hole
mvtec_da2c17e95c3d1fbd,1,/data/gauss/ldh/myDatasets/mvtec_anomaly_detection/carpet/ground_truth/hole/014_mask.png,hole
mvtec_42f4b025533d94e0,1,/data/gauss/ldh/myDatasets/mvtec_anomaly_detection/carpet/ground_truth/hole/015_mask.png,hole
mvtec_204577d7bd3b961f,1,/data/gauss/ldh/myDatasets/mvtec_anomaly_detection/carpet/ground_truth/hole/016_mask.png,hole
mvtec_5c27f6012af471ab,1,/data/gauss/ldh/myDatasets/mvtec_anomaly_detection/carpet/ground_truth/metal_contamination/000_mask.png,metal_contamination
mvtec_4a8bf33e24396672,1,/data/gauss/ldh/myDatasets/mvtec_anomaly_detection/carpet/ground_truth/metal_contamination/001_mask.png,metal_contamination
mvtec_07550f9added6071,1,/data/gauss/ldh/myDatasets/mvtec_anomaly_detection/carpet/ground_truth/metal_contamination/002_mask.png,metal_contamination
mvtec_8fda5a020bab0bff,1,/data/gauss/ldh/myDatasets/mvtec_anomaly_detection/carpet/ground_truth/metal_contamination/003_mask.png,metal_contamination
mvtec_b6778d3c58a1075e,1,/data/gauss/ldh/myDatasets/mvtec_anomaly_detection/carpet/ground_truth/metal_contamination/004_mask.png,metal_contamination
mvtec_f75dce570a9ac6d3,1,/data/gauss/ldh/myDatasets/mvtec_anomaly_detection/carpet/ground_truth/metal_contamination/005_mask.png,metal_contamination
mvtec_46380d4649074983,1,/data/gauss/ldh/myDatasets/mvtec_anomaly_detection/carpet/ground_truth/metal_contamination/006_mask.png,metal_contamination
mvtec_76ea4910706c0129,1,/data/gauss/ldh/myDatasets/mvtec_anomaly_detection/carpet/ground_truth/metal_contamination/007_mask.png,metal_contamination
mvtec_a457846faef41966,1,/data/gauss/ldh/myDatasets/mvtec_anomaly_detection/carpet/ground_truth/metal_contamination/008_mask.png,metal_contamination
mvtec_cb407a376899609b,1,/data/gauss/ldh/myDatasets/mvtec_anomaly_detection/carpet/ground_truth/metal_contamination/009_mask.png,metal_contamination
mvtec_1f4139f92da2ed17,1,/data/gauss/ldh/myDatasets/mvtec_anomaly_detection/carpet/ground_truth/metal_contamination/010_mask.png,metal_contamination
mvtec_1b67e02b184b2a55,1,/data/gauss/ldh/myDatasets/mvtec_anomaly_detection/carpet/ground_truth/metal_contamination/011_mask.png,metal_contamination
mvtec_eb8cb8ff563ecac5,1,/data/gauss/ldh/myDatasets/mvtec_anomaly_detection/carpet/ground_truth/metal_contamination/012_mask.png,metal_contamination
mvtec_ceffe9753c50448c,1,/data/gauss/ldh/myDatasets/mvtec_anomaly_detection/carpet/ground_truth/metal_contamination/013_mask.png,metal_contamination
mvtec_1f16845dd297d2fc,1,/data/gauss/ldh/myDatasets/mvtec_anomaly_detection/carpet/ground_truth/metal_contamination/014_mask.png,metal_contamination
mvtec_b955d9da92f3371c,1,/data/gauss/ldh/myDatasets/mvtec_anomaly_detection/carpet/ground_truth/metal_contamination/015_mask.png,metal_contamination
mvtec_b5d67bfc3eb8d801,1,/data/gauss/ldh/myDatasets/mvtec_anomaly_detection/carpet/ground_truth/metal_contamination/016_mask.png,metal_contamination
mvtec_3812c756b62ab616,1,/data/gauss/ldh/myDatasets/mvtec_anomaly_detection/carpet/ground_truth/thread/000_mask.png,thread
mvtec_758e80d3d943fea7,1,/data/gauss/ldh/myDatasets/mvtec_anomaly_detection/carpet/ground_truth/thread/001_mask.png,thread
mvtec_b3788a4c223ab7f8,1,/data/gauss/ldh/myDatasets/mvtec_anomaly_detection/carpet/ground_truth/thread/002_mask.png,thread
mvtec_3461e608d82ab8d8,1,/data/gauss/ldh/myDatasets/mvtec_anomaly_detection/carpet/ground_truth/thread/003_mask.png,thread
mvtec_0422a149bee893de,1,/data/gauss/ldh/myDatasets/mvtec_anomaly_detection/carpet/ground_truth/thread/004_mask.png,thread
mvtec_6d836983311ef325,1,/data/gauss/ldh/myDatasets/mvtec_anomaly_detection/carpet/ground_truth/thread/005_mask.png,thread
mvtec_271d5bf120a1a589,1,/data/gauss/ldh/myDatasets/mvtec_anomaly_detection/carpet/ground_truth/thread/006_mask.png,thread
mvtec_b49d8e8ad763be2d,1,/data/gauss/ldh/myDatasets/mvtec_anomaly_detection/carpet/ground_truth/thread/007_mask.png,thread
mvtec_ee6a76c65c597bce,1,/data/gauss/ldh/myDatasets/mvtec_anomaly_detection/carpet/ground_truth/thread/008_mask.png,thread
mvtec_61907826d5a203ff,1,/data/gauss/ldh/myDatasets/mvtec_anomaly_detection/carpet/ground_truth/thread/009_mask.png,thread
mvtec_0b9f8afaa41b46ad,1,/data/gauss/ldh/myDatasets/mvtec_anomaly_detection/carpet/ground_truth/thread/010_mask.png,thread
mvtec_7154e592b43d6655,1,/data/gauss/ldh/myDatasets/mvtec_anomaly_detection/carpet/ground_truth/thread/011_mask.png,thread
mvtec_feeb504a2a025da6,1,/data/gauss/ldh/myDatasets/mvtec_anomaly_detection/carpet/ground_truth/thread/012_mask.png,thread
mvtec_22cb6916d221ad90,1,/data/gauss/ldh/myDatasets/mvtec_anomaly_detection/carpet/ground_truth/thread/013_mask.png,thread
mvtec_997c953cc5cb9a28,1,/data/gauss/ldh/myDatasets/mvtec_anomaly_detection/carpet/ground_truth/thread/014_mask.png,thread
mvtec_722e30eb5763be36,1,/data/gauss/ldh/myDatasets/mvtec_anomaly_detection/carpet/ground_truth/thread/015_mask.png,thread
mvtec_bc953f832742bd6e,1,/data/gauss/ldh/myDatasets/mvtec_anomaly_detection/carpet/ground_truth/thread/016_mask.png,thread
mvtec_5ba6da1305dee4df,1,/data/gauss/ldh/myDatasets/mvtec_anomaly_detection/carpet/ground_truth/thread/017_mask.png,thread
mvtec_6b98bd913bd45adf,1,/data/gauss/ldh/myDatasets/mvtec_anomaly_detection/carpet/ground_truth/thread/018_mask.png,thread
mvtec_f263aa30b0057811,0,,good
mvtec_562c092f97cb6dc8,0,,good
mvtec_28e0c6868de2b02c,0,,good
mvtec_d522d1993a66812d,0,,good
mvtec_34dffbb19095fa0b,0,,good
mvtec_59105fa9d6cc52f9,0,,good
mvtec_d315e64dbc5ae417,0,,good
mvtec_f9224be78dd9fc33,0,,good
mvtec_cbe1fef551766ba6,0,,good
mvtec_28a81dddb8ab8b23,0,,good
mvtec_970c19751d2b4e42,0,,good
mvtec_6c5e92771dac0998,0,,good
mvtec_6fe99aa8df2a4579,0,,good
mvtec_0b77a289a758b7e2,0,,good
mvtec_554f526a7e348b66,0,,good
mvtec_17b59339dcb78a3a,0,,good
mvtec_e130af8b01367d07,0,,good
mvtec_4e70a227717e5880,0,,good
mvtec_a794cddfcdb6c8af,0,,good
mvtec_ed8ba705f8f59106,0,,good
mvtec_a396685b0a8813f8,0,,good
mvtec_38d26424f7b5b073,0,,good
mvtec_7e77bfac26ea14d9,0,,good
mvtec_4bdab981d3c4a343,0,,good
mvtec_81331a45c026ac1a,0,,good
mvtec_c4b35e18564da3a4,0,,good
mvtec_4bd487cdf585059a,0,,good
mvtec_1cb0a3b522edfcd9,0,,good
mvtec_ae7311ace8808faf,0,,good
mvtec_5f3b97f1ada54dd9,0,,good
mvtec_84e58db6b4422356,0,,good
mvtec_2f32da4a4a2c18c9,0,,good
mvtec_cf8634dc8c1f2e91,0,,good
mvtec_7d114c136436cd4b,0,,good
mvtec_5b755729a37f73a0,0,,good
mvtec_f04a9c66f9e0794e,0,,good
mvtec_0a2524afd139728b,0,,good
mvtec_4c99ffff8867d794,0,,good
mvtec_e7e6936722c18a4f,0,,good
mvtec_449598d71473ba01,0,,good
mvtec_b45c9b2f2dc9f8ce,0,,good
mvtec_15ad40b46e32a1be,0,,good
mvtec_22c1771ee3650530,0,,good
mvtec_a291d5d25d9a0319,0,,good
mvtec_d5a33ad42b9bd2db,0,,good
mvtec_2233cf1cd15fc2aa,0,,good
mvtec_c079867b70f6a995,0,,good
mvtec_a6a7230e66396425,0,,good
mvtec_1fe52b853e269039,0,,good
mvtec_49cf5db474c4f88e,0,,good
mvtec_bc438010ce9bcd9b,0,,good
mvtec_eab2ee5d723bc099,0,,good
mvtec_cdd3c7c1b75b24fd,0,,good
mvtec_0a14412880c703ec,0,,good
mvtec_72c714d09601eb44,0,,good
mvtec_d2e57eee3e34b4a4,0,,good
mvtec_f64eee194664644a,0,,good
mvtec_50c9747f7504ccbf,0,,good
mvtec_57d4b1f8ec2e9175,0,,good
mvtec_104c8fa25e022a0e,0,,good
mvtec_706616e87667493a,0,,good
mvtec_ade28fa0a0e3f8eb,0,,good
mvtec_2deaa76d78148453,0,,good
mvtec_272c311be071ff11,0,,good
mvtec_1f7930ac5590a4f2,0,,good
mvtec_2e949f96d5498e08,0,,good
mvtec_c860ae289a67c190,0,,good
mvtec_2ff334fed90ccaa0,0,,good
mvtec_7d71adf9078ca32a,0,,good
mvtec_b680c3d915676f24,0,,good
mvtec_c0fe83ad9807fcc3,0,,good
mvtec_e23d69c78f618730,0,,good
mvtec_f8deb0ab1eda6136,0,,good
mvtec_b4aad4e63f8da88f,0,,good
mvtec_00efb4ce87f07966,0,,good
mvtec_e2accd22d908c1bb,0,,good
mvtec_24fa784bbac805cd,0,,good
mvtec_3cda086442bcf442,0,,good
mvtec_466e0b9df6a404da,0,,good
mvtec_8c3e85df7f29ddfd,0,,good
mvtec_c9389969d576889e,0,,good
mvtec_8112a6a4606cecd0,0,,good
mvtec_36168698659b3985,0,,good
mvtec_6065ce45468052ab,0,,good
mvtec_3f7755e87fec320d,0,,good
mvtec_f3bb9fd31f738f8b,0,,good
mvtec_eb28157d2a43b309,0,,good
mvtec_0aa49e42d20459da,0,,good
mvtec_8d45dd93053a5244,0,,good
mvtec_d4360e9443adb878,0,,good
mvtec_1fb508d5f1422c7d,0,,good
mvtec_fb02de06e119b7ab,0,,good
mvtec_25043aac7114be86,0,,good
mvtec_0a52a36cff3ccbee,0,,good
mvtec_951cedb8ffad48df,0,,good
mvtec_eebd54e6df09dbd3,0,,good
mvtec_41b5125783425659,0,,good
mvtec_323e1a1e760356b4,0,,good
mvtec_bb8c2e0dbcb59357,0,,good
mvtec_530b39175ad8de6b,0,,good
mvtec_84f54c8c3fca6eca,0,,good
mvtec_26c77347abff3418,0,,good
mvtec_56b6960e0f6d0155,0,,good
mvtec_18fd5f244ad43a72,0,,good
mvtec_8112ed7bc034569a,0,,good
mvtec_99d8c60749ddfcf1,0,,good
mvtec_6c0db84019eabf52,0,,good
mvtec_15758b41239140cd,0,,good
mvtec_ff43e57df12dd64a,0,,good
mvtec_a5cb42bc8b8428b2,0,,good
mvtec_1c0453130cc1ce4e,0,,good
mvtec_142f3cfdb07c73ed,0,,good
mvtec_8ddca9a141aad278,0,,good
mvtec_eed9da766013bfc9,0,,good
mvtec_f5de04d5478b8f03,0,,good
mvtec_06708b93d626081f,0,,good
mvtec_4bf94175618dfdfa,0,,good
mvtec_35ea1630121e7fa7,0,,good
mvtec_7b8ba169843dbb56,0,,good
mvtec_4763a51d4f1480fc,0,,good
mvtec_d4fe631cf16094f6,0,,good
mvtec_ce167fb94f48ebb1,0,,good
mvtec_3603eb5c3451109c,0,,good
mvtec_5341a6404245dd5e,0,,good
mvtec_ce5cd46cc5585b64,0,,good
mvtec_c1d7f20759c00001,0,,good
mvtec_be6648751905e918,0,,good
mvtec_a365267865ae6a2b,0,,good
mvtec_4fab9eb9501ea975,0,,good
mvtec_0f29ecc3f514ac10,0,,good
mvtec_05baa684a04ba108,0,,good
mvtec_4c08c7ab9f4b36a3,0,,good
mvtec_ddfe5273374b59f3,0,,good
mvtec_50835d627a185c56,0,,good
mvtec_5b9f0d0e2e045d73,0,,good
mvtec_669a51302063159a,0,,good
mvtec_1d68f528ba234ec7,0,,good
mvtec_6c1c084351eb5b04,0,,good
mvtec_fadcca6b17171468,0,,good
mvtec_850f83a486cb8e64,0,,good
mvtec_12e878c5af918be3,0,,good
mvtec_ccfb69ccc4438184,0,,good
mvtec_127719c09303190d,0,,good
mvtec_dafd5e23059a92b7,0,,good
mvtec_92268b04b9290d52,0,,good
mvtec_97339f8da2af3611,0,,good
mvtec_169914110a9ad572,0,,good
mvtec_ceb36b70788be994,0,,good
mvtec_64e7e3bb2fe325ff,0,,good
mvtec_8d663d5e14fe5808,0,,good
mvtec_909d7a90bc662264,0,,good
mvtec_2522d04113fa5442,0,,good
mvtec_3095506afa128e91,0,,good
mvtec_67ed3509aa7cdf48,0,,good
mvtec_b212b787f20cddbb,0,,good
mvtec_2340ba3b3c6bba0a,0,,good
mvtec_9bbd5993d5ede69f,0,,good
mvtec_38581c58a1629856,0,,good
mvtec_7b7a50b054688a8a,0,,good
mvtec_df913c1cfe94f829,0,,good
mvtec_b65af41b3d7dcf0a,0,,good
mvtec_8e98d6ce35294d67,0,,good
mvtec_35633642fd597afd,0,,good
mvtec_d6ecf8898377c098,0,,good
mvtec_eefa11c1100630cc,0,,good
mvtec_3cfcabab394bfbf8,0,,good
mvtec_80938969c6dd1c83,0,,good
mvtec_7fc592e79d6871fc,0,,good
mvtec_ee9a94f028f7f0e9,0,,good
mvtec_f6724e8b8ea17f4e,0,,good
mvtec_5f8f72c41099335f,0,,good
mvtec_bebbf428272c550b,0,,good
mvtec_ed8d294aca966d77,0,,good
mvtec_01632575030d4aa0,0,,good
mvtec_d251241c037f3dcd,0,,good
mvtec_060b0c8b21bf6483,0,,good
mvtec_f81dcfa79a60e63a,0,,good
mvtec_6beb4cc2ead1a3e3,0,,good
mvtec_a26194ca2afad973,0,,good
mvtec_90dea9d41f87b2f0,0,,good
mvtec_db3b796ea1f44b80,0,,good
mvtec_f407f2ec88d4fd18,0,,good
mvtec_2a31b5659d233b2d,0,,good
mvtec_ec5959ef408d2efb,0,,good
mvtec_a0bd782e24a025a8,0,,good
mvtec_7f41a79d613c6615,0,,good
mvtec_38977fc6bf420c4a,0,,good
mvtec_d7b06700146f4583,0,,good
mvtec_b391ff7799b1cde1,0,,good
mvtec_cd44149e9cc8a523,0,,good
mvtec_84952c730d2e34d8,0,,good
mvtec_52e846df12e20ff4,0,,good
mvtec_a557a95d06f80541,0,,good
mvtec_aee72c62ccd6e8cc,0,,good
mvtec_d66582e3810b4578,0,,good
mvtec_b3260e8d9f073d1b,0,,good
mvtec_4fa063153e7d74c7,0,,good
mvtec_47e80aecc0547090,0,,good
mvtec_f6dd06a590f60ed4,0,,good
mvtec_8f7a120a2a7c1d3c,0,,good
mvtec_09cb50ac40f6e03a,0,,good
mvtec_3dc4b6c8f08eb455,0,,good
mvtec_baac8545260e0c9b,0,,good
mvtec_17683b957d7b042f,0,,good
mvtec_758191a51ddc913d,0,,good
mvtec_2b4146e45ed4492d,0,,good
mvtec_62a5205f1a4af56d,0,,good
mvtec_98020913bc0d1441,0,,good
mvtec_2b1ffe8108584b6d,0,,good
mvtec_f422edc0644761d1,0,,good
mvtec_6ffe5a8a9be5dccb,0,,good
mvtec_31e70c38f4068d22,0,,good
mvtec_aac72b96b68a9400,0,,good
mvtec_5f258ef658898ad7,0,,good
mvtec_33eee02103ce44ad,0,,good
mvtec_588c0ed967caac66,0,,good
mvtec_ac284fa1ab10b130,0,,good
mvtec_92d78f6c8859cacc,0,,good
mvtec_e0e8a53e5e28dea8,0,,good
mvtec_d23601679fa782ea,0,,good
mvtec_dc9fc4701791c98d,0,,good
mvtec_f803278a0d2beaf7,0,,good
mvtec_4eaba4c12cb39f1c,0,,good
mvtec_5570988323bf1d5e,0,,good
mvtec_40c28ce080453737,0,,good
mvtec_e411b6047d7cae7d,0,,good
mvtec_a339c5e464fba9b1,0,,good
mvtec_c50d59c80073ea55,0,,good
mvtec_a9d89c4633472a1a,0,,good
mvtec_09d296240bb31a5a,0,,good
mvtec_a2ee705df9ece70b,0,,good
mvtec_f2d8681d094bee02,0,,good
mvtec_42e29bd53851efbb,0,,good
mvtec_cf1bbe162722b721,0,,good
mvtec_d74deddbce0fa95a,0,,good
mvtec_2737e9741b31724c,0,,good
mvtec_60c189665bf4ef12,0,,good
mvtec_40e30543b98d60bb,0,,good
mvtec_228ca65ff277c961,0,,good
mvtec_0e9e24790bf7afd7,0,,good
mvtec_b2e9d80413885da3,0,,good
mvtec_60efee560c2b99e5,0,,good
mvtec_e69f50588af10b7d,0,,good
mvtec_bd3787dced09c5c2,0,,good
mvtec_b2fd770a50b3f568,0,,good
mvtec_63ceba3dfcc2941b,0,,good
mvtec_5c92e86b36a7d1ea,0,,good
mvtec_3baf843156988534,0,,good
mvtec_fa0ead4f3de9faf7,0,,good
mvtec_bef221248ddd49a8,0,,good
mvtec_1b24d4709fde1f1b,0,,good
mvtec_f0f45b3b0257ed1a,0,,good
mvtec_b3f2e1290436eb2f,0,,good
mvtec_f039db99182a804e,0,,good
mvtec_049147c230e464fc,0,,good
mvtec_2d3e8caf9c6f4f13,0,,good
mvtec_1bdf0f50216b670c,0,,good
mvtec_f1de5d525834ab71,0,,good
mvtec_d40078046bea0dcd,0,,good
mvtec_a136ac584a40eb56,0,,good
mvtec_4057b4567a16fdd9,0,,good
mvtec_e034cc2016d933e8,0,,good
mvtec_2cd8806b21d0d74f,0,,good
mvtec_30e9175f65165f60,0,,good
mvtec_0b2e53d434c9deb4,0,,good
mvtec_15ae5603cfa40c7f,0,,good
mvtec_2c8fb55d5e17da6a,0,,good
mvtec_7306dca422e11d42,0,,good
mvtec_92589c4660b84b26,0,,good
mvtec_4af6e699b4e276fc,0,,good
mvtec_9da137d304ec1e6e,0,,good
mvtec_c5b95a19b5935c96,0,,good
mvtec_244bce7d1f2fed14,0,,good
mvtec_5ba53df0f7f8dc2e,0,,good
mvtec_8d0ccd591474caf1,0,,good
mvtec_a951fb1194b26c64,0,,good
mvtec_17da406c8d3c0f99,0,,good
mvtec_2f9a30d1d4936369,0,,good
mvtec_04a3cac9e58ec632,0,,good
mvtec_cfef1cd56ca6f839,0,,good
mvtec_b4f6cecb044bb549,0,,good
mvtec_c9e208839a796772,0,,good
mvtec_a44643f46ec5dd51,0,,good
mvtec_0941ca96644ad6db,0,,good
mvtec_35b955ef87563872,0,,good
mvtec_0484b655067631a1,1,/data/gauss/ldh/myDatasets/mvtec_anomaly_detection/grid/ground_truth/bent/000_mask.png,bent
mvtec_c6431ac2eecb4b43,1,/data/gauss/ldh/myDatasets/mvtec_anomaly_detection/grid/ground_truth/bent/001_mask.png,bent
mvtec_8e6e2f4296eaf878,1,/data/gauss/ldh/myDatasets/mvtec_anomaly_detection/grid/ground_truth/bent/002_mask.png,bent
mvtec_9470645fd4ccc2d2,1,/data/gauss/ldh/myDatasets/mvtec_anomaly_detection/grid/ground_truth/bent/003_mask.png,bent
mvtec_cbae25deeb21e622,1,/data/gauss/ldh/myDatasets/mvtec_anomaly_detection/grid/ground_truth/bent/004_mask.png,bent
mvtec_e3dbb10d7e439bcd,1,/data/gauss/ldh/myDatasets/mvtec_anomaly_detection/grid/ground_truth/bent/005_mask.png,bent
mvtec_59c0e8462bdfcaa3,1,/data/gauss/ldh/myDatasets/mvtec_anomaly_detection/grid/ground_truth/bent/006_mask.png,bent
mvtec_c57bf925c6e4513d,1,/data/gauss/ldh/myDatasets/mvtec_anomaly_detection/grid/ground_truth/bent/007_mask.png,bent
mvtec_1d8522f24cb1aee8,1,/data/gauss/ldh/myDatasets/mvtec_anomaly_detection/grid/ground_truth/bent/008_mask.png,bent
mvtec_aecf371a5259a5a6,1,/data/gauss/ldh/myDatasets/mvtec_anomaly_detection/grid/ground_truth/bent/009_mask.png,bent
mvtec_6a21824e02169fdc,1,/data/gauss/ldh/myDatasets/mvtec_anomaly_detection/grid/ground_truth/bent/010_mask.png,bent
mvtec_c3b2f390085c807e,1,/data/gauss/ldh/myDatasets/mvtec_anomaly_detection/grid/ground_truth/bent/011_mask.png,bent
mvtec_08cf568e0883a258,1,/data/gauss/ldh/myDatasets/mvtec_anomaly_detection/grid/ground_truth/broken/000_mask.png,broken
mvtec_53b91f9afb3b5f74,1,/data/gauss/ldh/myDatasets/mvtec_anomaly_detection/grid/ground_truth/broken/001_mask.png,broken
mvtec_7257881e3fb85166,1,/data/gauss/ldh/myDatasets/mvtec_anomaly_detection/grid/ground_truth/broken/002_mask.png,broken
mvtec_d5eb8bcea286931f,1,/data/gauss/ldh/myDatasets/mvtec_anomaly_detection/grid/ground_truth/broken/003_mask.png,broken
mvtec_083cc00d748c4211,1,/data/gauss/ldh/myDatasets/mvtec_anomaly_detection/grid/ground_truth/broken/004_mask.png,broken
mvtec_2d3eb765b019257a,1,/data/gauss/ldh/myDatasets/mvtec_anomaly_detection/grid/ground_truth/broken/005_mask.png,broken
mvtec_9cd8368cc0baafe7,1,/data/gauss/ldh/myDatasets/mvtec_anomaly_detection/grid/ground_truth/broken/006_mask.png,broken
mvtec_c8363fdef1fbba37,1,/data/gauss/ldh/myDatasets/mvtec_anomaly_detection/grid/ground_truth/broken/007_mask.png,broken
mvtec_fb411a75481ddd90,1,/data/gauss/ldh/myDatasets/mvtec_anomaly_detection/grid/ground_truth/broken/008_mask.png,broken
mvtec_968d407b1f59456f,1,/data/gauss/ldh/myDatasets/mvtec_anomaly_detection/grid/ground_truth/broken/009_mask.png,broken
mvtec_f91cd8f09e4d9456,1,/data/gauss/ldh/myDatasets/mvtec_anomaly_detection/grid/ground_truth/broken/010_mask.png,broken
mvtec_099e1c1ed210d04d,1,/data/gauss/ldh/myDatasets/mvtec_anomaly_detection/grid/ground_truth/broken/011_mask.png,broken
mvtec_2d4e94255c68ddda,1,/data/gauss/ldh/myDatasets/mvtec_anomaly_detection/grid/ground_truth/glue/000_mask.png,glue
mvtec_c438247673502e72,1,/data/gauss/ldh/myDatasets/mvtec_anomaly_detection/grid/ground_truth/glue/001_mask.png,glue
mvtec_eca7dfcb9a840408,1,/data/gauss/ldh/myDatasets/mvtec_anomaly_detection/grid/ground_truth/glue/002_mask.png,glue
mvtec_9746dad1d7428378,1,/data/gauss/ldh/myDatasets/mvtec_anomaly_detection/grid/ground_truth/glue/003_mask.png,glue
mvtec_0dfaf0a5752e2dd0,1,/data/gauss/ldh/myDatasets/mvtec_anomaly_detection/grid/ground_truth/glue/004_mask.png,glue
mvtec_4aeda2f188ae9849,1,/data/gauss/ldh/myDatasets/mvtec_anomaly_detection/grid/ground_truth/glue/005_mask.png,glue
mvtec_8b91b41850e31290,1,/data/gauss/ldh/myDatasets/mvtec_anomaly_detection/grid/ground_truth/glue/006_mask.png,glue
mvtec_06f3ed8852a1c707,1,/data/gauss/ldh/myDatasets/mvtec_anomaly_detection/grid/ground_truth/glue/007_mask.png,glue
mvtec_e21098f3945facce,1,/data/gauss/ldh/myDatasets/mvtec_anomaly_detection/grid/ground_truth/glue/008_mask.png,glue
mvtec_c63d98bcffe2f5d9,1,/data/gauss/ldh/myDatasets/mvtec_anomaly_detection/grid/ground_truth/glue/009_mask.png,glue
mvtec_5f0d2bb0b385957f,1,/data/gauss/ldh/myDatasets/mvtec_anomaly_detection/grid/ground_truth/glue/010_mask.png,glue
mvtec_dd5bf893a6e0c888,1,/data/gauss/ldh/myDatasets/mvtec_anomaly_detection/grid/ground_truth/metal_contamination/000_mask.png,metal_contamination
mvtec_3e8ca8cc8513ed16,1,/data/gauss/ldh/myDatasets/mvtec_anomaly_detection/grid/ground_truth/metal_contamination/001_mask.png,metal_contamination
mvtec_ce0172be0237ba8e,1,/data/gauss/ldh/myDatasets/mvtec_anomaly_detection/grid/ground_truth/metal_contamination/002_mask.png,metal_contamination
mvtec_8f7f99382151a3a4,1,/data/gauss/ldh/myDatasets/mvtec_anomaly_detection/grid/ground_truth/metal_contamination/003_mask.png,metal_contamination
mvtec_d3f1157e61c709a9,1,/data/gauss/ldh/myDatasets/mvtec_anomaly_detection/grid/ground_truth/metal_contamination/004_mask.png,metal_contamination
mvtec_2fa09ec64aa76b26,1,/data/gauss/ldh/myDatasets/mvtec_anomaly_detection/grid/ground_truth/metal_contamination/005_mask.png,metal_contamination
mvtec_24cc7e07f07c5d01,1,/data/gauss/ldh/myDatasets/mvtec_anomaly_detection/grid/ground_truth/metal_contamination/006_mask.png,metal_contamination
mvtec_1877166d9f34f1e6,1,/data/gauss/ldh/myDatasets/mvtec_anomaly_detection/grid/ground_truth/metal_contamination/007_mask.png,metal_contamination
mvtec_2a40154cb9e70bae,1,/data/gauss/ldh/myDatasets/mvtec_anomaly_detection/grid/ground_truth/metal_contamination/008_mask.png,metal_contamination
mvtec_ab070dd17b62aeb3,1,/data/gauss/ldh/myDatasets/mvtec_anomaly_detection/grid/ground_truth/metal_contamination/009_mask.png,metal_contamination
mvtec_70b3f95e3f8091da,1,/data/gauss/ldh/myDatasets/mvtec_anomaly_detection/grid/ground_truth/metal_contamination/010_mask.png,metal_contamination
mvtec_254d0ccdfa3b3a5f,1,/data/gauss/ldh/myDatasets/mvtec_anomaly_detection/grid/ground_truth/thread/000_mask.png,thread
mvtec_98c6799efb34e1d5,1,/data/gauss/ldh/myDatasets/mvtec_anomaly_detection/grid/ground_truth/thread/001_mask.png,thread
mvtec_a66b0bdecc592a43,1,/data/gauss/ldh/myDatasets/mvtec_anomaly_detection/grid/ground_truth/thread/002_mask.png,thread
mvtec_53b2873ca2070aab,1,/data/gauss/ldh/myDatasets/mvtec_anomaly_detection/grid/ground_truth/thread/003_mask.png,thread
mvtec_87ef5b4235439d75,1,/data/gauss/ldh/myDatasets/mvtec_anomaly_detection/grid/ground_truth/thread/004_mask.png,thread
mvtec_2e86b86728e0b08e,1,/data/gauss/ldh/myDatasets/mvtec_anomaly_detection/grid/ground_truth/thread/005_mask.png,thread
mvtec_52c69f288928f08e,1,/data/gauss/ldh/myDatasets/mvtec_anomaly_detection/grid/ground_truth/thread/006_mask.png,thread
mvtec_fc2e9edccca98147,1,/data/gauss/ldh/myDatasets/mvtec_anomaly_detection/grid/ground_truth/thread/007_mask.png,thread
mvtec_ea3789934a47ca01,1,/data/gauss/ldh/myDatasets/mvtec_anomaly_detection/grid/ground_truth/thread/008_mask.png,thread
mvtec_43fa177fa2622290,1,/data/gauss/ldh/myDatasets/mvtec_anomaly_detection/grid/ground_truth/thread/009_mask.png,thread
mvtec_2b551f65007c2255,1,/data/gauss/ldh/myDatasets/mvtec_anomaly_detection/grid/ground_truth/thread/010_mask.png,thread
mvtec_045fb821054edbec,0,,good
mvtec_60725126dc4ac0c3,0,,good
mvtec_076595d5cf0ac3f6,0,,good
mvtec_7bf4c2d76d4e918e,0,,good
mvtec_f2ba4b2d927463f2,0,,good
mvtec_775d71288b010078,0,,good
mvtec_b36361fd82317ed0,0,,good
mvtec_06e9d638d492b065,0,,good
mvtec_0db75c1eb2eb2cbd,0,,good
mvtec_bdd26500a0ff30ff,0,,good
mvtec_02b82cc88e3e04f3,0,,good
mvtec_601b22d32970ab3c,0,,good
mvtec_d22860f2cdd0e524,0,,good
mvtec_310941f8a4e974ad,0,,good
mvtec_7159e83561ab3b7f,0,,good
mvtec_9a8f75cbd41e16f8,0,,good
mvtec_0fb658cfd1e97446,0,,good
mvtec_849489902d765938,0,,good
mvtec_fe3ae403c51c0831,0,,good
mvtec_a797e88b547c422e,0,,good
mvtec_b7ced18d7aea23b9,0,,good
mvtec_3a8f6479c40c0e00,0,,good
mvtec_1b45cc2f80520c2d,0,,good
mvtec_bfd8b0a853933df6,0,,good
mvtec_24aa63fcc8793f5c,0,,good
mvtec_158c63d16a740217,0,,good
mvtec_08862f621e5e3a4a,0,,good
mvtec_a789767db6788049,0,,good
mvtec_0d405f0d7bde86f7,0,,good
mvtec_48da19dbae58998b,0,,good
mvtec_07d6b3535a8cb25e,0,,good
mvtec_29f3e4d0cc0f698f,0,,good
mvtec_0cece2676c6a44fe,0,,good
mvtec_489cc0cd8fbe14d3,0,,good
mvtec_db8f7b1ec5690625,0,,good
mvtec_d031304deaf3d224,0,,good
mvtec_79c3db96f19fa315,0,,good
mvtec_036821312577171b,0,,good
mvtec_911e7e80c6ba16a3,0,,good
mvtec_5bb501cadf68ac13,0,,good
mvtec_30e8f0cc89bfa951,0,,good
mvtec_92a0d3038698e0a6,0,,good
mvtec_ca158b078fe7c4ce,0,,good
mvtec_54a17a2c940ace22,0,,good
mvtec_40e0885fa09780e9,0,,good
mvtec_e5d567390bdf19db,0,,good
mvtec_b65d86402c05d343,0,,good
mvtec_6c93927de6c49d45,0,,good
mvtec_92b79a8f7f28ce74,0,,good
mvtec_9bcf636e9f675330,0,,good
mvtec_6f386104380789fa,0,,good
mvtec_c20f547209757a91,0,,good
mvtec_7c7df5bd544a7c49,0,,good
mvtec_38c164dc8d0d713b,0,,good
mvtec_f21a84ddf5753d4b,0,,good
mvtec_3a4b8330f544ec10,0,,good
mvtec_6386f8d11f03f8b8,0,,good
mvtec_a83721e83cc516dd,0,,good
mvtec_722e4038e275dbe2,0,,good
mvtec_6f1e250620a5dea9,0,,good
mvtec_43b32feefd391a7f,0,,good
mvtec_1082eff32f609370,0,,good
mvtec_986aff212355e1f4,0,,good
mvtec_669f170d979a88a5,0,,good
mvtec_073b96fae64836c5,0,,good
mvtec_6ab1e948809fd2d1,0,,good
mvtec_dfd6216f9bd89703,0,,good
mvtec_aecbb06d2051b798,0,,good
mvtec_31fb47603fb3f6d2,0,,good
mvtec_bceec5b0af2d1c48,0,,good
mvtec_09a30508c719c701,0,,good
mvtec_993fac5bc85ac91b,0,,good
mvtec_8401af685664f9fd,0,,good
mvtec_1af97ec082565e47,0,,good
mvtec_ed296da3444acf13,0,,good
mvtec_48cfebeb8ca6f54f,0,,good
mvtec_412beab484814a8c,0,,good
mvtec_a2554b400f9bc1b4,0,,good
mvtec_441fac74f0ca38d9,0,,good
mvtec_27bb508c39bd39a7,0,,good
mvtec_4a8099d9b755b653,0,,good
mvtec_24ea84ab52b49ade,0,,good
mvtec_7bbe8b61cdf428a8,0,,good
mvtec_6a2e936a390aed5f,0,,good
mvtec_2e7bf2095f3aad04,0,,good
mvtec_b72b4864e5311bb7,0,,good
mvtec_a2e6a484aa47a112,0,,good
mvtec_aa83bfe672c5a815,0,,good
mvtec_f3de0457b4e3aabf,0,,good
mvtec_aac4cbcbd7082829,0,,good
mvtec_af2d6617d1855959,0,,good
mvtec_42faf765fdfe55cb,0,,good
mvtec_3ecb500d694edd50,0,,good
mvtec_a7187227762adff0,0,,good
mvtec_30f8517fc19ac1bb,0,,good
mvtec_4b46bd5e41a00f14,0,,good
mvtec_d27c529396305390,0,,good
mvtec_514264b7ca4554ae,0,,good
mvtec_eebe30276d04fd0e,0,,good
mvtec_d5ea1abc8a7e07af,0,,good
mvtec_0b9632901cdabf2c,0,,good
mvtec_42ed80fc437d93e6,0,,good
mvtec_834122cc3c32c146,0,,good
mvtec_d2d553d5be102bd3,0,,good
mvtec_1c4153e485e69fc4,0,,good
mvtec_26c122319a715005,0,,good
mvtec_233ce03f73dcf253,0,,good
mvtec_8c3882f82bf8f170,0,,good
mvtec_3d552664340922d7,0,,good
mvtec_1202817c5fc243c8,0,,good
mvtec_e69e49103192c4ab,0,,good
mvtec_79eadb2b0bf03c05,0,,good
mvtec_c9f1ab619f4b1574,0,,good
mvtec_337bca40743b3e50,0,,good
mvtec_2ef85e047dd37761,0,,good
mvtec_1c4b8eebb1671679,0,,good
mvtec_b552a5b0e41e3027,0,,good
mvtec_141efd14593beefa,0,,good
mvtec_1a2867dd42b763d3,0,,good
mvtec_09d0be9b9e9439af,0,,good
mvtec_c023ad3bfebe4066,0,,good
mvtec_343201462c27654b,0,,good
mvtec_43e39ea9cd58d53a,0,,good
mvtec_8dbb78f9047793a6,0,,good
mvtec_73c07636015440b4,0,,good
mvtec_e474566acc0f9a6c,0,,good
mvtec_d1f53e956b3afed7,0,,good
mvtec_1480f40556aa100f,0,,good
mvtec_dfbb5038135e4c0b,0,,good
mvtec_706a07d9ac3ecc3d,0,,good
mvtec_c4f0920f1cbd27bd,0,,good
mvtec_5fd28c074af1d149,0,,good
mvtec_8386b95c5e4cc546,0,,good
mvtec_f6048de25b31f8d0,0,,good
mvtec_e09f528ed4b49304,0,,good
mvtec_6f4e149be5ec689e,0,,good
mvtec_e8d6c74dfe470ca7,0,,good
mvtec_1437a2babe96a283,0,,good
mvtec_5209630d643d1ef5,0,,good
mvtec_3adf38d505504add,0,,good
mvtec_a47ecbb721c79cd3,0,,good
mvtec_09ac5a84ae4a9d3b,0,,good
mvtec_ec74f4c4093f2447,0,,good
mvtec_0d09686ea264d503,0,,good
mvtec_7ecd876ed2bef870,0,,good
mvtec_79fcd15e24b817b3,0,,good
mvtec_a45f61f1736b561f,0,,good
mvtec_536737dded76bba5,0,,good
mvtec_37b596db476383e7,0,,good
mvtec_114f996aff3dd6cc,0,,good
mvtec_a9d118ff91588986,0,,good
mvtec_b888a129403a57ad,0,,good
mvtec_caa67915632761cf,0,,good
mvtec_f518330962398d15,0,,good
mvtec_b15a206961f78451,0,,good
mvtec_281fe08752663527,0,,good
mvtec_3c17f6db1c08da5e,0,,good
mvtec_099352cc6e67439a,0,,good
mvtec_71e67a92c157e4f4,0,,good
mvtec_827f3bd7f5ab0ddf,0,,good
mvtec_881bde6612f4bc2c,0,,good
mvtec_9d959f172211f7b0,0,,good
mvtec_2d70c57ae1030e48,0,,good
mvtec_3b4cfb28aa3b840b,0,,good
mvtec_56d583b6bd322301,0,,good
mvtec_7338f556d402a687,0,,good
mvtec_c27b812ba3906675,0,,good
mvtec_ac4d5cb854abcd80,0,,good
mvtec_422102a2c15c9079,0,,good
mvtec_2ab46857f5e7e44c,0,,good
mvtec_b61ad6e0cdd36ee3,0,,good
mvtec_7e53145482e896a8,0,,good
mvtec_966f3528a8036168,0,,good
mvtec_dd2759150994e411,0,,good
mvtec_81b29d36f4f9cc2d,0,,good
mvtec_e846c77bc427e2e7,0,,good
mvtec_ed1002d2375460f9,0,,good
mvtec_495a5b4edb5c0d0f,0,,good
mvtec_e3ced2b4a6946f61,0,,good
mvtec_532f5baadbe2addf,0,,good
mvtec_5d035c35f5ca82cc,0,,good
mvtec_cd4bfb9c1979a1a0,0,,good
mvtec_719be128513dd9e9,0,,good
mvtec_7115c8c324b094aa,0,,good
mvtec_15e698f68b84cd8d,0,,good
mvtec_a3657fe73098824b,0,,good
mvtec_a42325117d9fa508,0,,good
mvtec_96adb555687522b5,0,,good
mvtec_7879999687139c40,0,,good
mvtec_9a8bd799d2b6556a,0,,good
mvtec_751b64a5569ba7db,0,,good
mvtec_471a3a302016493a,0,,good
mvtec_502e48785577585a,0,,good
mvtec_69d18c4519fb01d6,0,,good
mvtec_c56421d787649a5f,0,,good
mvtec_cc87a05ef0b8aba0,0,,good
mvtec_6c11d664f805c3ec,0,,good
mvtec_0bdf7160cef1a264,0,,good
mvtec_49424355e1efa01f,0,,good
mvtec_665f7fcc168f3999,0,,good
mvtec_66cdd10fbdff4418,0,,good
mvtec_af7ec008d2a80374,0,,good
mvtec_0d4059e6bf338207,0,,good
mvtec_a7e9371e6817a643,0,,good
mvtec_ad0dce8405bb656c,0,,good
mvtec_c61037bf9bded37b,0,,good
mvtec_2d9583a2265deb66,0,,good
mvtec_93ba2a3e9c8969a0,0,,good
mvtec_4180c27087155854,0,,good
mvtec_7b96cd72ed25ffee,0,,good
mvtec_f11bfb278ceff879,0,,good
mvtec_e17aaadc9043bbc5,0,,good
mvtec_e5ebaff9d152ce91,0,,good
mvtec_3da5033ff879cc4d,0,,good
mvtec_cc87c5f25e2c1eb9,0,,good
mvtec_2d27cfb977dee323,0,,good
mvtec_340092efb57440e0,0,,good
mvtec_4b3f41d06c5a32df,0,,good
mvtec_f228fe7503edcf91,0,,good
mvtec_508638244bd0643e,0,,good
mvtec_23bebb9b8de0c628,0,,good
mvtec_cfc014d01c1756c5,0,,good
mvtec_6ca5a8fdf05a5c35,0,,good
mvtec_6924c543fdb6ef32,0,,good
mvtec_5b218dc5303bac7a,0,,good
mvtec_ebf14f4be09d26e0,0,,good
mvtec_34f5f4dd07163ac2,0,,good
mvtec_93d8fdbbf9995393,0,,good
mvtec_3f8f20b774a55817,0,,good
mvtec_50aa380eeb8253cb,0,,good
mvtec_ad08904b50f0f5d1,0,,good
mvtec_d2207b36acd4a837,0,,good
mvtec_06bfb35f2f3fe4a9,0,,good
mvtec_ad4e121c49d75c15,0,,good
mvtec_c65169dd5a57a3cc,0,,good
mvtec_50bf5828bfbb0a54,0,,good
mvtec_73f293c70b2196f7,0,,good
mvtec_6db6091b4fb6d5ca,0,,good
mvtec_78ef2078877a4d57,0,,good
mvtec_3187f798f4b9850f,0,,good
mvtec_f0b99f5de1af1c80,0,,good
mvtec_20029ad86689a19a,0,,good
mvtec_4ac6aaf399db6442,0,,good
mvtec_dafb57263375a12b,0,,good
mvtec_511dbaff19d1bc76,0,,good
mvtec_7e59f155c1e9f9ff,0,,good
mvtec_e4f42bca2323c55f,0,,good
mvtec_efc50f108f7d72fc,0,,good
mvtec_227c9b06a27e03b0,0,,good
mvtec_6a898e2528f34a8b,0,,good
mvtec_dd74b4f182be391a,0,,good
mvtec_e10ced9fa86f33a8,0,,good
mvtec_8f20ad07e5e7db69,0,,good
mvtec_f9f449c17b86a7f4,0,,good
mvtec_941899c6edb37a03,0,,good
mvtec_05ced4e486f6d603,0,,good
mvtec_ad448c8bf271f88d,0,,good
mvtec_ec0e1572587fa2dd,0,,good
mvtec_c00510cbaad2229c,0,,good
mvtec_c3ace65903a7166b,0,,good
mvtec_6cc620c8980e2494,0,,good
mvtec_991aa061092cb4e4,0,,good
mvtec_a18d3905b97a3655,0,,good
mvtec_4556e4941fadbe06,0,,good
mvtec_1e873e1393975f0d,0,,good
mvtec_f957c711b707fd6c,0,,good
mvtec_764eeb817753ddad,0,,good
mvtec_956d0cf8df69e713,0,,good
mvtec_8c97932ec4971137,0,,good
mvtec_05f9d0ceba972375,0,,good
mvtec_301bfdc1c66b9ddd,0,,good
mvtec_ce56e74185c10641,0,,good
mvtec_e21bdfd18d8ef457,0,,good
mvtec_d5fd659d2f65c7d1,0,,good
mvtec_d4e2b9764f5f6434,0,,good
mvtec_2578b3ae5a0ca12b,0,,good
mvtec_975c8a201a3ee90d,0,,good
mvtec_1812ad1d37e565ba,0,,good
mvtec_b1796f09f44778c6,0,,good
mvtec_9690190fdb7f25e3,0,,good
mvtec_9d5826fdbbcccab6,0,,good
mvtec_4b8cebd8a55065db,0,,good
mvtec_9d9c252e2fcacbb3,0,,good
mvtec_5ea5a8f212475f36,0,,good
mvtec_046e9ab28c14ddd9,0,,good
mvtec_0c6e320bd3f08844,0,,good
mvtec_75b6b5d9755d9980,0,,good
mvtec_2e79b8c7670f4d16,0,,good
mvtec_d0966b57d972644b,0,,good
mvtec_b15e954f5a4e1ccd,0,,good
mvtec_907359cb685fdd50,0,,good
mvtec_d653ae982d743a8b,0,,good
mvtec_7d8d3f1e26253c1e,0,,good
mvtec_bf449631417fb183,0,,good
mvtec_d22d42a86dfd6b9c,0,,good
mvtec_42b3d1bb58c228ee,0,,good
mvtec_1eb19d4db925b1e7,0,,good
mvtec_d441819f0ee6ac8a,0,,good
mvtec_92eee4ee8e12786c,0,,good
mvtec_f1783fec097c9f7b,0,,good
mvtec_c1c7fc7a9550542f,0,,good
mvtec_111f43548960262f,0,,good
mvtec_8d8a171828db288a,0,,good
mvtec_4086317d3df69d00,0,,good
mvtec_fe6372bf09fea88a,0,,good
mvtec_41db2fd666294492,0,,good
mvtec_5a36667c889b910b,0,,good
mvtec_76db042dcbd80111,0,,good
mvtec_a4969c07f73bf32d,0,,good
mvtec_a1457b6e05dbeaff,0,,good
mvtec_da1f14defc1f9501,0,,good
mvtec_c64b1c7cc2b60652,0,,good
mvtec_0c30ac0d90b27e5c,0,,good
mvtec_dadbb567a078c5d2,0,,good
mvtec_ae067ec2d55f355d,0,,good
mvtec_b848bb79d934c2ee,0,,good
mvtec_431e644ab95f90e8,0,,good
mvtec_e02da37c2c6e7429,0,,good
mvtec_bbd6dba5a8bf99d2,0,,good
mvtec_b7109a841a6e1c19,0,,good
mvtec_89c60c58a6a8f0fd,0,,good
mvtec_05c2c8058c015442,0,,good
mvtec_4b97962bfb0147bc,0,,good
mvtec_019db7fcb136bf43,0,,good
mvtec_2f904dce41e0b98b,0,,good
mvtec_5203c06cca9e3f63,0,,good
mvtec_e86c775c30c7b521,0,,good
mvtec_f92cd7c83bbbfa26,0,,good
mvtec_60c242ce0b16d204,0,,good
mvtec_33b14ea7f27db562,0,,good
mvtec_79054162b7f80ece,0,,good
mvtec_3f73cd3364cbc56a,0,,good
mvtec_09675b3892388b76,0,,good
mvtec_9900d7bc2f91f8a3,0,,good
mvtec_812d6ebe541400e6,0,,good
mvtec_cb56bebc1e2af13b,0,,good
mvtec_f6c7ad2217720300,0,,good
mvtec_3db986c16ea4e394,0,,good
mvtec_7fff31bae62f4a56,0,,good
mvtec_e0f750b38794510a,0,,good
mvtec_fd9374061773fe14,0,,good
mvtec_ceb660af1f2a3d0a,0,,good
mvtec_e48472cfcbe9e4dd,0,,good
mvtec_533aa1015b055541,0,,good
mvtec_ae87553f5f56f9bd,0,,good
mvtec_9190a9170cb78ab6,0,,good
mvtec_3bb0e6ff6a584875,0,,good
mvtec_5b3720614ede5223,0,,good
mvtec_d0e5423da154f210,0,,good
mvtec_f1e80aff578f47fa,0,,good
mvtec_27d712aa7a2df606,0,,good
mvtec_0c56c456094ac30c,0,,good
mvtec_dbe8b38dfda6362f,0,,good
mvtec_d958bad67c8f8e87,0,,good
mvtec_035f938b438cdf66,0,,good
mvtec_f75cf00076e385e5,0,,good
mvtec_9f2ab2d8145497f2,0,,good
mvtec_79f195577e932d0d,0,,good
mvtec_7aba209e01e0f9e3,0,,good
mvtec_22142f8924b56335,0,,good
mvtec_2393406b9d02306b,0,,good
mvtec_b6d19640142447c3,0,,good
mvtec_50dbae5cc1fc09d8,0,,good
mvtec_0cf4bca321e27562,0,,good
mvtec_a829c358b47965cc,0,,good
mvtec_c84ce2eb244b3411,0,,good
mvtec_06eaac38833e4c43,0,,good
mvtec_4e3198371a2dcd1e,0,,good
mvtec_5e89b7a107e04c20,0,,good
mvtec_061305390c32c611,0,,good
mvtec_a0bf9f15cdf5d489,0,,good
mvtec_d4322484ac61b32f,0,,good
mvtec_72dba90037fda378,0,,good
mvtec_cd2330acd3b8c8a7,0,,good
mvtec_6419558561c39f96,0,,good
mvtec_672a5eba61ec4a14,0,,good
mvtec_1b9640236afec372,0,,good
mvtec_e58eaecc777987ba,0,,good
mvtec_1185f16836ba79c9,0,,good
mvtec_b0bf69bfde46d467,0,,good
mvtec_6938b3d48ffad03b,0,,good
mvtec_98391636359d39d1,0,,good
mvtec_f85527ef46b10caf,0,,good
mvtec_036872a3778d33a3,0,,good
mvtec_d4c7f9eacd674161,0,,good
mvtec_59738c702ff8a537,0,,good
mvtec_b5f74683fe73421a,0,,good
mvtec_1f94d3e22656432e,0,,good
mvtec_8badecaf522c641b,0,,good
mvtec_1d580c6dbc949789,0,,good
mvtec_c397f2f14a402aaa,0,,good
mvtec_2c5e643490fc7252,0,,good
mvtec_5c0e5c0e2b640f35,0,,good
mvtec_adf041c248bbc5d8,0,,good
mvtec_72e2729b8098b999,0,,good
mvtec_3798d801ca3b8b22,0,,good
mvtec_c93fc8c41945b53e,0,,good
mvtec_d7e90f8dbf773936,0,,good
mvtec_64757c406fa2861c,0,,good
mvtec_cf6f1a7fb60aa60e,0,,good
mvtec_6951cdfa075bdf47,0,,good
mvtec_e90ae89dd61b5b08,0,,good
mvtec_607597e5bcc299bb,0,,good
mvtec_fa7364b2748c7560,0,,good
mvtec_032f38e756e04b50,0,,good
mvtec_b6061a2a7c169531,0,,good
mvtec_e9ab007fe8b2945a,0,,good
mvtec_09bffc60a0750bbe,0,,good
mvtec_0f9a09ceb148a3f9,0,,good
mvtec_06731cdc9f2e478a,0,,good
mvtec_aa8c76b7fd0d5b79,0,,good
mvtec_cb04096f3e35507e,0,,good
mvtec_0a0b6eeb38cac7a7,0,,good
mvtec_f457d84aef04afb3,0,,good
mvtec_414f0d2183a66062,0,,good
mvtec_4387f06db9be520f,0,,good
mvtec_3e4d5c861b53d0c2,0,,good
mvtec_df4bafce8b77e063,0,,good
mvtec_115f5e42d3c5ad1c,0,,good
mvtec_3d431745d7350a09,0,,good
mvtec_95ea1744dc5f8865,0,,good
mvtec_2649aba941d0b249,0,,good
mvtec_7a20ebf1c83eeafe,0,,good
mvtec_52d66f2322265bb2,0,,good
mvtec_ddf466889f9a08be,0,,good
mvtec_be40cd63c2743603,0,,good
mvtec_5179ae80948cc49d,0,,good
mvtec_c06799006350dd11,0,,good
mvtec_3e8f37f0411b86c1,0,,good
mvtec_e534cb74340e365c,0,,good
mvtec_fd92170cf481851a,0,,good
mvtec_56f6cad6094a207a,1,/data/gauss/ldh/myDatasets/mvtec_anomaly_detection/hazelnut/ground_truth/crack/000_mask.png,crack
mvtec_2aa82ff72aa7c4c1,1,/data/gauss/ldh/myDatasets/mvtec_anomaly_detection/hazelnut/ground_truth/crack/001_mask.png,crack
mvtec_8359f6fc95b92fcc,1,/data/gauss/ldh/myDatasets/mvtec_anomaly_detection/hazelnut/ground_truth/crack/002_mask.png,crack
mvtec_bb29f3273a7aadd6,1,/data/gauss/ldh/myDatasets/mvtec_anomaly_detection/hazelnut/ground_truth/crack/003_mask.png,crack
mvtec_aed337d35d7c3faf,1,/data/gauss/ldh/myDatasets/mvtec_anomaly_detection/hazelnut/ground_truth/crack/004_mask.png,crack
mvtec_89705b8c8d672d8a,1,/data/gauss/ldh/myDatasets/mvtec_anomaly_detection/hazelnut/ground_truth/crack/005_mask.png,crack
mvtec_82ead6a2fbb81f97,1,/data/gauss/ldh/myDatasets/mvtec_anomaly_detection/hazelnut/ground_truth/crack/006_mask.png,crack
mvtec_0f95895bbb419f47,1,/data/gauss/ldh/myDatasets/mvtec_anomaly_detection/hazelnut/ground_truth/crack/007_mask.png,crack
mvtec_8be6c1f01dae958c,1,/data/gauss/ldh/myDatasets/mvtec_anomaly_detection/hazelnut/ground_truth/crack/008_mask.png,crack
mvtec_2bbb409b5d6b836d,1,/data/gauss/ldh/myDatasets/mvtec_anomaly_detection/hazelnut/ground_truth/crack/009_mask.png,crack
mvtec_0b378296a4a389c2,1,/data/gauss/ldh/myDatasets/mvtec_anomaly_detection/hazelnut/ground_truth/crack/010_mask.png,crack
mvtec_534d2bc01d22a80f,1,/data/gauss/ldh/myDatasets/mvtec_anomaly_detection/hazelnut/ground_truth/crack/011_mask.png,crack
mvtec_de00aa976a680b6f,1,/data/gauss/ldh/myDatasets/mvtec_anomaly_detection/hazelnut/ground_truth/crack/012_mask.png,crack
mvtec_c7c187767099dfc0,1,/data/gauss/ldh/myDatasets/mvtec_anomaly_detection/hazelnut/ground_truth/crack/013_mask.png,crack
mvtec_0f7131862ef72dab,1,/data/gauss/ldh/myDatasets/mvtec_anomaly_detection/hazelnut/ground_truth/crack/014_mask.png,crack
mvtec_0d5fd941254b16f2,1,/data/gauss/ldh/myDatasets/mvtec_anomaly_detection/hazelnut/ground_truth/crack/015_mask.png,crack
mvtec_a19a140aef0a2a89,1,/data/gauss/ldh/myDatasets/mvtec_anomaly_detection/hazelnut/ground_truth/crack/016_mask.png,crack
mvtec_56f43cf8881ee72e,1,/data/gauss/ldh/myDatasets/mvtec_anomaly_detection/hazelnut/ground_truth/crack/017_mask.png,crack
mvtec_c348b38fdad461cc,1,/data/gauss/ldh/myDatasets/mvtec_anomaly_detection/hazelnut/ground_truth/cut/000_mask.png,cut
mvtec_74d9163a11b3680f,1,/data/gauss/ldh/myDatasets/mvtec_anomaly_detection/hazelnut/ground_truth/cut/001_mask.png,cut
mvtec_b8fab34c18021e56,1,/data/gauss/ldh/myDatasets/mvtec_anomaly_detection/hazelnut/ground_truth/cut/002_mask.png,cut
mvtec_d09ca91f2dc4ed5a,1,/data/gauss/ldh/myDatasets/mvtec_anomaly_detection/hazelnut/ground_truth/cut/003_mask.png,cut
mvtec_d156e854ca6aae8e,1,/data/gauss/ldh/myDatasets/mvtec_anomaly_detection/hazelnut/ground_truth/cut/004_mask.png,cut
mvtec_14edd6233eb1591f,1,/data/gauss/ldh/myDatasets/mvtec_anomaly_detection/hazelnut/ground_truth/cut/005_mask.png,cut
mvtec_9bb08fd55d2b09fd,1,/data/gauss/ldh/myDatasets/mvtec_anomaly_detection/hazelnut/ground_truth/cut/006_mask.png,cut
mvtec_6cd5f573d503da64,1,/data/gauss/ldh/myDatasets/mvtec_anomaly_detection/hazelnut/ground_truth/cut/007_mask.png,cut
mvtec_ae6195c569c49368,1,/data/gauss/ldh/myDatasets/mvtec_anomaly_detection/hazelnut/ground_truth/cut/008_mask.png,cut
mvtec_cdc1376aec4b771f,1,/data/gauss/ldh/myDatasets/mvtec_anomaly_detection/hazelnut/ground_truth/cut/009_mask.png,cut
mvtec_64911b64cb962dbf,1,/data/gauss/ldh/myDatasets/mvtec_anomaly_detection/hazelnut/ground_truth/cut/010_mask.png,cut
mvtec_c185c93a33fc255f,1,/data/gauss/ldh/myDatasets/mvtec_anomaly_detection/hazelnut/ground_truth/cut/011_mask.png,cut
mvtec_93a5e92c86cb7c4c,1,/data/gauss/ldh/myDatasets/mvtec_anomaly_detection/hazelnut/ground_truth/cut/012_mask.png,cut
mvtec_43b2bef575263a63,1,/data/gauss/ldh/myDatasets/mvtec_anomaly_detection/hazelnut/ground_truth/cut/013_mask.png,cut
mvtec_d66528757f20cdc2,1,/data/gauss/ldh/myDatasets/mvtec_anomaly_detection/hazelnut/ground_truth/cut/014_mask.png,cut
mvtec_ac30aaca3c377c09,1,/data/gauss/ldh/myDatasets/mvtec_anomaly_detection/hazelnut/ground_truth/cut/015_mask.png,cut
mvtec_81da83227b1fbdab,1,/data/gauss/ldh/myDatasets/mvtec_anomaly_detection/hazelnut/ground_truth/cut/016_mask.png,cut
mvtec_0b9f084e63b2e789,1,/data/gauss/ldh/myDatasets/mvtec_anomaly_detection/hazelnut/ground_truth/hole/000_mask.png,hole
mvtec_e3e7bb572eb9b3ab,1,/data/gauss/ldh/myDatasets/mvtec_anomaly_detection/hazelnut/ground_truth/hole/001_mask.png,hole
mvtec_fffdf26648f59e16,1,/data/gauss/ldh/myDatasets/mvtec_anomaly_detection/hazelnut/ground_truth/hole/002_mask.png,hole
mvtec_a465518e07cfda16,1,/data/gauss/ldh/myDatasets/mvtec_anomaly_detection/hazelnut/ground_truth/hole/003_mask.png,hole
mvtec_7858596a502a1390,1,/data/gauss/ldh/myDatasets/mvtec_anomaly_detection/hazelnut/ground_truth/hole/004_mask.png,hole
mvtec_fee6607500b4641e,1,/data/gauss/ldh/myDatasets/mvtec_anomaly_detection/hazelnut/ground_truth/hole/005_mask.png,hole
mvtec_7d87f3fbe025ded9,1,/data/gauss/ldh/myDatasets/mvtec_anomaly_detection/hazelnut/ground_truth/hole/006_mask.png,hole
mvtec_a997b0a56d6ccabd,1,/data/gauss/ldh/myDatasets/mvtec_anomaly_detection/hazelnut/ground_truth/hole/007_mask.png,hole
mvtec_9c51529ba503cb7c,1,/data/gauss/ldh/myDatasets/mvtec_anomaly_detection/hazelnut/ground_truth/hole/008_mask.png,hole
mvtec_a253ca52766f9f71,1,/data/gauss/ldh/myDatasets/mvtec_anomaly_detection/hazelnut/ground_truth/hole/009_mask.png,hole
mvtec_db31d87a6e3ccae3,1,/data/gauss/ldh/myDatasets/mvtec_anomaly_detection/hazelnut/ground_truth/hole/010_mask.png,hole
mvtec_3bd3a7a6a3de9d51,1,/data/gauss/ldh/myDatasets/mvtec_anomaly_detection/hazelnut/ground_truth/hole/011_mask.png,hole
mvtec_88bc710e0dd2a9c0,1,/data/gauss/ldh/myDatasets/mvtec_anomaly_detection/hazelnut/ground_truth/hole/012_mask.png,hole
mvtec_1d3c2aa16141395f,1,/data/gauss/ldh/myDatasets/mvtec_anomaly_detection/hazelnut/ground_truth/hole/013_mask.png,hole
mvtec_921f71444a0b566a,1,/data/gauss/ldh/myDatasets/mvtec_anomaly_detection/hazelnut/ground_truth/hole/014_mask.png,hole
mvtec_6dffd811500fb60f,1,/data/gauss/ldh/myDatasets/mvtec_anomaly_detection/hazelnut/ground_truth/hole/015_mask.png,hole
mvtec_bfb06b27315f68fa,1,/data/gauss/ldh/myDatasets/mvtec_anomaly_detection/hazelnut/ground_truth/hole/016_mask.png,hole
mvtec_e3260a99dd9ad94e,1,/data/gauss/ldh/myDatasets/mvtec_anomaly_detection/hazelnut/ground_truth/hole/017_mask.png,hole
mvtec_97b7b9480adbfb6f,1,/data/gauss/ldh/myDatasets/mvtec_anomaly_detection/hazelnut/ground_truth/print/000_mask.png,print
mvtec_196dffdff89bcf65,1,/data/gauss/ldh/myDatasets/mvtec_anomaly_detection/hazelnut/ground_truth/print/001_mask.png,print
mvtec_54e8dfca213ed3f2,1,/data/gauss/ldh/myDatasets/mvtec_anomaly_detection/hazelnut/ground_truth/print/002_mask.png,print
mvtec_055ec5b5e41a6ea3,1,/data/gauss/ldh/myDatasets/mvtec_anomaly_detection/hazelnut/ground_truth/print/003_mask.png,print
mvtec_f80c13fd4c50150a,1,/data/gauss/ldh/myDatasets/mvtec_anomaly_detection/hazelnut/ground_truth/print/004_mask.png,print
mvtec_eb0592778a37d65d,1,/data/gauss/ldh/myDatasets/mvtec_anomaly_detection/hazelnut/ground_truth/print/005_mask.png,print
mvtec_f8d0c56707fd6d7e,1,/data/gauss/ldh/myDatasets/mvtec_anomaly_detection/hazelnut/ground_truth/print/006_mask.png,print
mvtec_3e6755001acf6d64,1,/data/gauss/ldh/myDatasets/mvtec_anomaly_detection/hazelnut/ground_truth/print/007_mask.png,print
mvtec_4ccab86b4262496a,1,/data/gauss/ldh/myDatasets/mvtec_anomaly_detection/hazelnut/ground_truth/print/008_mask.png,print
mvtec_900077968fcdd684,1,/data/gauss/ldh/myDatasets/mvtec_anomaly_detection/hazelnut/ground_truth/print/009_mask.png,print
mvtec_bf501d1c0aec602b,1,/data/gauss/ldh/myDatasets/mvtec_anomaly_detection/hazelnut/ground_truth/print/010_mask.png,print
mvtec_479a01f8974c0da8,1,/data/gauss/ldh/myDatasets/mvtec_anomaly_detection/hazelnut/ground_truth/print/011_mask.png,print
mvtec_09a317612014b3e5,1,/data/gauss/ldh/myDatasets/mvtec_anomaly_detection/hazelnut/ground_truth/print/012_mask.png,print
mvtec_19b3fe1e93cf9e21,1,/data/gauss/ldh/myDatasets/mvtec_anomaly_detection/hazelnut/ground_truth/print/013_mask.png,print
mvtec_c68f23b28b9b59ee,1,/data/gauss/ldh/myDatasets/mvtec_anomaly_detection/hazelnut/ground_truth/print/014_mask.png,print
mvtec_0e179c9c711a9d99,1,/data/gauss/ldh/myDatasets/mvtec_anomaly_detection/hazelnut/ground_truth/print/015_mask.png,print
mvtec_f4487903003e688b,1,/data/gauss/ldh/myDatasets/mvtec_anomaly_detection/hazelnut/ground_truth/print/016_mask.png,print
mvtec_3ddb3e958293c2d3,0,,good
mvtec_2557abb4cf8917d3,0,,good
mvtec_c67e665de1a0c0d6,0,,good
mvtec_396e0e0992423b26,0,,good
mvtec_57f9e0713bdf55b8,0,,good
mvtec_e4ef9aeaad196e88,0,,good
mvtec_c52421c7c4a34eca,0,,good
mvtec_118befdcd06118ff,0,,good
mvtec_4fcfc8599f970c66,0,,good
mvtec_aba411315966326c,0,,good
mvtec_1a6f221d70410e0d,0,,good
mvtec_5f38045524e16a6e,0,,good
mvtec_5d76ff9fd31e8337,0,,good
mvtec_4af11d3efa91b355,0,,good
mvtec_26ae9586abfb812f,0,,good
mvtec_3de1638ec4a96096,0,,good
mvtec_87a2d5a4c5f16fbc,0,,good
mvtec_b91e749e504b9838,0,,good
mvtec_67a7bdf6cbbb8fa7,0,,good
mvtec_9eff6f6ba805de3d,0,,good
mvtec_f869dfb851180315,0,,good
mvtec_72ec3e2f2dedbd45,0,,good
mvtec_e8d30b5c02fd3dbd,0,,good
mvtec_ac5c179c5cca7b2c,0,,good
mvtec_a517b5fc2a868f4f,0,,good
mvtec_1c4f765510b64acd,0,,good
mvtec_89a8a2c0c58bb447,0,,good
mvtec_7ef591ed45f77e5d,0,,good
mvtec_6058f1398b0d3a28,0,,good
mvtec_6082077e8b8727be,0,,good
mvtec_b7ab3b9d0d159a2a,0,,good
mvtec_b8850a2a02207566,0,,good
mvtec_772816f301982e16,0,,good
mvtec_1cb1241dda646680,0,,good
mvtec_68e63c6c3e097004,0,,good
mvtec_26eb55e75495c7be,0,,good
mvtec_e3ad4d8aa0791338,0,,good
mvtec_8b752c6101b9d7cc,0,,good
mvtec_a9434cfebb2897b5,0,,good
mvtec_fa1eef9d5735375f,0,,good
mvtec_672b6425201b2fc9,0,,good
mvtec_7f16affe7f830e95,0,,good
mvtec_4d4b099c8540d9b9,0,,good
mvtec_b6454c4d22930cdf,0,,good
mvtec_0c425e7ce035d8ab,0,,good
mvtec_9af6606bb1fefc42,0,,good
mvtec_30cb0fbcfe360dcf,0,,good
mvtec_bf08d9cd9e868905,0,,good
mvtec_85a4b600ffa8c62a,0,,good
mvtec_1e6442c9b1cc8662,0,,good
mvtec_26e730db2b02748e,0,,good
mvtec_096b1b150b8283b0,0,,good
mvtec_fa2004339f3809ad,0,,good
mvtec_33095c39b29060f3,0,,good
mvtec_8e2ade0997e4b400,0,,good
mvtec_e96557f9f176e2d4,0,,good
mvtec_efe61e36b344d028,0,,good
mvtec_a8c2db228614a542,0,,good
mvtec_ae2c8af814bd5f5b,0,,good
mvtec_289ab145ce120115,0,,good
mvtec_bcae965f1722827b,0,,good
mvtec_d0aa1446af45dc61,0,,good
mvtec_dcdf7eda556c303d,0,,good
mvtec_433be295cc4ff1ff,0,,good
mvtec_2b60f0776453a87b,0,,good
mvtec_a48b4fdb54a29d80,0,,good
mvtec_b12cce5b34e2094d,0,,good
mvtec_1b45e3aed721ab22,0,,good
mvtec_d19163fa1ea85aee,0,,good
mvtec_a67e0b1b841a2521,0,,good
mvtec_110eec0392bf97aa,0,,good
mvtec_e03299b7197c42ed,0,,good
mvtec_2f33332d30e6b1bc,0,,good
mvtec_6b06cc67d3870114,0,,good
mvtec_1d741f5522903ebf,0,,good
mvtec_47057b7b757102b0,0,,good
mvtec_18087b2ad7bad211,0,,good
mvtec_9ff303c785cf6991,0,,good
mvtec_1c9811dcf15f3f85,0,,good
mvtec_ef20508be2fe75fa,0,,good
mvtec_7c60073d2eb26176,0,,good
mvtec_a0a562e844386ca5,0,,good
mvtec_2f75a7af8c601642,0,,good
mvtec_545c1a23fb72db1d,0,,good
mvtec_d4b93c04cb95d08d,0,,good
mvtec_a2212693dbc6562c,0,,good
mvtec_ae3736a3c26c8ef7,0,,good
mvtec_9bc9042a169e23fe,0,,good
mvtec_55f28012bf733d3f,0,,good
mvtec_f331b8aefaf96d0c,0,,good
mvtec_466f24a890d3069c,0,,good
mvtec_cbf0f7710d203c57,0,,good
mvtec_b83baea6de0a992a,0,,good
mvtec_464987bdc5f0c5d3,0,,good
mvtec_bb51557eee4db250,0,,good
mvtec_e03c94309ec2998e,0,,good
mvtec_eb0e30114c69d4e5,0,,good
mvtec_a3b9c8c670072557,0,,good
mvtec_d3ea30293a036299,0,,good
mvtec_dfa0e15d429ac47b,0,,good
mvtec_2e5dbe72b9b653b5,0,,good
mvtec_ed6405c8274826d5,0,,good
mvtec_56c2ce65fb335335,0,,good
mvtec_13dd29ca04d12207,0,,good
mvtec_2c07732e1daf3e95,0,,good
mvtec_9acb43bbf30a79aa,0,,good
mvtec_afa5c9012bde8f80,0,,good
mvtec_1abc6f15ce86ece6,0,,good
mvtec_8239a04448942b39,0,,good
mvtec_20cfe8ff7c935228,0,,good
mvtec_b93e9c3da0dc6735,0,,good
mvtec_d08701100761e4c5,0,,good
mvtec_a0e1c74b900bf819,0,,good
mvtec_8c1df486d50d0a9b,0,,good
mvtec_639a836e0919c480,0,,good
mvtec_ee4c2633bd7e97b1,0,,good
mvtec_0522463aa4ff14ce,0,,good
mvtec_19f7972769c0eeed,0,,good
mvtec_e79a541a80f35fb1,0,,good
mvtec_a433ffc3e25c08b5,0,,good
mvtec_d5a84e6083b4c5b8,0,,good
mvtec_c6cefd69644436a8,0,,good
mvtec_ad0c7cc1d9092cc3,0,,good
mvtec_958a9109092bd50c,0,,good
mvtec_d09887c13a84f1f5,0,,good
mvtec_7d0c7cef71f87e90,0,,good
mvtec_815c51c2d6dbbe63,0,,good
mvtec_28f6c724554a253a,0,,good
mvtec_390ea540cfa1d077,0,,good
mvtec_2006fc2fe26ed7e3,0,,good
mvtec_6f8d46cf64d62d0d,0,,good
mvtec_94f378644ceec3dc,0,,good
mvtec_ad1087c6c30a05f9,0,,good
mvtec_be46d94b2b3b58a1,0,,good
mvtec_1ef9617a9dad3aae,0,,good
mvtec_ee714d7c6de94a46,0,,good
mvtec_924c2518aa33bddd,0,,good
mvtec_8404443a46ae360b,0,,good
mvtec_7d71c053c135af77,0,,good
mvtec_9e249e26402ed9ab,0,,good
mvtec_4ad94a2d12c0ea27,0,,good
mvtec_494630501951bb89,0,,good
mvtec_6938892ec6b971a0,0,,good
mvtec_b424220ec2109a16,0,,good
mvtec_4f8a5e104ab94b8a,0,,good
mvtec_72746799e03649e9,0,,good
mvtec_1eba1454290f1ab7,0,,good
mvtec_9ad46b481458de15,0,,good
mvtec_d7b82a73572b1aa8,0,,good
mvtec_9e800411682e3818,0,,good
mvtec_7dbd6624c5a40636,0,,good
mvtec_9c1f23c32f92a670,0,,good
mvtec_54a3ce20126f2565,0,,good
mvtec_c01dac098e5f5943,0,,good
mvtec_517e1b21867e2873,0,,good
mvtec_2fa96beee479e614,0,,good
mvtec_cd5f9e7e5dcf5a53,0,,good
mvtec_e7663bd7d410052c,0,,good
mvtec_3855c72ff2e79e32,0,,good
mvtec_776b410a80f07a92,0,,good
mvtec_ae305ea25d3bbb03,0,,good
mvtec_2e9e06389eacd139,0,,good
mvtec_3aa6f13513fffb7e,0,,good
mvtec_c0c36b49109719e9,0,,good
mvtec_24a226d202f9ccef,0,,good
mvtec_b366038830b182ac,0,,good
mvtec_e4e3e6e64692f027,0,,good
mvtec_7c6c7c0d9445509d,0,,good
mvtec_39a4f8359e1e04f4,0,,good
mvtec_0b22e04ad3d96e16,0,,good
mvtec_5f47fd70f9b284c1,0,,good
mvtec_b3c994085edf03d1,0,,good
mvtec_214283337b5f7f11,0,,good
mvtec_502e4fb0b4c5b6bb,0,,good
mvtec_abf4f7407c6c3d43,0,,good
mvtec_a848b8517e6016de,0,,good
mvtec_7836c9ac1fb0d441,0,,good
mvtec_c08427bdfc1e1534,0,,good
mvtec_2c390b1a6f612029,0,,good
mvtec_23448daefe090217,0,,good
mvtec_0493bd02c926c33d,0,,good
mvtec_4ea89721b99bb0b2,0,,good
mvtec_6f8a5ffa2bf4db33,0,,good
mvtec_45afb01c5e80d018,0,,good
mvtec_b0aeca7ff4253fb8,0,,good
mvtec_75634f11b7bd3ad5,0,,good
mvtec_1b4dae2c3d8ce7f9,0,,good
mvtec_38c01cfef3d44073,0,,good
mvtec_9d5e68e45bfead3b,0,,good
mvtec_8e6e10d740b5e371,0,,good
mvtec_24ea703c34ffdaf0,0,,good
mvtec_0726238a59b63ff1,0,,good
mvtec_0d16fc9550e4386e,0,,good
mvtec_9c07e63206a50eee,0,,good
mvtec_33a7cb951a84bdbe,0,,good
mvtec_e61bb53915551686,0,,good
mvtec_f853fe94dc3ecea7,0,,good
mvtec_5cfa5a3aad93fd9e,0,,good
mvtec_7368834c5ee5796d,0,,good
mvtec_727c35773db0ec33,0,,good
mvtec_f4024a8e04ece40a,0,,good
mvtec_b01ca2ebfc4272ac,0,,good
mvtec_f84d98a5e8ef8421,0,,good
mvtec_d2f69d72e4dc6a0e,0,,good
mvtec_91728209f555276c,0,,good
mvtec_d77d3721d1f12030,0,,good
mvtec_af62b42710960316,0,,good
mvtec_87385cef52b8a305,0,,good
mvtec_f8e68d2da60179b1,0,,good
mvtec_c7cbe700c50f09ca,0,,good
mvtec_b02d1f2ddc55a15e,0,,good
mvtec_6f99fd6f1869e09f,0,,good
mvtec_22e947f22bf8c55e,0,,good
mvtec_fa08821f0cdee499,0,,good
mvtec_8e8e36e2127cfb62,0,,good
mvtec_be5d37d31051688a,0,,good
mvtec_d01111152d10998b,0,,good
mvtec_58fd6b51d73432e6,0,,good
mvtec_ac764c8f1fb5529f,0,,good
mvtec_3e57f56fcfcbb70b,0,,good
mvtec_52c76442dee49d19,0,,good
mvtec_671836141f4a3931,0,,good
mvtec_91ec9fb1330ce328,0,,good
mvtec_396dce4c0d0a9c3f,0,,good
mvtec_85528d05030a7cdf,0,,good
mvtec_6efd728245900bf5,0,,good
mvtec_523c42abe348385b,0,,good
mvtec_cae91923bb767270,0,,good
mvtec_6ed6b4cd532bafb1,0,,good
mvtec_29acf3ee26b43650,0,,good
mvtec_0b12d3b2364c9107,0,,good
mvtec_5cfdcb53cc7b22b3,0,,good
mvtec_7f4c5cafcb72065c,0,,good
mvtec_e7f8e7c89120ae54,0,,good
mvtec_294e74fd28d89335,0,,good
mvtec_492f93d1c671ec42,0,,good
mvtec_2d7e84cce7a62af3,0,,good
mvtec_4d97649ebdb320d9,0,,good
mvtec_14883e1d98741b21,0,,good
mvtec_fe1a44edde6df8cc,0,,good
mvtec_1027c0d6b42c8271,0,,good
mvtec_d9f47e331ad3df99,0,,good
mvtec_c9cfde4b2fc9d01d,0,,good
mvtec_fab63e05ad4993c3,0,,good
mvtec_e07de95f81f586a3,0,,good
mvtec_23cf29a31d808a79,0,,good
mvtec_39c0d81587cf4b03,0,,good
mvtec_63c4fbc164557722,0,,good
mvtec_c6eeae7c0c4d449b,0,,good
mvtec_e9493351ed51e09c,0,,good
mvtec_ccbdde70b8972f6f,0,,good
mvtec_d2e5f496e9f778b1,0,,good
mvtec_bb489e7f4ce70fd2,0,,good
mvtec_1e5c21722ce2447d,0,,good
mvtec_fbb7346d853b75e5,0,,good
mvtec_32b6f0d9136e7948,0,,good
mvtec_d74ee5a5e40858f0,0,,good
mvtec_231d95cb89b4e49e,0,,good
mvtec_ff093866f20494c3,0,,good
mvtec_46e86bc3f675c90d,0,,good
mvtec_d3beea9fabf04c49,0,,good
mvtec_dfe7d165541062cb,0,,good
mvtec_14085953a10fc59d,0,,good
mvtec_2426f1d4c7d0b4d8,0,,good
mvtec_f7dd76f26df63e73,0,,good
mvtec_aa7bc04672bb732b,0,,good
mvtec_237b582c738c85ec,0,,good
mvtec_18f206b98e2de6bf,0,,good
mvtec_bb7e999ecc6f2e0c,0,,good
mvtec_7a4d94db29eba141,0,,good
mvtec_bc25b2be2c2d17d6,0,,good
mvtec_86f8fcd9ff4002cd,0,,good
mvtec_57852d19b1d4e987,0,,good
mvtec_b583b09592262ea5,0,,good
mvtec_ceac56e5af7b316a,0,,good
mvtec_44e65db4102ffdbe,0,,good
mvtec_5dc3e92200f5f41d,0,,good
mvtec_1fe2701ef4e36dc8,1,/data/gauss/ldh/myDatasets/mvtec_anomaly_detection/leather/ground_truth/color/000_mask.png,color
mvtec_865737f364d50c41,1,/data/gauss/ldh/myDatasets/mvtec_anomaly_detection/leather/ground_truth/color/001_mask.png,color
mvtec_c9d80f0db973e36b,1,/data/gauss/ldh/myDatasets/mvtec_anomaly_detection/leather/ground_truth/color/002_mask.png,color
mvtec_bfeab54cb86993e1,1,/data/gauss/ldh/myDatasets/mvtec_anomaly_detection/leather/ground_truth/color/003_mask.png,color
mvtec_495cac79bb2621c5,1,/data/gauss/ldh/myDatasets/mvtec_anomaly_detection/leather/ground_truth/color/004_mask.png,color
mvtec_c2c6eec9a977c285,1,/data/gauss/ldh/myDatasets/mvtec_anomaly_detection/leather/ground_truth/color/005_mask.png,color
mvtec_ba01c1a49b39110f,1,/data/gauss/ldh/myDatasets/mvtec_anomaly_detection/leather/ground_truth/color/006_mask.png,color
mvtec_b5a565018e0c7cff,1,/data/gauss/ldh/myDatasets/mvtec_anomaly_detection/leather/ground_truth/color/007_mask.png,color
mvtec_707d50db490a2d24,1,/data/gauss/ldh/myDatasets/mvtec_anomaly_detection/leather/ground_truth/color/008_mask.png,color
mvtec_4a97bec366958239,1,/data/gauss/ldh/myDatasets/mvtec_anomaly_detection/leather/ground_truth/color/009_mask.png,color
mvtec_46672225fe3890d8,1,/data/gauss/ldh/myDatasets/mvtec_anomaly_detection/leather/ground_truth/color/010_mask.png,color
mvtec_a37aa5a8d59d907f,1,/data/gauss/ldh/myDatasets/mvtec_anomaly_detection/leather/ground_truth/color/011_mask.png,color
mvtec_4eb53633b313cbde,1,/data/gauss/ldh/myDatasets/mvtec_anomaly_detection/leather/ground_truth/color/012_mask.png,color
mvtec_411733a66fbf7dd9,1,/data/gauss/ldh/myDatasets/mvtec_anomaly_detection/leather/ground_truth/color/013_mask.png,color
mvtec_b714ad486aa12be8,1,/data/gauss/ldh/myDatasets/mvtec_anomaly_detection/leather/ground_truth/color/014_mask.png,color
mvtec_8fec83c94b621ed3,1,/data/gauss/ldh/myDatasets/mvtec_anomaly_detection/leather/ground_truth/color/015_mask.png,color
mvtec_e33c602dd4756118,1,/data/gauss/ldh/myDatasets/mvtec_anomaly_detection/leather/ground_truth/color/016_mask.png,color
mvtec_779f00c22811a30d,1,/data/gauss/ldh/myDatasets/mvtec_anomaly_detection/leather/ground_truth/color/017_mask.png,color
mvtec_8c026305921a36c8,1,/data/gauss/ldh/myDatasets/mvtec_anomaly_detection/leather/ground_truth/color/018_mask.png,color
mvtec_074908423dfc94de,1,/data/gauss/ldh/myDatasets/mvtec_anomaly_detection/leather/ground_truth/cut/000_mask.png,cut
mvtec_5efeacfb327f6bbd,1,/data/gauss/ldh/myDatasets/mvtec_anomaly_detection/leather/ground_truth/cut/001_mask.png,cut
mvtec_4ffc56befdb49cb8,1,/data/gauss/ldh/myDatasets/mvtec_anomaly_detection/leather/ground_truth/cut/002_mask.png,cut
mvtec_d0350a12f781d149,1,/data/gauss/ldh/myDatasets/mvtec_anomaly_detection/leather/ground_truth/cut/003_mask.png,cut
mvtec_da18dbe57cc5d30d,1,/data/gauss/ldh/myDatasets/mvtec_anomaly_detection/leather/ground_truth/cut/004_mask.png,cut
mvtec_91fbafa5cd686fe4,1,/data/gauss/ldh/myDatasets/mvtec_anomaly_detection/leather/ground_truth/cut/005_mask.png,cut
mvtec_e21761dd9033c78c,1,/data/gauss/ldh/myDatasets/mvtec_anomaly_detection/leather/ground_truth/cut/006_mask.png,cut
mvtec_626a5c274adfc24d,1,/data/gauss/ldh/myDatasets/mvtec_anomaly_detection/leather/ground_truth/cut/007_mask.png,cut
mvtec_e92cb251badf269a,1,/data/gauss/ldh/myDatasets/mvtec_anomaly_detection/leather/ground_truth/cut/008_mask.png,cut
mvtec_dd07e7a57ee7f1c6,1,/data/gauss/ldh/myDatasets/mvtec_anomaly_detection/leather/ground_truth/cut/009_mask.png,cut
mvtec_d92aab71d3fc7bfb,1,/data/gauss/ldh/myDatasets/mvtec_anomaly_detection/leather/ground_truth/cut/010_mask.png,cut
mvtec_ac51b09f56bc4066,1,/data/gauss/ldh/myDatasets/mvtec_anomaly_detection/leather/ground_truth/cut/011_mask.png,cut
mvtec_e8a24d542e83fc83,1,/data/gauss/ldh/myDatasets/mvtec_anomaly_detection/leather/ground_truth/cut/012_mask.png,cut
mvtec_cc4c10df98c0f37b,1,/data/gauss/ldh/myDatasets/mvtec_anomaly_detection/leather/ground_truth/cut/013_mask.png,cut
mvtec_cd4a08c3594afe8b,1,/data/gauss/ldh/myDatasets/mvtec_anomaly_detection/leather/ground_truth/cut/014_mask.png,cut
mvtec_16e41561648e4da3,1,/data/gauss/ldh/myDatasets/mvtec_anomaly_detection/leather/ground_truth/cut/015_mask.png,cut
mvtec_a27656bddd4b1580,1,/data/gauss/ldh/myDatasets/mvtec_anomaly_detection/leather/ground_truth/cut/016_mask.png,cut
mvtec_bf31a7d3bd6998f8,1,/data/gauss/ldh/myDatasets/mvtec_anomaly_detection/leather/ground_truth/cut/017_mask.png,cut
mvtec_be0f143c3e8d9621,1,/data/gauss/ldh/myDatasets/mvtec_anomaly_detection/leather/ground_truth/cut/018_mask.png,cut
mvtec_77d9fd74ffb9de44,1,/data/gauss/ldh/myDatasets/mvtec_anomaly_detection/leather/ground_truth/fold/000_mask.png,fold
mvtec_7780ec139e712545,1,/data/gauss/ldh/myDatasets/mvtec_anomaly_detection/leather/ground_truth/fold/001_mask.png,fold
mvtec_4c23a28ce8432a69,1,/data/gauss/ldh/myDatasets/mvtec_anomaly_detection/leather/ground_truth/fold/002_mask.png,fold
mvtec_17ebc1ac5388fed6,1,/data/gauss/ldh/myDatasets/mvtec_anomaly_detection/leather/ground_truth/fold/003_mask.png,fold
mvtec_1e4f4aef9e75b22f,1,/data/gauss/ldh/myDatasets/mvtec_anomaly_detection/leather/ground_truth/fold/004_mask.png,fold
mvtec_477ec75ff96246e6,1,/data/gauss/ldh/myDatasets/mvtec_anomaly_detection/leather/ground_truth/fold/005_mask.png,fold
mvtec_067212974b977434,1,/data/gauss/ldh/myDatasets/mvtec_anomaly_detection/leather/ground_truth/fold/006_mask.png,fold
mvtec_1d0ca9b5a30b4153,1,/data/gauss/ldh/myDatasets/mvtec_anomaly_detection/leather/ground_truth/fold/007_mask.png,fold
mvtec_1b28e33cff0f37e1,1,/data/gauss/ldh/myDatasets/mvtec_anomaly_detection/leather/ground_truth/fold/008_mask.png,fold
mvtec_c5037b8a69d8c12f,1,/data/gauss/ldh/myDatasets/mvtec_anomaly_detection/leather/ground_truth/fold/009_mask.png,fold
mvtec_dd0a613668f37fdc,1,/data/gauss/ldh/myDatasets/mvtec_anomaly_detection/leather/ground_truth/fold/010_mask.png,fold
mvtec_a2c5d1a323128a23,1,/data/gauss/ldh/myDatasets/mvtec_anomaly_detection/leather/ground_truth/fold/011_mask.png,fold
mvtec_0a03ca8f4faa934a,1,/data/gauss/ldh/myDatasets/mvtec_anomaly_detection/leather/ground_truth/fold/012_mask.png,fold
mvtec_f82b2be9103737c6,1,/data/gauss/ldh/myDatasets/mvtec_anomaly_detection/leather/ground_truth/fold/013_mask.png,fold
mvtec_237d499ba01661c1,1,/data/gauss/ldh/myDatasets/mvtec_anomaly_detection/leather/ground_truth/fold/014_mask.png,fold
mvtec_f2f504b6cd0739b4,1,/data/gauss/ldh/myDatasets/mvtec_anomaly_detection/leather/ground_truth/fold/015_mask.png,fold
mvtec_f6d227f3cdf5767a,1,/data/gauss/ldh/myDatasets/mvtec_anomaly_detection/leather/ground_truth/fold/016_mask.png,fold
mvtec_9e9fc14ff5b98223,1,/data/gauss/ldh/myDatasets/mvtec_anomaly_detection/leather/ground_truth/glue/000_mask.png,glue
mvtec_43464b7409c606f6,1,/data/gauss/ldh/myDatasets/mvtec_anomaly_detection/leather/ground_truth/glue/001_mask.png,glue
mvtec_8cc9d72790a1ef6d,1,/data/gauss/ldh/myDatasets/mvtec_anomaly_detection/leather/ground_truth/glue/002_mask.png,glue
mvtec_6dc038eb060081b7,1,/data/gauss/ldh/myDatasets/mvtec_anomaly_detection/leather/ground_truth/glue/003_mask.png,glue
mvtec_a2cb09815a19bfe0,1,/data/gauss/ldh/myDatasets/mvtec_anomaly_detection/leather/ground_truth/glue/004_mask.png,glue
mvtec_edea8379581d0ce8,1,/data/gauss/ldh/myDatasets/mvtec_anomaly_detection/leather/ground_truth/glue/005_mask.png,glue
mvtec_11ff785b9880f307,1,/data/gauss/ldh/myDatasets/mvtec_anomaly_detection/leather/ground_truth/glue/006_mask.png,glue
mvtec_e0bc5cdf5a7a36c3,1,/data/gauss/ldh/myDatasets/mvtec_anomaly_detection/leather/ground_truth/glue/007_mask.png,glue
mvtec_0fe4614377e0214a,1,/data/gauss/ldh/myDatasets/mvtec_anomaly_detection/leather/ground_truth/glue/008_mask.png,glue
mvtec_d88de4d38029f69a,1,/data/gauss/ldh/myDatasets/mvtec_anomaly_detection/leather/ground_truth/glue/009_mask.png,glue
mvtec_91d164630977e757,1,/data/gauss/ldh/myDatasets/mvtec_anomaly_detection/leather/ground_truth/glue/010_mask.png,glue
mvtec_eefaeb2dfcdb98f5,1,/data/gauss/ldh/myDatasets/mvtec_anomaly_detection/leather/ground_truth/glue/011_mask.png,glue
mvtec_8657abba6daa7786,1,/data/gauss/ldh/myDatasets/mvtec_anomaly_detection/leather/ground_truth/glue/012_mask.png,glue
mvtec_13f3daacf794af47,1,/data/gauss/ldh/myDatasets/mvtec_anomaly_detection/leather/ground_truth/glue/013_mask.png,glue
mvtec_fe794e40a5b60c52,1,/data/gauss/ldh/myDatasets/mvtec_anomaly_detection/leather/ground_truth/glue/014_mask.png,glue
mvtec_380a6c7008c82b72,1,/data/gauss/ldh/myDatasets/mvtec_anomaly_detection/leather/ground_truth/glue/015_mask.png,glue
mvtec_cb594698c8d19d44,1,/data/gauss/ldh/myDatasets/mvtec_anomaly_detection/leather/ground_truth/glue/016_mask.png,glue
mvtec_fa26b068f377e2b8,1,/data/gauss/ldh/myDatasets/mvtec_anomaly_detection/leather/ground_truth/glue/017_mask.png,glue
mvtec_0d8e72cb71461f77,1,/data/gauss/ldh/myDatasets/mvtec_anomaly_detection/leather/ground_truth/glue/018_mask.png,glue
mvtec_2dc3fe2a30a086ae,1,/data/gauss/ldh/myDatasets/mvtec_anomaly_detection/leather/ground_truth/poke/000_mask.png,poke
mvtec_cadaa748678f32e5,1,/data/gauss/ldh/myDatasets/mvtec_anomaly_detection/leather/ground_truth/poke/001_mask.png,poke
mvtec_77067477bfaad469,1,/data/gauss/ldh/myDatasets/mvtec_anomaly_detection/leather/ground_truth/poke/002_mask.png,poke
mvtec_ba6e77ea7a94d931,1,/data/gauss/ldh/myDatasets/mvtec_anomaly_detection/leather/ground_truth/poke/003_mask.png,poke
mvtec_b5c08c4eeb670cba,1,/data/gauss/ldh/myDatasets/mvtec_anomaly_detection/leather/ground_truth/poke/004_mask.png,poke
mvtec_55084f50385cea02,1,/data/gauss/ldh/myDatasets/mvtec_anomaly_detection/leather/ground_truth/poke/005_mask.png,poke
mvtec_39ce18e2d7d04b0d,1,/data/gauss/ldh/myDatasets/mvtec_anomaly_detection/leather/ground_truth/poke/006_mask.png,poke
mvtec_ca53d7e01c52dc91,1,/data/gauss/ldh/myDatasets/mvtec_anomaly_detection/leather/ground_truth/poke/007_mask.png,poke
mvtec_5bb3d12d468dd8e5,1,/data/gauss/ldh/myDatasets/mvtec_anomaly_detection/leather/ground_truth/poke/008_mask.png,poke
mvtec_2d35ac64f4363c7c,1,/data/gauss/ldh/myDatasets/mvtec_anomaly_detection/leather/ground_truth/poke/009_mask.png,poke
mvtec_f16dd0d3acc9b10a,1,/data/gauss/ldh/myDatasets/mvtec_anomaly_detection/leather/ground_truth/poke/010_mask.png,poke
mvtec_773bcab3b2289d71,1,/data/gauss/ldh/myDatasets/mvtec_anomaly_detection/leather/ground_truth/poke/011_mask.png,poke
mvtec_199833b2777bed0d,1,/data/gauss/ldh/myDatasets/mvtec_anomaly_detection/leather/ground_truth/poke/012_mask.png,poke
mvtec_d6a5fa6d9acbdac2,1,/data/gauss/ldh/myDatasets/mvtec_anomaly_detection/leather/ground_truth/poke/013_mask.png,poke
mvtec_cd6ed74dae2f4ad9,1,/data/gauss/ldh/myDatasets/mvtec_anomaly_detection/leather/ground_truth/poke/014_mask.png,poke
mvtec_3f5e7a98c484f940,1,/data/gauss/ldh/myDatasets/mvtec_anomaly_detection/leather/ground_truth/poke/015_mask.png,poke
mvtec_c55a308294a91263,1,/data/gauss/ldh/myDatasets/mvtec_anomaly_detection/leather/ground_truth/poke/016_mask.png,poke
mvtec_3643a2376afca53f,1,/data/gauss/ldh/myDatasets/mvtec_anomaly_detection/leather/ground_truth/poke/017_mask.png,poke
mvtec_5752bfd933745e84,0,,good
mvtec_b818fcd78be12eba,0,,good
mvtec_8eaa807b80d1e461,0,,good
mvtec_ca6c9df80fee244c,0,,good
mvtec_8c0fac416ddb660d,0,,good
mvtec_3f9f9df556e430e3,0,,good
mvtec_caeb9b8159159858,0,,good
mvtec_62c4817f3edebf94,0,,good
mvtec_8176e2de03fa6971,0,,good
mvtec_523fe1e542b12a58,0,,good
mvtec_958f59dd7ceab8fb,0,,good
mvtec_d1496a872939b8a4,0,,good
mvtec_8ea8988ba173d6e7,0,,good
mvtec_5117750d379dc2ff,0,,good
mvtec_343accb8248513b8,0,,good
mvtec_b0f52a4d157252d6,0,,good
mvtec_99fb1fed012af513,0,,good
mvtec_0d4bf2be81a54f3e,0,,good
mvtec_ba9b397148277fbc,0,,good
mvtec_93caf03b4fb1647f,0,,good
mvtec_d887d787cf12907a,0,,good
mvtec_1ead0aea12efe6f4,0,,good
mvtec_49b1a3aed1ee97f2,0,,good
mvtec_f596e9dda9aa9e0a,0,,good
mvtec_c9f954e2633dd32b,0,,good
mvtec_4bf8dc910cc7e433,0,,good
mvtec_238ca7a21b544e2e,0,,good
mvtec_b2f15abbc4318b30,0,,good
mvtec_45af5fcd2daad413,0,,good
mvtec_50201756ab0fe229,0,,good
mvtec_97022ce37405a397,0,,good
mvtec_8e00688224552de8,0,,good
mvtec_17fb200fee3ce766,0,,good
mvtec_3bf5ebe5b45c7368,0,,good
mvtec_34a7720a9b00b8e9,0,,good
mvtec_17cfec4275ae9871,0,,good
mvtec_c124606ccad0bcbc,0,,good
mvtec_c694ee17da131615,0,,good
mvtec_85b453bdf612d677,0,,good
mvtec_562b620915e02841,0,,good
mvtec_3f7d66ed54771163,0,,good
mvtec_738f7edbc8eb581d,0,,good
mvtec_5d782168f88b38ff,0,,good
mvtec_6416ae596aa73fc5,0,,good
mvtec_6f865877a7d4bccc,0,,good
mvtec_4e2fb2e62b7f4791,0,,good
mvtec_e3d645c2f9770de8,0,,good
mvtec_5c6e5ade6d42331e,0,,good
mvtec_b59c7d979ada2673,0,,good
mvtec_64b89b9050a58380,0,,good
mvtec_1e285ea5912e4b59,0,,good
mvtec_41d235ec19117eb6,0,,good
mvtec_4d00747fe3c74491,0,,good
mvtec_b725c59ca31fcecf,0,,good
mvtec_9aba93c25b79ffb6,0,,good
mvtec_532e1e15f116bb1e,0,,good
mvtec_e065089dc3e8c59d,0,,good
mvtec_c3339a2ea0b28a2a,0,,good
mvtec_f7a8c5dee20a0d3b,0,,good
mvtec_66a1127a41abf4cf,0,,good
mvtec_607b24a858d2a225,0,,good
mvtec_59db01e9dd714115,0,,good
mvtec_a570bfecbd27afc8,0,,good
mvtec_f9c24452832cd52b,0,,good
mvtec_e43c4b8abd4b61fa,0,,good
mvtec_251b98ab316c9256,0,,good
mvtec_25bde0a4505a302f,0,,good
mvtec_9aef7d342544e61f,0,,good
mvtec_ae053d03f54511c7,0,,good
mvtec_c1deba9588de39f5,0,,good
mvtec_c282c20b00ae6b9d,0,,good
mvtec_c4ca1c913c6952b6,0,,good
mvtec_96912facaa693b4a,0,,good
mvtec_0f927696a4c04489,0,,good
mvtec_413769b23ade9d55,0,,good
mvtec_8a6fd168cc792918,0,,good
mvtec_e2b515757a0b6899,0,,good
mvtec_1ffc2ec80a9f04d9,0,,good
mvtec_75d2a6aac911b83f,0,,good
mvtec_bd44399fbf2d442c,0,,good
mvtec_5f7c0964ca9bf04e,0,,good
mvtec_0045f13822e2e01a,0,,good
mvtec_926a58e90d6a0d5c,0,,good
mvtec_23583fc964be4c69,0,,good
mvtec_26e82ef351bba7f5,0,,good
mvtec_add16d09ec313cf5,0,,good
mvtec_1c4e49abbdc5f84f,0,,good
mvtec_9eeda637ad899ce9,0,,good
mvtec_eb27347efbb361fe,0,,good
mvtec_8f60ae38639d6026,0,,good
mvtec_524f627c2a0fe78a,0,,good
mvtec_be9570b323ab748d,0,,good
mvtec_cd8c0bc3cf0bd706,0,,good
mvtec_42fbd3a41516e18e,0,,good
mvtec_c22cd6557def5ec6,0,,good
mvtec_8c7a75fb4ac4b89c,0,,good
mvtec_48dfd133a726d346,0,,good
mvtec_85097775fa58a16d,0,,good
mvtec_02dfacdab17e352c,0,,good
mvtec_acd498f682f3209d,0,,good
mvtec_bf579beacf07e836,0,,good
mvtec_594b2cd6e038b330,0,,good
mvtec_606a3a77cec73e9e,0,,good
mvtec_bc1f8fa6024356d8,0,,good
mvtec_3a1a48809a45f443,0,,good
mvtec_1ff7e22a511499cc,0,,good
mvtec_6d949f86c9782a38,0,,good
mvtec_7e63550ce588fdb5,0,,good
mvtec_1b47e2e3c763ffa4,0,,good
mvtec_77732d5458bb98e9,0,,good
mvtec_62f4f170c151e806,0,,good
mvtec_1e043332173b0b7f,0,,good
mvtec_22f96f2a704b8bd7,0,,good
mvtec_dc970b31fb9690d6,0,,good
mvtec_e933e1aa9183206c,0,,good
mvtec_03b8b099e24e9e52,0,,good
mvtec_650ae46f1b923f4e,0,,good
mvtec_a8683d8a5d8576ac,0,,good
mvtec_31dd5e8435273036,0,,good
mvtec_f3c1d95181cd53fb,0,,good
mvtec_878d4b3c3bcd6a03,0,,good
mvtec_ab2b15abd310e319,0,,good
mvtec_618c8d558aafcbe4,0,,good
mvtec_a0c8c2e1aa41c18a,0,,good
mvtec_7e2f51d22f95a006,0,,good
mvtec_cf8e6fbdc3667454,0,,good
mvtec_6dbfdc5160457bc7,0,,good
mvtec_88847bc67ab764f2,0,,good
mvtec_dcd26208947ca6a6,0,,good
mvtec_75c2f4f421ea995a,0,,good
mvtec_bc5fc17db1f753f0,0,,good
mvtec_7a9b678a5af0f7d5,0,,good
mvtec_40739dbe8be86210,0,,good
mvtec_a6418d217ce245b2,0,,good
mvtec_805b7b53324472db,0,,good
mvtec_fabe7dea78144e54,0,,good
mvtec_eef1e8cd79b0d06f,0,,good
mvtec_b9b6e75f8d82c207,0,,good
mvtec_3c1aff6378f9cfbd,0,,good
mvtec_bb402c5e1fd67f48,0,,good
mvtec_a35e2eaafeea2738,0,,good
mvtec_8e315c1225abece0,0,,good
mvtec_416614a590077763,0,,good
mvtec_1b488890628b8c19,0,,good
mvtec_eb7458b0a7d3a53e,0,,good
mvtec_48b756ca8cd9c370,0,,good
mvtec_657c6d66a085fee8,0,,good
mvtec_176dd896a7df6fe0,0,,good
mvtec_a6329f19e210739f,0,,good
mvtec_dd0a3ddae7416c38,0,,good
mvtec_de65346f41f66a6b,0,,good
mvtec_e13db0e57e1d2cc8,0,,good
mvtec_e85fc6e60b756ea1,0,,good
mvtec_e03ec08d063703c0,0,,good
mvtec_485cffaabb978330,0,,good
mvtec_969d141dbcb51adc,0,,good
mvtec_adfc6adf0def5a2a,0,,good
mvtec_bdc2af722fe6b71a,0,,good
mvtec_302cff79029e9969,0,,good
mvtec_6f73e838b2977d96,0,,good
mvtec_e5ca5a025c7aa9e5,0,,good
mvtec_02fc08c22282aef4,0,,good
mvtec_17e388fa67228721,0,,good
mvtec_e81c1ccc49439f95,0,,good
mvtec_30e590be215dae5f,0,,good
mvtec_fe6c16e071ed7b80,0,,good
mvtec_593175897c9820b0,0,,good
mvtec_f52dbef6ca493556,0,,good
mvtec_53dcf57d9839ecc9,0,,good
mvtec_17898cd16de53c97,0,,good
mvtec_bc5b40f68a687971,0,,good
mvtec_b193f8c10b2af84e,0,,good
mvtec_2aa81fab22153fc2,0,,good
mvtec_ad178f5cc7ab980e,0,,good
mvtec_b2d26ef619af1bd1,0,,good
mvtec_3d31715343cb2bf2,0,,good
mvtec_e9f3300381067fd6,0,,good
mvtec_5814bcf397466733,0,,good
mvtec_4ee25e349eb63a93,0,,good
mvtec_3936cee53090ab74,0,,good
mvtec_ca0661f65088ee11,0,,good
mvtec_f2bcb5a5f2b30001,0,,good
mvtec_7ce5fe98b105d6bf,0,,good
mvtec_ca4f47adafe3f31b,0,,good
mvtec_2e4235ea1bfaf7eb,0,,good
mvtec_b3795547ffb4bd85,0,,good
mvtec_3e71c81e8b2d42de,0,,good
mvtec_5a2c4a15639a36bf,0,,good
mvtec_f6bf1e6f01962053,0,,good
mvtec_1922f7be3d4684da,0,,good
mvtec_519e381e3165310f,0,,good
mvtec_967224d5b7991460,0,,good
mvtec_0fb4cde5c532e5fb,0,,good
mvtec_b60328e6892cd184,0,,good
mvtec_6b52afe9a58aa0f1,0,,good
mvtec_62b8b8e2a9ff3006,0,,good
mvtec_43b39dcc0f4fec94,0,,good
mvtec_d2d385ac319326c5,0,,good
mvtec_c47e0cac013282f7,0,,good
mvtec_b564ad4dc5cec721,0,,good
mvtec_b96b5e9052f12d6c,0,,good
mvtec_d46b2bbefa8f599e,0,,good
mvtec_1bac65b4157db12e,0,,good
mvtec_4ac5fa26863eea76,0,,good
mvtec_c1d3204a72504495,0,,good
mvtec_48d33ad5d166b0e9,0,,good
mvtec_bd1f464c182ad4d2,0,,good
mvtec_5cc2b7cf2d4705db,0,,good
mvtec_d070226890297d04,0,,good
mvtec_0f53cf32b634108d,0,,good
mvtec_836a03c5699aec6a,0,,good
mvtec_2125e25261f4a181,0,,good
mvtec_0d91090918174ccc,0,,good
mvtec_a9d25b2d43db16c7,0,,good
mvtec_447064ee3418fb3d,0,,good
mvtec_3709b5e1abebdadd,0,,good
mvtec_6295f4b84d7b14c5,0,,good
mvtec_13ddf7fd7b42f00f,0,,good
mvtec_d598dac2ee2589be,0,,good
mvtec_7e7ef915ba33287f,0,,good
mvtec_fb74fd31e95f68ee,0,,good
mvtec_b1714720ff0fcf49,0,,good
mvtec_958cdcc17ec463e4,0,,good
mvtec_54bfc73a0607de02,0,,good
mvtec_37e7d7a2817ed50d,0,,good
mvtec_b866013952cf60ac,0,,good
mvtec_41f25f4f0fb77038,0,,good
mvtec_dcc504888d8acb69,0,,good
mvtec_bd91bea763876abb,0,,good
mvtec_5153420b6f60d2aa,0,,good
mvtec_d4d6d958a3dfe54b,0,,good
mvtec_c07c77b8ce89ddcf,0,,good
mvtec_275bd3ffc512fe8f,0,,good
mvtec_4179b9d91b4cfcc8,0,,good
mvtec_fd72a10dce84c4fb,0,,good
mvtec_74db552486b4e799,0,,good
mvtec_891b9dfb4edcaa68,0,,good
mvtec_330a249309fdc24a,0,,good
mvtec_9198ed3759634f84,0,,good
mvtec_655530900595be79,0,,good
mvtec_0004cca6b522682f,0,,good
mvtec_f9b8899ab38698ad,0,,good
mvtec_b358e1f210cb8d81,1,/data/gauss/ldh/myDatasets/mvtec_anomaly_detection/metal_nut/ground_truth/bent/000_mask.png,bent
mvtec_61b62324f552ada3,1,/data/gauss/ldh/myDatasets/mvtec_anomaly_detection/metal_nut/ground_truth/bent/001_mask.png,bent
mvtec_496352abaca5ace8,1,/data/gauss/ldh/myDatasets/mvtec_anomaly_detection/metal_nut/ground_truth/bent/002_mask.png,bent
mvtec_3fcae8df9392e723,1,/data/gauss/ldh/myDatasets/mvtec_anomaly_detection/metal_nut/ground_truth/bent/003_mask.png,bent
mvtec_063604e3b4f2191f,1,/data/gauss/ldh/myDatasets/mvtec_anomaly_detection/metal_nut/ground_truth/bent/004_mask.png,bent
mvtec_fb293838d373815d,1,/data/gauss/ldh/myDatasets/mvtec_anomaly_detection/metal_nut/ground_truth/bent/005_mask.png,bent
mvtec_f8188d79bf9cee48,1,/data/gauss/ldh/myDatasets/mvtec_anomaly_detection/metal_nut/ground_truth/bent/006_mask.png,bent
mvtec_69421e8c4cd676e3,1,/data/gauss/ldh/myDatasets/mvtec_anomaly_detection/metal_nut/ground_truth/bent/007_mask.png,bent
mvtec_5cc6f62fb318f856,1,/data/gauss/ldh/myDatasets/mvtec_anomaly_detection/metal_nut/ground_truth/bent/008_mask.png,bent
mvtec_f4334cf2a672c6dd,1,/data/gauss/ldh/myDatasets/mvtec_anomaly_detection/metal_nut/ground_truth/bent/009_mask.png,bent
mvtec_023c5ebb71c38bae,1,/data/gauss/ldh/myDatasets/mvtec_anomaly_detection/metal_nut/ground_truth/bent/010_mask.png,bent
mvtec_1f3d59465d7491a3,1,/data/gauss/ldh/myDatasets/mvtec_anomaly_detection/metal_nut/ground_truth/bent/011_mask.png,bent
mvtec_38eb9a73b420b6a1,1,/data/gauss/ldh/myDatasets/mvtec_anomaly_detection/metal_nut/ground_truth/bent/012_mask.png,bent
mvtec_7de7326706f46a95,1,/data/gauss/ldh/myDatasets/mvtec_anomaly_detection/metal_nut/ground_truth/bent/013_mask.png,bent
mvtec_992fd755339e160e,1,/data/gauss/ldh/myDatasets/mvtec_anomaly_detection/metal_nut/ground_truth/bent/014_mask.png,bent
mvtec_949790e99111045f,1,/data/gauss/ldh/myDatasets/mvtec_anomaly_detection/metal_nut/ground_truth/bent/015_mask.png,bent
mvtec_a4c2086c6036b4a4,1,/data/gauss/ldh/myDatasets/mvtec_anomaly_detection/metal_nut/ground_truth/bent/016_mask.png,bent
mvtec_4b5cfbfbb6d7efe1,1,/data/gauss/ldh/myDatasets/mvtec_anomaly_detection/metal_nut/ground_truth/bent/017_mask.png,bent
mvtec_4502b93d45ad05b4,1,/data/gauss/ldh/myDatasets/mvtec_anomaly_detection/metal_nut/ground_truth/bent/018_mask.png,bent
mvtec_eaf627eba130b177,1,/data/gauss/ldh/myDatasets/mvtec_anomaly_detection/metal_nut/ground_truth/bent/019_mask.png,bent
mvtec_daa8a723126e3be8,1,/data/gauss/ldh/myDatasets/mvtec_anomaly_detection/metal_nut/ground_truth/bent/020_mask.png,bent
mvtec_1380911cdd78b185,1,/data/gauss/ldh/myDatasets/mvtec_anomaly_detection/metal_nut/ground_truth/bent/021_mask.png,bent
mvtec_d61598f27dfd2c41,1,/data/gauss/ldh/myDatasets/mvtec_anomaly_detection/metal_nut/ground_truth/bent/022_mask.png,bent
mvtec_a5b270b01d562766,1,/data/gauss/ldh/myDatasets/mvtec_anomaly_detection/metal_nut/ground_truth/bent/023_mask.png,bent
mvtec_7ff5d5cbdc91b04e,1,/data/gauss/ldh/myDatasets/mvtec_anomaly_detection/metal_nut/ground_truth/bent/024_mask.png,bent
mvtec_694fdbf8325d97d6,1,/data/gauss/ldh/myDatasets/mvtec_anomaly_detection/metal_nut/ground_truth/color/000_mask.png,color
mvtec_09fa1902ecd73ffc,1,/data/gauss/ldh/myDatasets/mvtec_anomaly_detection/metal_nut/ground_truth/color/001_mask.png,color
mvtec_a882aeacbd31621e,1,/data/gauss/ldh/myDatasets/mvtec_anomaly_detection/metal_nut/ground_truth/color/002_mask.png,color
mvtec_4cb7e6259410716d,1,/data/gauss/ldh/myDatasets/mvtec_anomaly_detection/metal_nut/ground_truth/color/003_mask.png,color
mvtec_edcbf2ce5f83f21c,1,/data/gauss/ldh/myDatasets/mvtec_anomaly_detection/metal_nut/ground_truth/color/004_mask.png,color
mvtec_0c69aa46ad48292b,1,/data/gauss/ldh/myDatasets/mvtec_anomaly_detection/metal_nut/ground_truth/color/005_mask.png,color
mvtec_15497cf3a118de33,1,/data/gauss/ldh/myDatasets/mvtec_anomaly_detection/metal_nut/ground_truth/color/006_mask.png,color
mvtec_1795994ecf4a3a79,1,/data/gauss/ldh/myDatasets/mvtec_anomaly_detection/metal_nut/ground_truth/color/007_mask.png,color
mvtec_53d9b4e2c272c698,1,/data/gauss/ldh/myDatasets/mvtec_anomaly_detection/metal_nut/ground_truth/color/008_mask.png,color
mvtec_80e11fd15ad2cf84,1,/data/gauss/ldh/myDatasets/mvtec_anomaly_detection/metal_nut/ground_truth/color/009_mask.png,color
mvtec_8d308418185aa8ca,1,/data/gauss/ldh/myDatasets/mvtec_anomaly_detection/metal_nut/ground_truth/color/010_mask.png,color
mvtec_fee50dc98129d117,1,/data/gauss/ldh/myDatasets/mvtec_anomaly_detection/metal_nut/ground_truth/color/011_mask.png,color
mvtec_ad8135a352ec2415,1,/data/gauss/ldh/myDatasets/mvtec_anomaly_detection/metal_nut/ground_truth/color/012_mask.png,color
mvtec_f6a132e883f54875,1,/data/gauss/ldh/myDatasets/mvtec_anomaly_detection/metal_nut/ground_truth/color/013_mask.png,color
mvtec_bcccfd64df5e3e0d,1,/data/gauss/ldh/myDatasets/mvtec_anomaly_detection/metal_nut/ground_truth/color/014_mask.png,color
mvtec_bbea66666c3b7baa,1,/data/gauss/ldh/myDatasets/mvtec_anomaly_detection/metal_nut/ground_truth/color/015_mask.png,color
mvtec_d410efbb9eb4c367,1,/data/gauss/ldh/myDatasets/mvtec_anomaly_detection/metal_nut/ground_truth/color/016_mask.png,color
mvtec_a834a4ca11a4391d,1,/data/gauss/ldh/myDatasets/mvtec_anomaly_detection/metal_nut/ground_truth/color/017_mask.png,color
mvtec_28a3f62f01a359a7,1,/data/gauss/ldh/myDatasets/mvtec_anomaly_detection/metal_nut/ground_truth/color/018_mask.png,color
mvtec_860c63b6a666b657,1,/data/gauss/ldh/myDatasets/mvtec_anomaly_detection/metal_nut/ground_truth/color/019_mask.png,color
mvtec_b9c1dc6d2542443d,1,/data/gauss/ldh/myDatasets/mvtec_anomaly_detection/metal_nut/ground_truth/color/020_mask.png,color
mvtec_9d9feb901ca37b71,1,/data/gauss/ldh/myDatasets/mvtec_anomaly_detection/metal_nut/ground_truth/color/021_mask.png,color
mvtec_44af7698b059dee0,1,/data/gauss/ldh/myDatasets/mvtec_anomaly_detection/metal_nut/ground_truth/flip/000_mask.png,flip
mvtec_8b08be482cb2ef0f,1,/data/gauss/ldh/myDatasets/mvtec_anomaly_detection/metal_nut/ground_truth/flip/001_mask.png,flip
mvtec_3bceb78a8b9be48f,1,/data/gauss/ldh/myDatasets/mvtec_anomaly_detection/metal_nut/ground_truth/flip/002_mask.png,flip
mvtec_3dfd4a6dbeb9471e,1,/data/gauss/ldh/myDatasets/mvtec_anomaly_detection/metal_nut/ground_truth/flip/003_mask.png,flip
mvtec_65f1f90580cbe037,1,/data/gauss/ldh/myDatasets/mvtec_anomaly_detection/metal_nut/ground_truth/flip/004_mask.png,flip
mvtec_3ce6c1543d0279c8,1,/data/gauss/ldh/myDatasets/mvtec_anomaly_detection/metal_nut/ground_truth/flip/005_mask.png,flip
mvtec_933edafedeeac305,1,/data/gauss/ldh/myDatasets/mvtec_anomaly_detection/metal_nut/ground_truth/flip/006_mask.png,flip
mvtec_062906cd43de03b6,1,/data/gauss/ldh/myDatasets/mvtec_anomaly_detection/metal_nut/ground_truth/flip/007_mask.png,flip
mvtec_389d6ac40845a43f,1,/data/gauss/ldh/myDatasets/mvtec_anomaly_detection/metal_nut/ground_truth/flip/008_mask.png,flip
mvtec_2a30c9691267bfa7,1,/data/gauss/ldh/myDatasets/mvtec_anomaly_detection/metal_nut/ground_truth/flip/009_mask.png,flip
mvtec_4eac15ee040134e6,1,/data/gauss/ldh/myDatasets/mvtec_anomaly_detection/metal_nut/ground_truth/flip/010_mask.png,flip
mvtec_49c309078b8c6e34,1,/data/gauss/ldh/myDatasets/mvtec_anomaly_detection/metal_nut/ground_truth/flip/011_mask.png,flip
mvtec_679f853b6d8250d9,1,/data/gauss/ldh/myDatasets/mvtec_anomaly_detection/metal_nut/ground_truth/flip/012_mask.png,flip
mvtec_adada23384b11143,1,/data/gauss/ldh/myDatasets/mvtec_anomaly_detection/metal_nut/ground_truth/flip/013_mask.png,flip
mvtec_9214a4d79d10d554,1,/data/gauss/ldh/myDatasets/mvtec_anomaly_detection/metal_nut/ground_truth/flip/014_mask.png,flip
mvtec_95ba34abdfa4a696,1,/data/gauss/ldh/myDatasets/mvtec_anomaly_detection/metal_nut/ground_truth/flip/015_mask.png,flip
mvtec_d2b243095e3aa033,1,/data/gauss/ldh/myDatasets/mvtec_anomaly_detection/metal_nut/ground_truth/flip/016_mask.png,flip
mvtec_3d91fd2321512aab,1,/data/gauss/ldh/myDatasets/mvtec_anomaly_detection/metal_nut/ground_truth/flip/017_mask.png,flip
mvtec_9f41bb907dee1264,1,/data/gauss/ldh/myDatasets/mvtec_anomaly_detection/metal_nut/ground_truth/flip/018_mask.png,flip
mvtec_e8bf7738e8d4824d,1,/data/gauss/ldh/myDatasets/mvtec_anomaly_detection/metal_nut/ground_truth/flip/019_mask.png,flip
mvtec_8d56d6242f64ef0c,1,/data/gauss/ldh/myDatasets/mvtec_anomaly_detection/metal_nut/ground_truth/flip/020_mask.png,flip
mvtec_7b392aa740942944,1,/data/gauss/ldh/myDatasets/mvtec_anomaly_detection/metal_nut/ground_truth/flip/021_mask.png,flip
mvtec_1bf54fa65571a92e,1,/data/gauss/ldh/myDatasets/mvtec_anomaly_detection/metal_nut/ground_truth/flip/022_mask.png,flip
mvtec_990baff262918e0c,1,/data/gauss/ldh/myDatasets/mvtec_anomaly_detection/metal_nut/ground_truth/scratch/000_mask.png,scratch
mvtec_7e47aba83969448e,1,/data/gauss/ldh/myDatasets/mvtec_anomaly_detection/metal_nut/ground_truth/scratch/001_mask.png,scratch
mvtec_9ae62923b6a0e210,1,/data/gauss/ldh/myDatasets/mvtec_anomaly_detection/metal_nut/ground_truth/scratch/002_mask.png,scratch
mvtec_f1efa984bfeec828,1,/data/gauss/ldh/myDatasets/mvtec_anomaly_detection/metal_nut/ground_truth/scratch/003_mask.png,scratch
mvtec_8ca19f82ebe98abb,1,/data/gauss/ldh/myDatasets/mvtec_anomaly_detection/metal_nut/ground_truth/scratch/004_mask.png,scratch
mvtec_272f554b46ea8c17,1,/data/gauss/ldh/myDatasets/mvtec_anomaly_detection/metal_nut/ground_truth/scratch/005_mask.png,scratch
mvtec_c3ca04307ccd4cd8,1,/data/gauss/ldh/myDatasets/mvtec_anomaly_detection/metal_nut/ground_truth/scratch/006_mask.png,scratch
mvtec_5c5968d09cf2e176,1,/data/gauss/ldh/myDatasets/mvtec_anomaly_detection/metal_nut/ground_truth/scratch/007_mask.png,scratch
mvtec_f668825d72db9c21,1,/data/gauss/ldh/myDatasets/mvtec_anomaly_detection/metal_nut/ground_truth/scratch/008_mask.png,scratch
mvtec_1a5ba4195063c4e3,1,/data/gauss/ldh/myDatasets/mvtec_anomaly_detection/metal_nut/ground_truth/scratch/009_mask.png,scratch
mvtec_90b53c6775cc3948,1,/data/gauss/ldh/myDatasets/mvtec_anomaly_detection/metal_nut/ground_truth/scratch/010_mask.png,scratch
mvtec_27d3f896df2ad2f6,1,/data/gauss/ldh/myDatasets/mvtec_anomaly_detection/metal_nut/ground_truth/scratch/011_mask.png,scratch
mvtec_0ba208fd597c32a3,1,/data/gauss/ldh/myDatasets/mvtec_anomaly_detection/metal_nut/ground_truth/scratch/012_mask.png,scratch
mvtec_455fea77df6e9bc5,1,/data/gauss/ldh/myDatasets/mvtec_anomaly_detection/metal_nut/ground_truth/scratch/013_mask.png,scratch
mvtec_1f6a15b073815c0a,1,/data/gauss/ldh/myDatasets/mvtec_anomaly_detection/metal_nut/ground_truth/scratch/014_mask.png,scratch
mvtec_bffdeed321e05ca5,1,/data/gauss/ldh/myDatasets/mvtec_anomaly_detection/metal_nut/ground_truth/scratch/015_mask.png,scratch
mvtec_1b40e0a9b839e1a3,1,/data/gauss/ldh/myDatasets/mvtec_anomaly_detection/metal_nut/ground_truth/scratch/016_mask.png,scratch
mvtec_ea2b515680b32edc,1,/data/gauss/ldh/myDatasets/mvtec_anomaly_detection/metal_nut/ground_truth/scratch/017_mask.png,scratch
mvtec_5f842bbe7ffa72c1,1,/data/gauss/ldh/myDatasets/mvtec_anomaly_detection/metal_nut/ground_truth/scratch/018_mask.png,scratch
mvtec_488f86745a012d0b,1,/data/gauss/ldh/myDatasets/mvtec_anomaly_detection/metal_nut/ground_truth/scratch/019_mask.png,scratch
mvtec_f74b819fd88075ec,1,/data/gauss/ldh/myDatasets/mvtec_anomaly_detection/metal_nut/ground_truth/scratch/020_mask.png,scratch
mvtec_9274e3c8d35dcb67,1,/data/gauss/ldh/myDatasets/mvtec_anomaly_detection/metal_nut/ground_truth/scratch/021_mask.png,scratch
mvtec_148394f2985bf73b,1,/data/gauss/ldh/myDatasets/mvtec_anomaly_detection/metal_nut/ground_truth/scratch/022_mask.png,scratch
mvtec_569747a9e6863965,0,,good
mvtec_c3c2bc2104164ce9,0,,good
mvtec_9c5a7fec5c2baad3,0,,good
mvtec_882866caaebab70e,0,,good
mvtec_ae315acc7e94f2a4,0,,good
mvtec_516e175e97688470,0,,good
mvtec_f225f4763f1c604d,0,,good
mvtec_530c0e0a1b5698f1,0,,good
mvtec_9a7d01a801e00a3b,0,,good
mvtec_af426fdf570fa6a2,0,,good
mvtec_9a6093ce7a41325b,0,,good
mvtec_ed89004746499dba,0,,good
mvtec_4a0c939cb6161a1c,0,,good
mvtec_2e0c2b2ac8701b18,0,,good
mvtec_9be8a85b7da29869,0,,good
mvtec_1aeb1246972405f0,0,,good
mvtec_821cb96b10cc7b62,0,,good
mvtec_23493c93a7838d1f,0,,good
mvtec_f5eea52553261f04,0,,good
mvtec_f1c3757b0d9a76e4,0,,good
mvtec_638814713228ec50,0,,good
mvtec_536adb01bdbf31ef,0,,good
mvtec_305d65bec96f7720,0,,good
mvtec_6076cbd16895a943,0,,good
mvtec_cd01782a4990bccf,0,,good
mvtec_67d4dd1e56e232a4,0,,good
mvtec_e591e8c156aa0f6b,0,,good
mvtec_ac91151bc1ff59e8,0,,good
mvtec_4021ad6dc4e74d8d,0,,good
mvtec_ebc68c1e48a18c4a,0,,good
mvtec_e1100a25cc83f6de,0,,good
mvtec_68c70427d8b7f284,0,,good
mvtec_2ebc6dd385de7d3a,0,,good
mvtec_edb196657679f1f1,0,,good
mvtec_daf0126373f5c097,0,,good
mvtec_4fbb5c22ef8ea893,0,,good
mvtec_e7fd23c5e07883b1,0,,good
mvtec_eeb32c0ad2b8caf4,0,,good
mvtec_18481f5162d322b9,0,,good
mvtec_c26033484a7f1a21,0,,good
mvtec_63c151035fe18db0,0,,good
mvtec_046e3415e9899028,0,,good
mvtec_3c16d89b37376f20,0,,good
mvtec_a8a5faddacbb55ef,0,,good
mvtec_84492503e9ef46d5,0,,good
mvtec_bc420a593629187f,0,,good
mvtec_d96b50b901ddcd96,0,,good
mvtec_3da5168a6bd3d6ef,0,,good
mvtec_06432ba630b51fb1,0,,good
mvtec_b936b7a273cf8261,0,,good
mvtec_c0007cdb88b0d6b5,0,,good
mvtec_5380347142a0bfee,0,,good
mvtec_236dac5d16af9c9e,0,,good
mvtec_1ce14188f216a07f,0,,good
mvtec_7b79a542fdb1e3ce,0,,good
mvtec_9a7932b8bf62be26,0,,good
mvtec_3f3f51f4fc3a10a6,0,,good
mvtec_3c37ddbf5adf8006,0,,good
mvtec_e69b7d946f9e40ae,0,,good
mvtec_3ced9d676c411671,0,,good
mvtec_c98bf1b6759f3701,0,,good
mvtec_95b020bcaa588ecc,0,,good
mvtec_c10a0cab807076a6,0,,good
mvtec_8854ce7655216c21,0,,good
mvtec_19d7c56a646a14b8,0,,good
mvtec_a1fb064274395de1,0,,good
mvtec_dbb54d8d229cf32c,0,,good
mvtec_bac4979c127070a6,0,,good
mvtec_fb01abae2b9c107b,0,,good
mvtec_dcebdf8661282732,0,,good
mvtec_afd7e2014f337dfa,0,,good
mvtec_f841e46f72856dfc,0,,good
mvtec_cb1cebfa34d6f659,0,,good
mvtec_6790a526bfdbbdf9,0,,good
mvtec_de4a2296afe187cd,0,,good
mvtec_34caa413f9a0ff1d,0,,good
mvtec_b1bdfe008160424c,0,,good
mvtec_fdef37e4e3fc5ab3,0,,good
mvtec_39164aa9f769ec73,0,,good
mvtec_3e8f77f1c3d5d0af,0,,good
mvtec_66849856d58225bd,0,,good
mvtec_75cfa2500a0bdac4,0,,good
mvtec_b42c1d547a93b9d0,0,,good
mvtec_42406ab276528f36,0,,good
mvtec_300b54ad4b29c059,0,,good
mvtec_c00adc7c97f82432,0,,good
mvtec_67154ed9ca1eafc1,0,,good
mvtec_1836cefab063a8da,0,,good
mvtec_2885238cdb1e8fd5,0,,good
mvtec_3bbcaeb9dc757f83,0,,good
mvtec_799717200df9a73c,0,,good
mvtec_f40a799e5c1ae81d,0,,good
mvtec_8c8750b641e33d17,0,,good
mvtec_e97aa6222c9244b6,0,,good
mvtec_3b55d59ef700614c,0,,good
mvtec_a422e1bc2b7b0f3c,0,,good
mvtec_e742b1b5ae2a36d8,0,,good
mvtec_a929ea5f5a5cc2a9,0,,good
mvtec_91951fe6be9435d4,0,,good
mvtec_f6c9f0b32416ad1a,0,,good
mvtec_a152bee6613e51a5,0,,good
mvtec_aa022291847010a6,0,,good
mvtec_cc5b03bb71c4f4da,0,,good
mvtec_8b99fbfaf89bae6f,0,,good
mvtec_efa0c18a6f34153d,0,,good
mvtec_af2b9eb98fe4ac60,0,,good
mvtec_d1b133ca02381e11,0,,good
mvtec_360e3aa95ba6f85b,0,,good
mvtec_a4902bbc745aa774,0,,good
mvtec_baf70870ba0f9cd2,0,,good
mvtec_dea6f654350aa0fa,0,,good
mvtec_f2876ea7ee80d422,0,,good
mvtec_c24bff69520d3f17,0,,good
mvtec_256b96d3011e97f3,0,,good
mvtec_a9989525d2bfb167,0,,good
mvtec_01bb2c1250e0f9e9,0,,good
mvtec_91dfc13f01eab7bd,0,,good
mvtec_5e60ecdfa5a0a741,0,,good
mvtec_09af4969e5995f5e,0,,good
mvtec_8da6851bba6b7dd7,0,,good
mvtec_f18c7e9323da89bd,0,,good
mvtec_cc8af4a0257750ef,0,,good
mvtec_2e21484d7f01d159,0,,good
mvtec_4ab86350f4f1592f,0,,good
mvtec_e871aca75780458d,0,,good
mvtec_ae67d2bb56db6451,0,,good
mvtec_e118237fdb57e225,0,,good
mvtec_9cd9cb5e7319e110,0,,good
mvtec_e8d6e4208b222efb,0,,good
mvtec_b8714a46f23cd954,0,,good
mvtec_aba75a8dbaa71056,0,,good
mvtec_27341c35368bb13c,0,,good
mvtec_4090ebb84e4874f2,0,,good
mvtec_e18712e384fb9e44,0,,good
mvtec_37dba6ee121309c0,0,,good
mvtec_3a1b806d050d9cb1,0,,good
mvtec_b4014017aec9e088,0,,good
mvtec_2ec55c986e34c721,0,,good
mvtec_271962bd29529987,0,,good
mvtec_159009610cc31f54,0,,good
mvtec_682b2b74435714ff,0,,good
mvtec_7f6044f5632335da,0,,good
mvtec_2518033fe177f9a0,0,,good
mvtec_e6ad0a34cc6a1993,0,,good
mvtec_afc208d810802f26,0,,good
mvtec_01efb5585b369244,0,,good
mvtec_b927ccb7cbc40aee,0,,good
mvtec_c86348b0fe6a724b,0,,good
mvtec_cd52668673a5b4a7,0,,good
mvtec_bdf24732e55bd9c0,0,,good
mvtec_3464789ae6beeefd,0,,good
mvtec_d9f479b879326576,0,,good
mvtec_f9d255aafff20328,0,,good
mvtec_c58a8bdc8882a27d,0,,good
mvtec_9c813e199ea2abf7,0,,good
mvtec_80adac0924c7284f,0,,good
mvtec_cfde2951985fdee0,0,,good
mvtec_85414b1e86b05c0c,0,,good
mvtec_82cbdafd0f7362c3,0,,good
mvtec_bdf4afdb2b6d08a4,0,,good
mvtec_7f7b9014fe0e98ed,0,,good
mvtec_3f2980bfdfc50c81,0,,good
mvtec_41877b7940fed02b,0,,good
mvtec_60f88a7b39acab7e,0,,good
mvtec_5ac01a7d3333bad8,0,,good
mvtec_895e087d1578a599,0,,good
mvtec_c8e206cdf041808d,0,,good
mvtec_267c0ce7eca07cd9,0,,good
mvtec_1b36997c5db02a14,0,,good
mvtec_7df09d46cb1193a6,0,,good
mvtec_420b461e75c70a85,0,,good
mvtec_e2efd517cb65b783,0,,good
mvtec_939d6addb7d555de,0,,good
mvtec_550ced2745031e8d,0,,good
mvtec_fc9cf0b26511e91a,0,,good
mvtec_dfcfbd2ae6f002ec,0,,good
mvtec_447479b3db632421,0,,good
mvtec_f461bbb209a35253,0,,good
mvtec_9bbbc91300896ae1,0,,good
mvtec_b0d8f1ca58f9964e,0,,good
mvtec_0ac8ab1a1a8682a2,0,,good
mvtec_8a42bb900e4931f3,0,,good
mvtec_be44d55b6d1ef031,0,,good
mvtec_edd2dd2766233d9f,0,,good
mvtec_f604b792f7a48067,0,,good
mvtec_a69ce8a4acf36788,0,,good
mvtec_8aa8d7781297ae5b,0,,good
mvtec_4c2b435b82fb9af1,0,,good
mvtec_b38710c934897e35,0,,good
mvtec_7a3cae76202a032b,0,,good
mvtec_b49aaf9d0b901810,0,,good
mvtec_8ad1d218131f158a,0,,good
mvtec_aa4a92022061c771,0,,good
mvtec_06126a5718482c64,0,,good
mvtec_c860c7bfcd7c008d,0,,good
mvtec_405959c40f822f1c,0,,good
mvtec_ef7cb89b8cea9cc2,0,,good
mvtec_c5b6b5057306e849,0,,good
mvtec_ec88af1289d9ff48,0,,good
mvtec_0ce4330a2c86fd01,0,,good
mvtec_01caf6f1f5631b75,0,,good
mvtec_6842c51312dcd4ca,0,,good
mvtec_ae5f666de85a424d,0,,good
mvtec_febfb6f2d96e0449,0,,good
mvtec_8cf470b86b4d29e9,0,,good
mvtec_83cd45287df7d7a5,0,,good
mvtec_4a36038691971415,0,,good
mvtec_6d5ad5aa963e7477,0,,good
mvtec_b7db7dfc8130b58c,0,,good
mvtec_68dab35d3e042d1f,0,,good
mvtec_a71fcdb3475c20a8,0,,good
mvtec_cdc81b0e3a8656bb,0,,good
mvtec_a7b28af8c0eea74c,0,,good
mvtec_0df92b1290d95c84,0,,good
mvtec_61f8d0e8f0fd3581,0,,good
mvtec_8aae854aeea5022d,0,,good
mvtec_3801d2a0c0af4d88,0,,good
mvtec_ba8361a2f269876b,0,,good
mvtec_e15ea6c61d26a9f8,0,,good
mvtec_8dd0b09c4dba8efb,0,,good
mvtec_6586b82d4ee71a3b,0,,good
mvtec_f8e8fddca1356518,0,,good
mvtec_bb08276dc3c583b7,0,,good
mvtec_5d43912fdbfee783,0,,good
mvtec_f27da099cf3ee7fc,0,,good
mvtec_663dffcc258d77d0,0,,good
mvtec_3dfefee6090a69af,0,,good
mvtec_42477d1648a9dfe7,0,,good
mvtec_7077120a47828243,0,,good
mvtec_182361df26d8c276,0,,good
mvtec_61408a3c5e21877a,0,,good
mvtec_6ef74074c0cb5855,0,,good
mvtec_56f96af5dcbefb3d,0,,good
mvtec_810b2c94634c6f60,0,,good
mvtec_076c50f9ed93514c,0,,good
mvtec_bfbe3468bb14c592,0,,good
mvtec_2eebba8200e59dc4,0,,good
mvtec_073f8a73accb36bf,0,,good
mvtec_3ffed9ff70edf20d,0,,good
mvtec_d33e0c3152751d2b,0,,good
mvtec_70cba67b2f346aac,0,,good
mvtec_e9bd6b408c087d19,0,,good
mvtec_7e57b5ca9e5d0a0d,0,,good
mvtec_bd51a6c8f7e8c166,0,,good
mvtec_e374df3a2f66be4b,0,,good
mvtec_b9c111c4fc6d9b84,0,,good
mvtec_f147cc48846b685e,0,,good
mvtec_9a23e4a282ab7b88,0,,good
mvtec_f06474cc82f63b3a,0,,good
mvtec_8fae65616890c8ff,0,,good
mvtec_4423060dd2f1613b,0,,good
mvtec_22e3af36b4a0a872,0,,good
mvtec_49770512860ca562,0,,good
mvtec_99353507f6b1b377,0,,good
mvtec_c67c4122fc218a40,0,,good
mvtec_b0293ef1b08020c5,0,,good
mvtec_f6f6566bec69cb09,0,,good
mvtec_5cf8d3ab3eb06b38,0,,good
mvtec_ec6ed92fac6fdb6e,0,,good
mvtec_51fe88684bcd1d94,0,,good
mvtec_a140da29780e2fac,0,,good
mvtec_1377a1676ea3a68c,0,,good
mvtec_a234abd948d6385d,0,,good
mvtec_c86030e6b0242bee,0,,good
mvtec_a207ac7438aa48ba,0,,good
mvtec_a29d866efb4c4e97,0,,good
mvtec_59d4eefa73ef107e,0,,good
mvtec_4a1a458584370a8d,0,,good
mvtec_f65b0f4d34ec80b2,0,,good
mvtec_3422a393e59d79a9,0,,good
mvtec_d43ceccb0d2c9665,0,,good
mvtec_c4c36e5262722782,0,,good
mvtec_349bfdf78f2e9bad,0,,good
mvtec_32b741109cbd6a08,0,,good
mvtec_098b75b99c652d37,0,,good
mvtec_a2a869983b3490f9,0,,good
mvtec_7fc920a7a8325cbc,0,,good
mvtec_86038b7a496572bd,0,,good
mvtec_9914b3881462b77f,0,,good
mvtec_5575468c1c925749,0,,good
mvtec_bfc90973a3fe46ea,0,,good
mvtec_b75f721ffc2a4fc6,0,,good
mvtec_f1088a96f2b9ae15,0,,good
mvtec_b5d74f236067352b,0,,good
mvtec_025f19c5339088a2,0,,good
mvtec_c9fe39861a902971,0,,good
mvtec_ca364c685819455b,0,,good
mvtec_8a292edf73acae42,0,,good
mvtec_558e9a9b3a8d92aa,0,,good
mvtec_ad488d4959f0cafc,0,,good
mvtec_c0d6dcb43b45706b,0,,good
mvtec_6a289855731a2e91,0,,good
mvtec_1008d4d05fde21c4,0,,good
mvtec_fe81b3123db055f3,1,/data/gauss/ldh/myDatasets/mvtec_anomaly_detection/pill/ground_truth/color/000_mask.png,color
mvtec_9df933cfe1012d99,1,/data/gauss/ldh/myDatasets/mvtec_anomaly_detection/pill/ground_truth/color/001_mask.png,color
mvtec_a1091e72bbbe8914,1,/data/gauss/ldh/myDatasets/mvtec_anomaly_detection/pill/ground_truth/color/002_mask.png,color
mvtec_35cd6326096c205c,1,/data/gauss/ldh/myDatasets/mvtec_anomaly_detection/pill/ground_truth/color/003_mask.png,color
mvtec_e388c3dc8734bcd9,1,/data/gauss/ldh/myDatasets/mvtec_anomaly_detection/pill/ground_truth/color/004_mask.png,color
mvtec_e3b26ab30b5b4060,1,/data/gauss/ldh/myDatasets/mvtec_anomaly_detection/pill/ground_truth/color/005_mask.png,color
mvtec_dc139805f7f58a05,1,/data/gauss/ldh/myDatasets/mvtec_anomaly_detection/pill/ground_truth/color/006_mask.png,color
mvtec_930c382dd88914a6,1,/data/gauss/ldh/myDatasets/mvtec_anomaly_detection/pill/ground_truth/color/007_mask.png,color
mvtec_934a90d0f2d3c00a,1,/data/gauss/ldh/myDatasets/mvtec_anomaly_detection/pill/ground_truth/color/008_mask.png,color
mvtec_ce4292edef62f70a,1,/data/gauss/ldh/myDatasets/mvtec_anomaly_detection/pill/ground_truth/color/009_mask.png,color
mvtec_ba1875ae5b5e848a,1,/data/gauss/ldh/myDatasets/mvtec_anomaly_detection/pill/ground_truth/color/010_mask.png,color
mvtec_91e37e6e7a5f2fb1,1,/data/gauss/ldh/myDatasets/mvtec_anomaly_detection/pill/ground_truth/color/011_mask.png,color
mvtec_bc9266d61f005d71,1,/data/gauss/ldh/myDatasets/mvtec_anomaly_detection/pill/ground_truth/color/012_mask.png,color
mvtec_8b4c1b922b65bf7e,1,/data/gauss/ldh/myDatasets/mvtec_anomaly_detection/pill/ground_truth/color/013_mask.png,color
mvtec_4429062c1586395c,1,/data/gauss/ldh/myDatasets/mvtec_anomaly_detection/pill/ground_truth/color/014_mask.png,color
mvtec_517c8c5c02713ad2,1,/data/gauss/ldh/myDatasets/mvtec_anomaly_detection/pill/ground_truth/color/015_mask.png,color
mvtec_40fecd746e5b6731,1,/data/gauss/ldh/myDatasets/mvtec_anomaly_detection/pill/ground_truth/color/016_mask.png,color
mvtec_e0064f0a6b04a037,1,/data/gauss/ldh/myDatasets/mvtec_anomaly_detection/pill/ground_truth/color/017_mask.png,color
mvtec_dfbbd6b79d657116,1,/data/gauss/ldh/myDatasets/mvtec_anomaly_detection/pill/ground_truth/color/018_mask.png,color
mvtec_54f7d3d570b13ce2,1,/data/gauss/ldh/myDatasets/mvtec_anomaly_detection/pill/ground_truth/color/019_mask.png,color
mvtec_84fa69b43c165f35,1,/data/gauss/ldh/myDatasets/mvtec_anomaly_detection/pill/ground_truth/color/020_mask.png,color
mvtec_ab8189bd44603dfe,1,/data/gauss/ldh/myDatasets/mvtec_anomaly_detection/pill/ground_truth/color/021_mask.png,color
mvtec_88dcc05c92273c67,1,/data/gauss/ldh/myDatasets/mvtec_anomaly_detection/pill/ground_truth/color/022_mask.png,color
mvtec_eb4f7be5374427ad,1,/data/gauss/ldh/myDatasets/mvtec_anomaly_detection/pill/ground_truth/color/023_mask.png,color
mvtec_f2f97cbd00e689a5,1,/data/gauss/ldh/myDatasets/mvtec_anomaly_detection/pill/ground_truth/color/024_mask.png,color
mvtec_c593282ed1282cef,1,/data/gauss/ldh/myDatasets/mvtec_anomaly_detection/pill/ground_truth/combined/000_mask.png,combined
mvtec_cfeaebf68fd26fd4,1,/data/gauss/ldh/myDatasets/mvtec_anomaly_detection/pill/ground_truth/combined/001_mask.png,combined
mvtec_b9194fbfd8890060,1,/data/gauss/ldh/myDatasets/mvtec_anomaly_detection/pill/ground_truth/combined/002_mask.png,combined
mvtec_7eca824dada7aa8d,1,/data/gauss/ldh/myDatasets/mvtec_anomaly_detection/pill/ground_truth/combined/003_mask.png,combined
mvtec_19bc39103dd67f07,1,/data/gauss/ldh/myDatasets/mvtec_anomaly_detection/pill/ground_truth/combined/004_mask.png,combined
mvtec_2487f339ecbeaf37,1,/data/gauss/ldh/myDatasets/mvtec_anomaly_detection/pill/ground_truth/combined/005_mask.png,combined
mvtec_d82dcedf19a1b916,1,/data/gauss/ldh/myDatasets/mvtec_anomaly_detection/pill/ground_truth/combined/006_mask.png,combined
mvtec_d7c7ddf9a958fba7,1,/data/gauss/ldh/myDatasets/mvtec_anomaly_detection/pill/ground_truth/combined/007_mask.png,combined
mvtec_4c20c18a3decd1d7,1,/data/gauss/ldh/myDatasets/mvtec_anomaly_detection/pill/ground_truth/combined/008_mask.png,combined
mvtec_4268bca73cf1e764,1,/data/gauss/ldh/myDatasets/mvtec_anomaly_detection/pill/ground_truth/combined/009_mask.png,combined
mvtec_9f3c8f3f10ae4007,1,/data/gauss/ldh/myDatasets/mvtec_anomaly_detection/pill/ground_truth/combined/010_mask.png,combined
mvtec_46afcbce395cad69,1,/data/gauss/ldh/myDatasets/mvtec_anomaly_detection/pill/ground_truth/combined/011_mask.png,combined
mvtec_8557fed66643a12d,1,/data/gauss/ldh/myDatasets/mvtec_anomaly_detection/pill/ground_truth/combined/012_mask.png,combined
mvtec_1ece6ba06e6b1b42,1,/data/gauss/ldh/myDatasets/mvtec_anomaly_detection/pill/ground_truth/combined/013_mask.png,combined
mvtec_0d8230c130940351,1,/data/gauss/ldh/myDatasets/mvtec_anomaly_detection/pill/ground_truth/combined/014_mask.png,combined
mvtec_a45929bab462c07d,1,/data/gauss/ldh/myDatasets/mvtec_anomaly_detection/pill/ground_truth/combined/015_mask.png,combined
mvtec_1a63fcb82082d8b9,1,/data/gauss/ldh/myDatasets/mvtec_anomaly_detection/pill/ground_truth/combined/016_mask.png,combined
mvtec_f0df2bb3f657193f,1,/data/gauss/ldh/myDatasets/mvtec_anomaly_detection/pill/ground_truth/contamination/000_mask.png,contamination
mvtec_ba2b182060234965,1,/data/gauss/ldh/myDatasets/mvtec_anomaly_detection/pill/ground_truth/contamination/001_mask.png,contamination
mvtec_425c6efa6f3abe02,1,/data/gauss/ldh/myDatasets/mvtec_anomaly_detection/pill/ground_truth/contamination/002_mask.png,contamination
mvtec_08ce774be51cabc9,1,/data/gauss/ldh/myDatasets/mvtec_anomaly_detection/pill/ground_truth/contamination/003_mask.png,contamination
mvtec_298ca481cc525f62,1,/data/gauss/ldh/myDatasets/mvtec_anomaly_detection/pill/ground_truth/contamination/004_mask.png,contamination
mvtec_025d6340f5e84ff2,1,/data/gauss/ldh/myDatasets/mvtec_anomaly_detection/pill/ground_truth/contamination/005_mask.png,contamination
mvtec_809273be2db91cfa,1,/data/gauss/ldh/myDatasets/mvtec_anomaly_detection/pill/ground_truth/contamination/006_mask.png,contamination
mvtec_ea837fbb22f57b32,1,/data/gauss/ldh/myDatasets/mvtec_anomaly_detection/pill/ground_truth/contamination/007_mask.png,contamination
mvtec_eae64817bbea32bb,1,/data/gauss/ldh/myDatasets/mvtec_anomaly_detection/pill/ground_truth/contamination/008_mask.png,contamination
mvtec_838d2444ff6de0f2,1,/data/gauss/ldh/myDatasets/mvtec_anomaly_detection/pill/ground_truth/contamination/009_mask.png,contamination
mvtec_265169a533aab6f2,1,/data/gauss/ldh/myDatasets/mvtec_anomaly_detection/pill/ground_truth/contamination/010_mask.png,contamination
mvtec_8d56ab5f1bd2e2db,1,/data/gauss/ldh/myDatasets/mvtec_anomaly_detection/pill/ground_truth/contamination/011_mask.png,contamination
mvtec_32a5818e287d63a4,1,/data/gauss/ldh/myDatasets/mvtec_anomaly_detection/pill/ground_truth/contamination/012_mask.png,contamination
mvtec_c3bfa48a5a0dd7b7,1,/data/gauss/ldh/myDatasets/mvtec_anomaly_detection/pill/ground_truth/contamination/013_mask.png,contamination
mvtec_1235dddddcf266a5,1,/data/gauss/ldh/myDatasets/mvtec_anomaly_detection/pill/ground_truth/contamination/014_mask.png,contamination
mvtec_add5ff48a3ab3705,1,/data/gauss/ldh/myDatasets/mvtec_anomaly_detection/pill/ground_truth/contamination/015_mask.png,contamination
mvtec_790db09ab75fb69f,1,/data/gauss/ldh/myDatasets/mvtec_anomaly_detection/pill/ground_truth/contamination/016_mask.png,contamination
mvtec_c86a6559239999e0,1,/data/gauss/ldh/myDatasets/mvtec_anomaly_detection/pill/ground_truth/contamination/017_mask.png,contamination
mvtec_4baa768bcc636ce3,1,/data/gauss/ldh/myDatasets/mvtec_anomaly_detection/pill/ground_truth/contamination/018_mask.png,contamination
mvtec_2742c65d0b330cc0,1,/data/gauss/ldh/myDatasets/mvtec_anomaly_detection/pill/ground_truth/contamination/019_mask.png,contamination
mvtec_b89f7149d25f9156,1,/data/gauss/ldh/myDatasets/mvtec_anomaly_detection/pill/ground_truth/contamination/020_mask.png,contamination
mvtec_72f2d16457ba41da,1,/data/gauss/ldh/myDatasets/mvtec_anomaly_detection/pill/ground_truth/crack/000_mask.png,crack
mvtec_b142e068b6181694,1,/data/gauss/ldh/myDatasets/mvtec_anomaly_detection/pill/ground_truth/crack/001_mask.png,crack
mvtec_4e7e0db37ec0e55b,1,/data/gauss/ldh/myDatasets/mvtec_anomaly_detection/pill/ground_truth/crack/002_mask.png,crack
mvtec_b72e82645d77c97e,1,/data/gauss/ldh/myDatasets/mvtec_anomaly_detection/pill/ground_truth/crack/003_mask.png,crack
mvtec_e4aac49e70ee86b5,1,/data/gauss/ldh/myDatasets/mvtec_anomaly_detection/pill/ground_truth/crack/004_mask.png,crack
mvtec_9cc2e385290166a6,1,/data/gauss/ldh/myDatasets/mvtec_anomaly_detection/pill/ground_truth/crack/005_mask.png,crack
mvtec_01c82e8fdb6aba23,1,/data/gauss/ldh/myDatasets/mvtec_anomaly_detection/pill/ground_truth/crack/006_mask.png,crack
mvtec_02136bd7e6a4a7dc,1,/data/gauss/ldh/myDatasets/mvtec_anomaly_detection/pill/ground_truth/crack/007_mask.png,crack
mvtec_67b5ee5422869335,1,/data/gauss/ldh/myDatasets/mvtec_anomaly_detection/pill/ground_truth/crack/008_mask.png,crack
mvtec_1ada783917d741d4,1,/data/gauss/ldh/myDatasets/mvtec_anomaly_detection/pill/ground_truth/crack/009_mask.png,crack
mvtec_e22ec128df620b81,1,/data/gauss/ldh/myDatasets/mvtec_anomaly_detection/pill/ground_truth/crack/010_mask.png,crack
mvtec_6945d45d0c713610,1,/data/gauss/ldh/myDatasets/mvtec_anomaly_detection/pill/ground_truth/crack/011_mask.png,crack
mvtec_bb78bb63c2c05d27,1,/data/gauss/ldh/myDatasets/mvtec_anomaly_detection/pill/ground_truth/crack/012_mask.png,crack
mvtec_125be29d3a824922,1,/data/gauss/ldh/myDatasets/mvtec_anomaly_detection/pill/ground_truth/crack/013_mask.png,crack
mvtec_d866542bb3b5826b,1,/data/gauss/ldh/myDatasets/mvtec_anomaly_detection/pill/ground_truth/crack/014_mask.png,crack
mvtec_5aee5f050d3e1490,1,/data/gauss/ldh/myDatasets/mvtec_anomaly_detection/pill/ground_truth/crack/015_mask.png,crack
mvtec_d76b773f877fe0a1,1,/data/gauss/ldh/myDatasets/mvtec_anomaly_detection/pill/ground_truth/crack/016_mask.png,crack
mvtec_b603c60758b6faa2,1,/data/gauss/ldh/myDatasets/mvtec_anomaly_detection/pill/ground_truth/crack/017_mask.png,crack
mvtec_713436894296f4a2,1,/data/gauss/ldh/myDatasets/mvtec_anomaly_detection/pill/ground_truth/crack/018_mask.png,crack
mvtec_872589af133dd8fd,1,/data/gauss/ldh/myDatasets/mvtec_anomaly_detection/pill/ground_truth/crack/019_mask.png,crack
mvtec_1fdfb616998801c6,1,/data/gauss/ldh/myDatasets/mvtec_anomaly_detection/pill/ground_truth/crack/020_mask.png,crack
mvtec_3a409f034539a5bc,1,/data/gauss/ldh/myDatasets/mvtec_anomaly_detection/pill/ground_truth/crack/021_mask.png,crack
mvtec_8ea7f24267c72a2e,1,/data/gauss/ldh/myDatasets/mvtec_anomaly_detection/pill/ground_truth/crack/022_mask.png,crack
mvtec_e3c8c37cc5a53e00,1,/data/gauss/ldh/myDatasets/mvtec_anomaly_detection/pill/ground_truth/crack/023_mask.png,crack
mvtec_1d5c7fc4bd764cdb,1,/data/gauss/ldh/myDatasets/mvtec_anomaly_detection/pill/ground_truth/crack/024_mask.png,crack
mvtec_d8a1c553d0505acf,1,/data/gauss/ldh/myDatasets/mvtec_anomaly_detection/pill/ground_truth/crack/025_mask.png,crack
mvtec_5684ac01817d3973,1,/data/gauss/ldh/myDatasets/mvtec_anomaly_detection/pill/ground_truth/faulty_imprint/000_mask.png,faulty_imprint
mvtec_693bf21e8670ef7a,1,/data/gauss/ldh/myDatasets/mvtec_anomaly_detection/pill/ground_truth/faulty_imprint/001_mask.png,faulty_imprint
mvtec_0773822beea415aa,1,/data/gauss/ldh/myDatasets/mvtec_anomaly_detection/pill/ground_truth/faulty_imprint/002_mask.png,faulty_imprint
mvtec_982842d2a5589475,1,/data/gauss/ldh/myDatasets/mvtec_anomaly_detection/pill/ground_truth/faulty_imprint/003_mask.png,faulty_imprint
mvtec_b641425351b521f7,1,/data/gauss/ldh/myDatasets/mvtec_anomaly_detection/pill/ground_truth/faulty_imprint/004_mask.png,faulty_imprint
mvtec_4099d49c991404bc,1,/data/gauss/ldh/myDatasets/mvtec_anomaly_detection/pill/ground_truth/faulty_imprint/005_mask.png,faulty_imprint
mvtec_4a2371ba4c49e36c,1,/data/gauss/ldh/myDatasets/mvtec_anomaly_detection/pill/ground_truth/faulty_imprint/006_mask.png,faulty_imprint
mvtec_45615d97114a2ff1,1,/data/gauss/ldh/myDatasets/mvtec_anomaly_detection/pill/ground_truth/faulty_imprint/007_mask.png,faulty_imprint
mvtec_43b2b9e8fa8d11f4,1,/data/gauss/ldh/myDatasets/mvtec_anomaly_detection/pill/ground_truth/faulty_imprint/008_mask.png,faulty_imprint
mvtec_29ab15a63688008a,1,/data/gauss/ldh/myDatasets/mvtec_anomaly_detection/pill/ground_truth/faulty_imprint/009_mask.png,faulty_imprint
mvtec_d7fb23a714316bb0,1,/data/gauss/ldh/myDatasets/mvtec_anomaly_detection/pill/ground_truth/faulty_imprint/010_mask.png,faulty_imprint
mvtec_b8fb09cabf9d2a6e,1,/data/gauss/ldh/myDatasets/mvtec_anomaly_detection/pill/ground_truth/faulty_imprint/011_mask.png,faulty_imprint
mvtec_ef99c4573dbe3fc8,1,/data/gauss/ldh/myDatasets/mvtec_anomaly_detection/pill/ground_truth/faulty_imprint/012_mask.png,faulty_imprint
mvtec_dd7109c54344f65c,1,/data/gauss/ldh/myDatasets/mvtec_anomaly_detection/pill/ground_truth/faulty_imprint/013_mask.png,faulty_imprint
mvtec_6abc55a6d3b83802,1,/data/gauss/ldh/myDatasets/mvtec_anomaly_detection/pill/ground_truth/faulty_imprint/014_mask.png,faulty_imprint
mvtec_c5132ec132fa5623,1,/data/gauss/ldh/myDatasets/mvtec_anomaly_detection/pill/ground_truth/faulty_imprint/015_mask.png,faulty_imprint
mvtec_d1f516f141ba5f5c,1,/data/gauss/ldh/myDatasets/mvtec_anomaly_detection/pill/ground_truth/faulty_imprint/016_mask.png,faulty_imprint
mvtec_b980ae2876eb39ff,1,/data/gauss/ldh/myDatasets/mvtec_anomaly_detection/pill/ground_truth/faulty_imprint/017_mask.png,faulty_imprint
mvtec_65d070c2228cfa84,1,/data/gauss/ldh/myDatasets/mvtec_anomaly_detection/pill/ground_truth/faulty_imprint/018_mask.png,faulty_imprint
mvtec_dccfd0effcfe644d,1,/data/gauss/ldh/myDatasets/mvtec_anomaly_detection/pill/ground_truth/pill_type/000_mask.png,pill_type
mvtec_2aee1497f20bc617,1,/data/gauss/ldh/myDatasets/mvtec_anomaly_detection/pill/ground_truth/pill_type/001_mask.png,pill_type
mvtec_2bb4244813c9fb00,1,/data/gauss/ldh/myDatasets/mvtec_anomaly_detection/pill/ground_truth/pill_type/002_mask.png,pill_type
mvtec_1b7ed1da76ea3d9d,1,/data/gauss/ldh/myDatasets/mvtec_anomaly_detection/pill/ground_truth/pill_type/003_mask.png,pill_type
mvtec_a31f79dc6a2977c4,1,/data/gauss/ldh/myDatasets/mvtec_anomaly_detection/pill/ground_truth/pill_type/004_mask.png,pill_type
mvtec_5b78df6b30bdc5a6,1,/data/gauss/ldh/myDatasets/mvtec_anomaly_detection/pill/ground_truth/pill_type/005_mask.png,pill_type
mvtec_47c9aecb127d0678,1,/data/gauss/ldh/myDatasets/mvtec_anomaly_detection/pill/ground_truth/pill_type/006_mask.png,pill_type
mvtec_7759b5b4fdb70777,1,/data/gauss/ldh/myDatasets/mvtec_anomaly_detection/pill/ground_truth/pill_type/007_mask.png,pill_type
mvtec_96066ddb43dae823,1,/data/gauss/ldh/myDatasets/mvtec_anomaly_detection/pill/ground_truth/pill_type/008_mask.png,pill_type
mvtec_193db2bc97e32431,1,/data/gauss/ldh/myDatasets/mvtec_anomaly_detection/pill/ground_truth/scratch/000_mask.png,scratch
mvtec_deec475aba2601ea,1,/data/gauss/ldh/myDatasets/mvtec_anomaly_detection/pill/ground_truth/scratch/001_mask.png,scratch
mvtec_06fbb745abca0e48,1,/data/gauss/ldh/myDatasets/mvtec_anomaly_detection/pill/ground_truth/scratch/002_mask.png,scratch
mvtec_6c396c4e7e01bf3e,1,/data/gauss/ldh/myDatasets/mvtec_anomaly_detection/pill/ground_truth/scratch/003_mask.png,scratch
mvtec_5f55e63078382dca,1,/data/gauss/ldh/myDatasets/mvtec_anomaly_detection/pill/ground_truth/scratch/004_mask.png,scratch
mvtec_20cc2296556db82f,1,/data/gauss/ldh/myDatasets/mvtec_anomaly_detection/pill/ground_truth/scratch/005_mask.png,scratch
mvtec_34ccee6366c5631e,1,/data/gauss/ldh/myDatasets/mvtec_anomaly_detection/pill/ground_truth/scratch/006_mask.png,scratch
mvtec_3f587e1166d2bd3c,1,/data/gauss/ldh/myDatasets/mvtec_anomaly_detection/pill/ground_truth/scratch/007_mask.png,scratch
mvtec_fbe1622985904b63,1,/data/gauss/ldh/myDatasets/mvtec_anomaly_detection/pill/ground_truth/scratch/008_mask.png,scratch
mvtec_ac8a01e3c34bae84,1,/data/gauss/ldh/myDatasets/mvtec_anomaly_detection/pill/ground_truth/scratch/009_mask.png,scratch
mvtec_7cf54f04d5fdc00c,1,/data/gauss/ldh/myDatasets/mvtec_anomaly_detection/pill/ground_truth/scratch/010_mask.png,scratch
mvtec_20e81a6bbea1e22d,1,/data/gauss/ldh/myDatasets/mvtec_anomaly_detection/pill/ground_truth/scratch/011_mask.png,scratch
mvtec_ae903b52d494f3a8,1,/data/gauss/ldh/myDatasets/mvtec_anomaly_detection/pill/ground_truth/scratch/012_mask.png,scratch
mvtec_ebfb8dbc460b3918,1,/data/gauss/ldh/myDatasets/mvtec_anomaly_detection/pill/ground_truth/scratch/013_mask.png,scratch
mvtec_68c79cae2a5a0a2b,1,/data/gauss/ldh/myDatasets/mvtec_anomaly_detection/pill/ground_truth/scratch/014_mask.png,scratch
mvtec_697ba304749899e2,1,/data/gauss/ldh/myDatasets/mvtec_anomaly_detection/pill/ground_truth/scratch/015_mask.png,scratch
mvtec_239da735ec72fa0f,1,/data/gauss/ldh/myDatasets/mvtec_anomaly_detection/pill/ground_truth/scratch/016_mask.png,scratch
mvtec_eabb302237110f05,1,/data/gauss/ldh/myDatasets/mvtec_anomaly_detection/pill/ground_truth/scratch/017_mask.png,scratch
mvtec_c9cafae458ccd9ea,1,/data/gauss/ldh/myDatasets/mvtec_anomaly_detection/pill/ground_truth/scratch/018_mask.png,scratch
mvtec_48eb254dbcb871b1,1,/data/gauss/ldh/myDatasets/mvtec_anomaly_detection/pill/ground_truth/scratch/019_mask.png,scratch
mvtec_5b00777bc1693617,1,/data/gauss/ldh/myDatasets/mvtec_anomaly_detection/pill/ground_truth/scratch/020_mask.png,scratch
mvtec_5db77545f23fcc71,1,/data/gauss/ldh/myDatasets/mvtec_anomaly_detection/pill/ground_truth/scratch/021_mask.png,scratch
mvtec_06a260c110913291,1,/data/gauss/ldh/myDatasets/mvtec_anomaly_detection/pill/ground_truth/scratch/022_mask.png,scratch
mvtec_15286dfdbb054e81,1,/data/gauss/ldh/myDatasets/mvtec_anomaly_detection/pill/ground_truth/scratch/023_mask.png,scratch
mvtec_e58d8e0bb14d0753,0,,good
mvtec_919dc793c81d1da8,0,,good
mvtec_0490025abc8e5968,0,,good
mvtec_4ca6d37299596c31,0,,good
mvtec_9df7e1a1abd646d9,0,,good
mvtec_2f74869277e8b7e5,0,,good
mvtec_f990643a3e1220fd,0,,good
mvtec_ca4a8573bbe11d41,0,,good
mvtec_e231834f7025caac,0,,good
mvtec_56fb9c053c3630f5,0,,good
mvtec_604cab9fbadec066,0,,good
mvtec_0cc8137dd202cccd,0,,good
mvtec_044270759094486d,0,,good
mvtec_b1eae1f93f63bfe7,0,,good
mvtec_626d6bd8834730b6,0,,good
mvtec_8f631d74c4fdf02a,0,,good
mvtec_08a914b348da4e37,0,,good
mvtec_a5402648c66b00cc,0,,good
mvtec_07043d25e46d5d54,0,,good
mvtec_1579f7c0fc278cdc,0,,good
mvtec_ee4be9b294fef51f,0,,good
mvtec_0de57f2175ccb8a9,0,,good
mvtec_7db89963645c8c51,0,,good
mvtec_faec9d471120c91c,0,,good
mvtec_d21fbc63ac2d6926,0,,good
mvtec_ee7516aa714813e0,0,,good
mvtec_bb6e7a6342d1a5e1,0,,good
mvtec_253dc7d69f97aea4,0,,good
mvtec_a87399f87bcc997e,0,,good
mvtec_57d843b777a3740e,0,,good
mvtec_7c147f5bb6876f1d,0,,good
mvtec_b5e0e5b0a23876cd,0,,good
mvtec_2f343482000b489c,0,,good
mvtec_f746b98d9e4432e0,0,,good
mvtec_e0ceb227447ac69a,0,,good
mvtec_5e794890339ddd29,0,,good
mvtec_676cc18866890196,0,,good
mvtec_8c97b0b919039bc7,0,,good
mvtec_d6adcf4e78b89bf6,0,,good
mvtec_4d5f607b19a2e80b,0,,good
mvtec_0c8b4330ab4435b8,0,,good
mvtec_dd6f32b8aab3dcf8,0,,good
mvtec_724cab67cecc9092,0,,good
mvtec_04f4719f810ea489,0,,good
mvtec_149c4e700cc7ff6b,0,,good
mvtec_6ddf21816c46bd39,0,,good
mvtec_bf85c03fadc0e0e0,0,,good
mvtec_1d9dd8d4ca68f3ce,0,,good
mvtec_a3cfe9f9f85a56e8,0,,good
mvtec_76d450414ca63e1f,0,,good
mvtec_036d49e449a2b136,0,,good
mvtec_5b410e28dee55347,0,,good
mvtec_0026e93ebc188f38,0,,good
mvtec_01825ff699ed7f59,0,,good
mvtec_e8a2a59c55341714,0,,good
mvtec_afb5f4a521557a6e,0,,good
mvtec_6fb294bbe8ca7592,0,,good
mvtec_983fea35895d9b3c,0,,good
mvtec_397cd162cb1849cd,0,,good
mvtec_00f9848853b8f2d3,0,,good
mvtec_b17d32f3d3d8fc2f,0,,good
mvtec_cf2a140864ef4187,0,,good
mvtec_efe3b825b5a38ca9,0,,good
mvtec_0b8ec73dd1cf187b,0,,good
mvtec_4ba4cd7ba5802b86,0,,good
mvtec_4893c78e56d2b1d7,0,,good
mvtec_0f62b897702d387f,0,,good
mvtec_70c6d11153c9dba6,0,,good
mvtec_4d1f28895bddcd22,0,,good
mvtec_763a37966210093c,0,,good
mvtec_5cdf7564c2c8f1c3,0,,good
mvtec_0feb469d36aa6e4a,0,,good
mvtec_0f4d0661ee35d8d3,0,,good
mvtec_b7caec58b3563d2a,0,,good
mvtec_8d01864df6368f1c,0,,good
mvtec_58d12ac479c0db4e,0,,good
mvtec_bad3544bb8815ec8,0,,good
mvtec_55ad5e2fcf410261,0,,good
mvtec_2d9bfa22cf7dbf02,0,,good
mvtec_41170400b1b15459,0,,good
mvtec_3b3f9e0cc9a08dd9,0,,good
mvtec_392683833ea59e34,0,,good
mvtec_6c2d0438ee5383a0,0,,good
mvtec_90db50cc846732b1,0,,good
mvtec_6a3e1acd30fa2d87,0,,good
mvtec_fd658cf76d22f53d,0,,good
mvtec_b1373e5cd21a6af4,0,,good
mvtec_984cb3842455bfee,0,,good
mvtec_ee7cbfee015bc853,0,,good
mvtec_811b59bf2f82b835,0,,good
mvtec_ea20f43165747328,0,,good
mvtec_ac3a8a1788f0e1e6,0,,good
mvtec_40efa0cd0e41ccd0,0,,good
mvtec_6ebf4200f918f994,0,,good
mvtec_4e46f53bda84f67a,0,,good
mvtec_8819947b890d5aa1,0,,good
mvtec_f749ef900d10aaf8,0,,good
mvtec_e0c22126ff085179,0,,good
mvtec_ba171901114463fd,0,,good
mvtec_dd15a8e5d1abf0c8,0,,good
mvtec_2135ec8dbe1b3406,0,,good
mvtec_892cece865d4c001,0,,good
mvtec_7b8d0417c96b8e93,0,,good
mvtec_62bb9155558ef226,0,,good
mvtec_6c5ba4767b3a6168,0,,good
mvtec_6a01038b343829e7,0,,good
mvtec_2ee8058ead87501b,0,,good
mvtec_7f289819c30ad9bd,0,,good
mvtec_b05d70270da055ea,0,,good
mvtec_b4bd2edc937eb98a,0,,good
mvtec_a694510f773e5526,0,,good
mvtec_090e8e1f461e0cca,0,,good
mvtec_baf2a254dac5d80e,0,,good
mvtec_69d6a78170807134,0,,good
mvtec_8c7be166cd29a589,0,,good
mvtec_629a35f66f9acab2,0,,good
mvtec_f4fec676213edc91,0,,good
mvtec_3b6b948cc9388607,0,,good
mvtec_0fff45065a5fce45,0,,good
mvtec_309e672678f51de0,0,,good
mvtec_b57f26fdca7b807d,0,,good
mvtec_0d47797306c83c75,0,,good
mvtec_987278fcb4c6e410,0,,good
mvtec_57a0a6ea9effe008,0,,good
mvtec_5bb98a61cf23ccbb,0,,good
mvtec_88a14cc453dd998f,0,,good
mvtec_86b71b2eec888f7b,0,,good
mvtec_ec5d6e630ab089b8,0,,good
mvtec_ec89d38e4d916658,0,,good
mvtec_d0f9dba76e4756d7,0,,good
mvtec_ca75c2f96d9c080d,0,,good
mvtec_a91529339e5459ca,0,,good
mvtec_17541649c44d590c,0,,good
mvtec_68a07d33199fcb51,0,,good
mvtec_c905d98965f6324e,0,,good
mvtec_3c55839f28d507e5,0,,good
mvtec_b4626193238b5779,0,,good
mvtec_47fee76dfb77a1ff,0,,good
mvtec_f4b0511e767babab,0,,good
mvtec_fab27978bbe71adc,0,,good
mvtec_4841583c9574abc3,0,,good
mvtec_777e1a962139710c,0,,good
mvtec_fec90a062738e925,0,,good
mvtec_c0762619188fd372,0,,good
mvtec_55adbbbc18e11117,0,,good
mvtec_05a07240eacb0a8a,0,,good
mvtec_cb5060b642b20666,0,,good
mvtec_74814cf86fb2280a,0,,good
mvtec_64c7b93528638374,0,,good
mvtec_c323699c1ed11d83,0,,good
mvtec_045ebdfb0332e7c9,0,,good
mvtec_77019d584bd7f1b2,0,,good
mvtec_db47afd2fa26ebfc,0,,good
mvtec_03f0559607693013,0,,good
mvtec_e672f05be38384e0,0,,good
mvtec_b80556bd4ffa0a7e,0,,good
mvtec_a030b9ec77f47c60,0,,good
mvtec_cf69ec7b075be5c8,0,,good
mvtec_0a6834b978fc5ed3,0,,good
mvtec_b5f965142ae9db08,0,,good
mvtec_32c7cea7e92c1984,0,,good
mvtec_cc0a91c01f1c4cba,0,,good
mvtec_74831e2f99f9c65b,0,,good
mvtec_378ae34800e80c17,0,,good
mvtec_ec41d4d5dcf50f77,0,,good
mvtec_630d35d0ba4fc3de,0,,good
mvtec_58113ce1bbe882b3,0,,good
mvtec_3b4c274492e25cbb,0,,good
mvtec_a804f03adcd1770f,0,,good
mvtec_0f870f30b2eac28b,0,,good
mvtec_f56a298f474eec1e,0,,good
mvtec_363e704a2d8f6278,0,,good
mvtec_3b28a1cd76c82782,0,,good
mvtec_3497cd6fc2f910ab,0,,good
mvtec_0873169a854fc4c7,0,,good
mvtec_4e37d0327e5ccfa6,0,,good
mvtec_870e48b810798345,0,,good
mvtec_e053c21876d93c74,0,,good
mvtec_aab6a3ba3ce89607,0,,good
mvtec_b8ea090197ce11d6,0,,good
mvtec_b76e7ef7dda1c55f,0,,good
mvtec_d99535cafe9477e6,0,,good
mvtec_4c8383770dc332a6,0,,good
mvtec_e15c237d6e8bd156,0,,good
mvtec_8c5dffe2b4d346a4,0,,good
mvtec_9f2ffcf95f8d2541,0,,good
mvtec_7fa8c8cb56db8285,0,,good
mvtec_5e2bf87fb552f6a2,0,,good
mvtec_c5cb964782e8bf1e,0,,good
mvtec_e6c94c2738d8d2e7,0,,good
mvtec_e90e87d38e6a4b1e,0,,good
mvtec_23adc813eac156a8,0,,good
mvtec_3729d773c3dc0099,0,,good
mvtec_09333ca978d651b8,0,,good
mvtec_d22ffa7075c4017d,0,,good
mvtec_31a9039c896d1750,0,,good
mvtec_2892ae3e7f7257cc,0,,good
mvtec_3bed9a8714621161,0,,good
mvtec_679abb0a11b5935b,0,,good
mvtec_826cea262157f03e,0,,good
mvtec_285a170448f4f910,0,,good
mvtec_3aa3bc032afeaa88,0,,good
mvtec_2bad415bcb115dee,0,,good
mvtec_ab845d73af0453d9,0,,good
mvtec_c8332e1ea0936602,0,,good
mvtec_e1b896b89046d674,0,,good
mvtec_7088e9d848c6f35e,0,,good
mvtec_f034bc239d08fd87,0,,good
mvtec_80d7f92768285ad4,0,,good
mvtec_299edfb092629282,0,,good
mvtec_c290ffdab943b346,0,,good
mvtec_0318e36578ce239d,0,,good
mvtec_8c8b024f91c1fdf0,0,,good
mvtec_07b71210d7c2b923,0,,good
mvtec_df0c01deb21a83e7,0,,good
mvtec_8edbb873b5ab761c,0,,good
mvtec_a6f043b9a6ec1a3a,0,,good
mvtec_50553418f23660f3,0,,good
mvtec_fffc68579f7f2d1d,0,,good
mvtec_91a1a63eee32e64c,0,,good
mvtec_a856769c09773a26,0,,good
mvtec_bea4f603ef09160f,0,,good
mvtec_65ded30c214df0b7,0,,good
mvtec_bd9b55b090a122c4,0,,good
mvtec_1350982398df9ec9,0,,good
mvtec_3865541733691e23,0,,good
mvtec_60695cc92d9cbf27,0,,good
mvtec_8f478f5de29ba272,0,,good
mvtec_519765393f1c1150,0,,good
mvtec_0b79264146a6f1db,0,,good
mvtec_920a32ef37995f89,0,,good
mvtec_86522df5c95c23bc,0,,good
mvtec_4dbe304d4733874f,0,,good
mvtec_b192e40633a9d2af,0,,good
mvtec_3a06a3ea7d60a787,0,,good
mvtec_5426ee3e6612c659,0,,good
mvtec_47f3c2ca568eb8ea,0,,good
mvtec_0fe5371c6d3c6238,0,,good
mvtec_5db1d5659e2c009e,0,,good
mvtec_3d9568bb139e02cb,0,,good
mvtec_9b8f7200ab49be66,0,,good
mvtec_7f17ae31c7f8860c,0,,good
mvtec_6eecba2cc9c0d088,0,,good
mvtec_86232d2a9d94c2a9,0,,good
mvtec_61b01a4a835a4895,0,,good
mvtec_2342b8fb299fa8fd,0,,good
mvtec_2d1ce2222e1bbc60,0,,good
mvtec_f919b1abbf1535aa,0,,good
mvtec_b078fe22ab0a8bfc,0,,good
mvtec_0c8f4ad3d61bc3da,0,,good
mvtec_d0fd10af2c712c40,0,,good
mvtec_93f863a29490daee,0,,good
mvtec_74b1c7c8a65e40d3,0,,good
mvtec_2c80bc28c0479c8d,0,,good
mvtec_4eb83003daf9484a,0,,good
mvtec_5fe9eab4ec54a75b,0,,good
mvtec_b376929e4ea15f2d,0,,good
mvtec_39ffa9c53406508d,0,,good
mvtec_55f939171ea0f843,0,,good
mvtec_8676b04ae7c88be1,0,,good
mvtec_c2c8eaa45ec644dc,0,,good
mvtec_d51969d5228e1656,0,,good
mvtec_87c4a964f3f29f53,0,,good
mvtec_5c0d24de9513eaa5,0,,good
mvtec_9c4219550cea2523,0,,good
mvtec_0efcadb774202397,0,,good
mvtec_216d6e44fcf9b1d5,0,,good
mvtec_8b0f44b79cab2645,0,,good
mvtec_3f0b7b9f9c47c8ef,0,,good
mvtec_c685f39ba6811324,0,,good
mvtec_a9b16efbbda2f17f,0,,good
mvtec_baaf45e85b48960b,0,,good
mvtec_643f1ea15cdc859b,0,,good
mvtec_ac85914720fddcbe,0,,good
mvtec_eb53d82b4e945356,0,,good
mvtec_11e68e3fbeb22e53,0,,good
mvtec_1de26e16b11620d2,0,,good
mvtec_3e894f198fe44fa2,0,,good
mvtec_0f2113becf0752f2,0,,good
mvtec_5e36f695ebd88efe,0,,good
mvtec_69d11f6ffa42d291,0,,good
mvtec_0af5677ed830f90e,0,,good
mvtec_0fa08e6b0cd03ea2,0,,good
mvtec_afb0daf01e9bb7e8,0,,good
mvtec_e2b8918ca0140c3c,0,,good
mvtec_36979c69e9aa883d,0,,good
mvtec_16d3c9312257de6f,0,,good
mvtec_a415df4f4ea89c2a,0,,good
mvtec_9bf5bbe375782d81,0,,good
mvtec_d4c97753c374e1e5,0,,good
mvtec_626814f6aa9e23a6,0,,good
mvtec_68831c0ea8ef0590,0,,good
mvtec_272ddb57e9d7d018,0,,good
mvtec_69ce9a665d92c485,0,,good
mvtec_1e7f46e3ec2df601,0,,good
mvtec_18454d8002119de2,0,,good
mvtec_92cbe6b33a7707af,0,,good
mvtec_3f06aa2199f84bcf,0,,good
mvtec_091fadfff5f4d459,0,,good
mvtec_c812b4eb6120e5df,0,,good
mvtec_0f2ccd662c6fc3a6,0,,good
mvtec_372019a127011052,0,,good
mvtec_733e52a1c02240bb,0,,good
mvtec_b8cb3cee59469369,0,,good
mvtec_a610534058c215f1,0,,good
mvtec_fbe7d171167bdbb9,0,,good
mvtec_34d0d54241d8b53e,0,,good
mvtec_c8d30e0bc867534d,0,,good
mvtec_39629d5f7038bd00,0,,good
mvtec_b304ab80f701737b,0,,good
mvtec_e5407e2b33615d20,0,,good
mvtec_4356adcf35f7dd88,0,,good
mvtec_078807e042efcffd,0,,good
mvtec_747b7df4c2211cea,0,,good
mvtec_54156a170125e248,0,,good
mvtec_7c6ae2932370bbd8,0,,good
mvtec_2c52238a3206cd88,0,,good
mvtec_97001bd8831926b6,0,,good
mvtec_8de58347d17cd722,0,,good
mvtec_9f14767a9e05ff4f,0,,good
mvtec_c253ef9787a7f01c,0,,good
mvtec_3003c85e5cd651f8,0,,good
mvtec_197088cfff88f99a,0,,good
mvtec_5f1a77097c3f1743,0,,good
mvtec_cf4cfd512a72b5cb,0,,good
mvtec_844ff12a1f65d171,0,,good
mvtec_8aefcd9895f95578,0,,good
mvtec_c759d5ffe5c7a1bf,0,,good
mvtec_36328a10b8451dd9,0,,good
mvtec_1519cef9786c41aa,0,,good
mvtec_0701e908f591d260,0,,good
mvtec_4b625ad01b99bb99,0,,good
mvtec_224ca5a0a3d774a9,0,,good
mvtec_d2c6cde8db6155b4,0,,good
mvtec_2e7068dccc83a0a0,0,,good
mvtec_07bf4681c1e23d06,0,,good
mvtec_d8f370dd27e887bd,0,,good
mvtec_9a5c3ae3af4463cb,0,,good
mvtec_b4bda0d5b31ffa8c,0,,good
mvtec_fc3f2d67052c9165,0,,good
mvtec_6de172c33da07cd8,0,,good
mvtec_df10be8fb3799e22,0,,good
mvtec_fb7fa776354c6854,0,,good
mvtec_1ed07d0fc5e91d93,0,,good
mvtec_d899b67e79d55907,0,,good
mvtec_a4b6f3e8624288bd,0,,good
mvtec_e531e796e8c71a96,0,,good
mvtec_ce803f844a50cca3,0,,good
mvtec_2c510f03cdc832c1,0,,good
mvtec_80dba37954c42ba2,0,,good
mvtec_0d673fc048a3668e,0,,good
mvtec_b77f67de2c7d54cf,0,,good
mvtec_ccc12dff78040590,0,,good
mvtec_36ce5c61f20e3d6e,0,,good
mvtec_86d427bd95ae4038,0,,good
mvtec_ef8486f8f50d3839,0,,good
mvtec_46651ca33a1708af,0,,good
mvtec_9eba822aa7feb2ed,0,,good
mvtec_2351f660ea075dbc,0,,good
mvtec_8d41a9ccf28aab3e,0,,good
mvtec_c5450b5a6ab5acd4,0,,good
mvtec_1c82fb7afbaa756b,1,/data/gauss/ldh/myDatasets/mvtec_anomaly_detection/screw/ground_truth/manipulated_front/000_mask.png,manipulated_front
mvtec_5dda13fc0e66f680,1,/data/gauss/ldh/myDatasets/mvtec_anomaly_detection/screw/ground_truth/manipulated_front/001_mask.png,manipulated_front
mvtec_e753f924a2502674,1,/data/gauss/ldh/myDatasets/mvtec_anomaly_detection/screw/ground_truth/manipulated_front/002_mask.png,manipulated_front
mvtec_8dd1af3c977b7889,1,/data/gauss/ldh/myDatasets/mvtec_anomaly_detection/screw/ground_truth/manipulated_front/003_mask.png,manipulated_front
mvtec_08489fd411338586,1,/data/gauss/ldh/myDatasets/mvtec_anomaly_detection/screw/ground_truth/manipulated_front/004_mask.png,manipulated_front
mvtec_1790c713d7772a5f,1,/data/gauss/ldh/myDatasets/mvtec_anomaly_detection/screw/ground_truth/manipulated_front/005_mask.png,manipulated_front
mvtec_5cf3d821d9e52d22,1,/data/gauss/ldh/myDatasets/mvtec_anomaly_detection/screw/ground_truth/manipulated_front/006_mask.png,manipulated_front
mvtec_2cb03d26637827d2,1,/data/gauss/ldh/myDatasets/mvtec_anomaly_detection/screw/ground_truth/manipulated_front/007_mask.png,manipulated_front
mvtec_109d25e82650c585,1,/data/gauss/ldh/myDatasets/mvtec_anomaly_detection/screw/ground_truth/manipulated_front/008_mask.png,manipulated_front
mvtec_099ba4c9fd4ccbb8,1,/data/gauss/ldh/myDatasets/mvtec_anomaly_detection/screw/ground_truth/manipulated_front/009_mask.png,manipulated_front
mvtec_6aaf7d91ee87a708,1,/data/gauss/ldh/myDatasets/mvtec_anomaly_detection/screw/ground_truth/manipulated_front/010_mask.png,manipulated_front
mvtec_c9d377350884e362,1,/data/gauss/ldh/myDatasets/mvtec_anomaly_detection/screw/ground_truth/manipulated_front/011_mask.png,manipulated_front
mvtec_c464396510561704,1,/data/gauss/ldh/myDatasets/mvtec_anomaly_detection/screw/ground_truth/manipulated_front/012_mask.png,manipulated_front
mvtec_2f44ddaef5c60bb8,1,/data/gauss/ldh/myDatasets/mvtec_anomaly_detection/screw/ground_truth/manipulated_front/013_mask.png,manipulated_front
mvtec_a9637a82544c9108,1,/data/gauss/ldh/myDatasets/mvtec_anomaly_detection/screw/ground_truth/manipulated_front/014_mask.png,manipulated_front
mvtec_79b284f4ec0a0f44,1,/data/gauss/ldh/myDatasets/mvtec_anomaly_detection/screw/ground_truth/manipulated_front/015_mask.png,manipulated_front
mvtec_516260fd0873c40d,1,/data/gauss/ldh/myDatasets/mvtec_anomaly_detection/screw/ground_truth/manipulated_front/016_mask.png,manipulated_front
mvtec_63c6dd2d9b7d5836,1,/data/gauss/ldh/myDatasets/mvtec_anomaly_detection/screw/ground_truth/manipulated_front/017_mask.png,manipulated_front
mvtec_a4863cfb3c11cf56,1,/data/gauss/ldh/myDatasets/mvtec_anomaly_detection/screw/ground_truth/manipulated_front/018_mask.png,manipulated_front
mvtec_2623ee5838dce092,1,/data/gauss/ldh/myDatasets/mvtec_anomaly_detection/screw/ground_truth/manipulated_front/019_mask.png,manipulated_front
mvtec_de1c7050c3679b6a,1,/data/gauss/ldh/myDatasets/mvtec_anomaly_detection/screw/ground_truth/manipulated_front/020_mask.png,manipulated_front
mvtec_3c47f3200bf2c0fb,1,/data/gauss/ldh/myDatasets/mvtec_anomaly_detection/screw/ground_truth/manipulated_front/021_mask.png,manipulated_front
mvtec_7d951639338b2b9e,1,/data/gauss/ldh/myDatasets/mvtec_anomaly_detection/screw/ground_truth/manipulated_front/022_mask.png,manipulated_front
mvtec_10b56177d5908e71,1,/data/gauss/ldh/myDatasets/mvtec_anomaly_detection/screw/ground_truth/manipulated_front/023_mask.png,manipulated_front
mvtec_92d2e9e7e8fef345,1,/data/gauss/ldh/myDatasets/mvtec_anomaly_detection/screw/ground_truth/scratch_head/000_mask.png,scratch_head
mvtec_053e9d07f12152b7,1,/data/gauss/ldh/myDatasets/mvtec_anomaly_detection/screw/ground_truth/scratch_head/001_mask.png,scratch_head
mvtec_7768599f903876d5,1,/data/gauss/ldh/myDatasets/mvtec_anomaly_detection/screw/ground_truth/scratch_head/002_mask.png,scratch_head
mvtec_4f358c6c446144a1,1,/data/gauss/ldh/myDatasets/mvtec_anomaly_detection/screw/ground_truth/scratch_head/003_mask.png,scratch_head
mvtec_990bacd283644bf4,1,/data/gauss/ldh/myDatasets/mvtec_anomaly_detection/screw/ground_truth/scratch_head/004_mask.png,scratch_head
mvtec_94b8f4c44fa6739c,1,/data/gauss/ldh/myDatasets/mvtec_anomaly_detection/screw/ground_truth/scratch_head/005_mask.png,scratch_head
mvtec_b75af999aa479f3d,1,/data/gauss/ldh/myDatasets/mvtec_anomaly_detection/screw/ground_truth/scratch_head/006_mask.png,scratch_head
mvtec_a68c7c4b6d1a92d7,1,/data/gauss/ldh/myDatasets/mvtec_anomaly_detection/screw/ground_truth/scratch_head/007_mask.png,scratch_head
mvtec_7c09d361f0f49485,1,/data/gauss/ldh/myDatasets/mvtec_anomaly_detection/screw/ground_truth/scratch_head/008_mask.png,scratch_head
mvtec_9b7b663285ff73b0,1,/data/gauss/ldh/myDatasets/mvtec_anomaly_detection/screw/ground_truth/scratch_head/009_mask.png,scratch_head
mvtec_06a5c32ec5be6a0d,1,/data/gauss/ldh/myDatasets/mvtec_anomaly_detection/screw/ground_truth/scratch_head/010_mask.png,scratch_head
mvtec_4a53414b5823cbf0,1,/data/gauss/ldh/myDatasets/mvtec_anomaly_detection/screw/ground_truth/scratch_head/011_mask.png,scratch_head
mvtec_377e9e707343e8f3,1,/data/gauss/ldh/myDatasets/mvtec_anomaly_detection/screw/ground_truth/scratch_head/012_mask.png,scratch_head
mvtec_7db2d08cbd36d521,1,/data/gauss/ldh/myDatasets/mvtec_anomaly_detection/screw/ground_truth/scratch_head/013_mask.png,scratch_head
mvtec_ce4351eeb70841f7,1,/data/gauss/ldh/myDatasets/mvtec_anomaly_detection/screw/ground_truth/scratch_head/014_mask.png,scratch_head
mvtec_763099de72bab49a,1,/data/gauss/ldh/myDatasets/mvtec_anomaly_detection/screw/ground_truth/scratch_head/015_mask.png,scratch_head
mvtec_e9ea8b7f155c7e72,1,/data/gauss/ldh/myDatasets/mvtec_anomaly_detection/screw/ground_truth/scratch_head/016_mask.png,scratch_head
mvtec_6cfa147721c2bde8,1,/data/gauss/ldh/myDatasets/mvtec_anomaly_detection/screw/ground_truth/scratch_head/017_mask.png,scratch_head
mvtec_b5197a634194ee88,1,/data/gauss/ldh/myDatasets/mvtec_anomaly_detection/screw/ground_truth/scratch_head/018_mask.png,scratch_head
mvtec_ad8c5dee79c047e4,1,/data/gauss/ldh/myDatasets/mvtec_anomaly_detection/screw/ground_truth/scratch_head/019_mask.png,scratch_head
mvtec_1138f87397921725,1,/data/gauss/ldh/myDatasets/mvtec_anomaly_detection/screw/ground_truth/scratch_head/020_mask.png,scratch_head
mvtec_54550442d9a833cf,1,/data/gauss/ldh/myDatasets/mvtec_anomaly_detection/screw/ground_truth/scratch_head/021_mask.png,scratch_head
mvtec_439428cc2482ed5d,1,/data/gauss/ldh/myDatasets/mvtec_anomaly_detection/screw/ground_truth/scratch_head/022_mask.png,scratch_head
mvtec_2c24ed2aad2c69ad,1,/data/gauss/ldh/myDatasets/mvtec_anomaly_detection/screw/ground_truth/scratch_head/023_mask.png,scratch_head
mvtec_4a7e9ab06aa839db,1,/data/gauss/ldh/myDatasets/mvtec_anomaly_detection/screw/ground_truth/scratch_neck/000_mask.png,scratch_neck
mvtec_8425582c133c21d2,1,/data/gauss/ldh/myDatasets/mvtec_anomaly_detection/screw/ground_truth/scratch_neck/001_mask.png,scratch_neck
mvtec_50c29925cf9cf900,1,/data/gauss/ldh/myDatasets/mvtec_anomaly_detection/screw/ground_truth/scratch_neck/002_mask.png,scratch_neck
mvtec_5742ff8f4e5b1ad9,1,/data/gauss/ldh/myDatasets/mvtec_anomaly_detection/screw/ground_truth/scratch_neck/003_mask.png,scratch_neck
mvtec_312047a8f1b7ea41,1,/data/gauss/ldh/myDatasets/mvtec_anomaly_detection/screw/ground_truth/scratch_neck/004_mask.png,scratch_neck
mvtec_dcd7f52a340be4a1,1,/data/gauss/ldh/myDatasets/mvtec_anomaly_detection/screw/ground_truth/scratch_neck/005_mask.png,scratch_neck
mvtec_18b068abea39a134,1,/data/gauss/ldh/myDatasets/mvtec_anomaly_detection/screw/ground_truth/scratch_neck/006_mask.png,scratch_neck
mvtec_72b59d4e8b3a187b,1,/data/gauss/ldh/myDatasets/mvtec_anomaly_detection/screw/ground_truth/scratch_neck/007_mask.png,scratch_neck
mvtec_d54b2181912ce48f,1,/data/gauss/ldh/myDatasets/mvtec_anomaly_detection/screw/ground_truth/scratch_neck/008_mask.png,scratch_neck
mvtec_2e7465b226608173,1,/data/gauss/ldh/myDatasets/mvtec_anomaly_detection/screw/ground_truth/scratch_neck/009_mask.png,scratch_neck
mvtec_9a8fdb17357d4265,1,/data/gauss/ldh/myDatasets/mvtec_anomaly_detection/screw/ground_truth/scratch_neck/010_mask.png,scratch_neck
mvtec_38a5ef312e8b7ebe,1,/data/gauss/ldh/myDatasets/mvtec_anomaly_detection/screw/ground_truth/scratch_neck/011_mask.png,scratch_neck
mvtec_7cfc813d32bb825a,1,/data/gauss/ldh/myDatasets/mvtec_anomaly_detection/screw/ground_truth/scratch_neck/012_mask.png,scratch_neck
mvtec_d830fca199367f2a,1,/data/gauss/ldh/myDatasets/mvtec_anomaly_detection/screw/ground_truth/scratch_neck/013_mask.png,scratch_neck
mvtec_3f0a5a7a7cafad46,1,/data/gauss/ldh/myDatasets/mvtec_anomaly_detection/screw/ground_truth/scratch_neck/014_mask.png,scratch_neck
mvtec_dd41ba0eb0472841,1,/data/gauss/ldh/myDatasets/mvtec_anomaly_detection/screw/ground_truth/scratch_neck/015_mask.png,scratch_neck
mvtec_ad0d795863217cb7,1,/data/gauss/ldh/myDatasets/mvtec_anomaly_detection/screw/ground_truth/scratch_neck/016_mask.png,scratch_neck
mvtec_403f2659defe52e0,1,/data/gauss/ldh/myDatasets/mvtec_anomaly_detection/screw/ground_truth/scratch_neck/017_mask.png,scratch_neck
mvtec_699dce1ac7420778,1,/data/gauss/ldh/myDatasets/mvtec_anomaly_detection/screw/ground_truth/scratch_neck/018_mask.png,scratch_neck
mvtec_3796eddcada69d88,1,/data/gauss/ldh/myDatasets/mvtec_anomaly_detection/screw/ground_truth/scratch_neck/019_mask.png,scratch_neck
mvtec_a5bcd807549b57bc,1,/data/gauss/ldh/myDatasets/mvtec_anomaly_detection/screw/ground_truth/scratch_neck/020_mask.png,scratch_neck
mvtec_ec67629cb073afd9,1,/data/gauss/ldh/myDatasets/mvtec_anomaly_detection/screw/ground_truth/scratch_neck/021_mask.png,scratch_neck
mvtec_9860ae7be88e0956,1,/data/gauss/ldh/myDatasets/mvtec_anomaly_detection/screw/ground_truth/scratch_neck/022_mask.png,scratch_neck
mvtec_12344c2cb1893c6d,1,/data/gauss/ldh/myDatasets/mvtec_anomaly_detection/screw/ground_truth/scratch_neck/023_mask.png,scratch_neck
mvtec_d336aaf0703a84a2,1,/data/gauss/ldh/myDatasets/mvtec_anomaly_detection/screw/ground_truth/scratch_neck/024_mask.png,scratch_neck
mvtec_4774e07e05ff69d4,1,/data/gauss/ldh/myDatasets/mvtec_anomaly_detection/screw/ground_truth/thread_side/000_mask.png,thread_side
mvtec_876f484420cac151,1,/data/gauss/ldh/myDatasets/mvtec_anomaly_detection/screw/ground_truth/thread_side/001_mask.png,thread_side
mvtec_4ce9a6acbe123429,1,/data/gauss/ldh/myDatasets/mvtec_anomaly_detection/screw/ground_truth/thread_side/002_mask.png,thread_side
mvtec_43812aa684952f2e,1,/data/gauss/ldh/myDatasets/mvtec_anomaly_detection/screw/ground_truth/thread_side/003_mask.png,thread_side
mvtec_a31bd1b41827954d,1,/data/gauss/ldh/myDatasets/mvtec_anomaly_detection/screw/ground_truth/thread_side/004_mask.png,thread_side
mvtec_30d27633b8558ff1,1,/data/gauss/ldh/myDatasets/mvtec_anomaly_detection/screw/ground_truth/thread_side/005_mask.png,thread_side
mvtec_b458b95144d2a642,1,/data/gauss/ldh/myDatasets/mvtec_anomaly_detection/screw/ground_truth/thread_side/006_mask.png,thread_side
mvtec_b8e055d0b68921c1,1,/data/gauss/ldh/myDatasets/mvtec_anomaly_detection/screw/ground_truth/thread_side/007_mask.png,thread_side
mvtec_1290afeb05dad6d4,1,/data/gauss/ldh/myDatasets/mvtec_anomaly_detection/screw/ground_truth/thread_side/008_mask.png,thread_side
mvtec_29b514a014cd438f,1,/data/gauss/ldh/myDatasets/mvtec_anomaly_detection/screw/ground_truth/thread_side/009_mask.png,thread_side
mvtec_4b6a1aface433c1a,1,/data/gauss/ldh/myDatasets/mvtec_anomaly_detection/screw/ground_truth/thread_side/010_mask.png,thread_side
mvtec_7df19f7891ddbb23,1,/data/gauss/ldh/myDatasets/mvtec_anomaly_detection/screw/ground_truth/thread_side/011_mask.png,thread_side
mvtec_334202f2f8e886a4,1,/data/gauss/ldh/myDatasets/mvtec_anomaly_detection/screw/ground_truth/thread_side/012_mask.png,thread_side
mvtec_d88ff3f2c6924db9,1,/data/gauss/ldh/myDatasets/mvtec_anomaly_detection/screw/ground_truth/thread_side/013_mask.png,thread_side
mvtec_12649517e8fe5586,1,/data/gauss/ldh/myDatasets/mvtec_anomaly_detection/screw/ground_truth/thread_side/014_mask.png,thread_side
mvtec_3cab6bb09dff2628,1,/data/gauss/ldh/myDatasets/mvtec_anomaly_detection/screw/ground_truth/thread_side/015_mask.png,thread_side
mvtec_21f00d59abf854a9,1,/data/gauss/ldh/myDatasets/mvtec_anomaly_detection/screw/ground_truth/thread_side/016_mask.png,thread_side
mvtec_42c9444ef9c61559,1,/data/gauss/ldh/myDatasets/mvtec_anomaly_detection/screw/ground_truth/thread_side/017_mask.png,thread_side
mvtec_8f8b7eae62dd26ff,1,/data/gauss/ldh/myDatasets/mvtec_anomaly_detection/screw/ground_truth/thread_side/018_mask.png,thread_side
mvtec_d712110766b73925,1,/data/gauss/ldh/myDatasets/mvtec_anomaly_detection/screw/ground_truth/thread_side/019_mask.png,thread_side
mvtec_c262da1648678de0,1,/data/gauss/ldh/myDatasets/mvtec_anomaly_detection/screw/ground_truth/thread_side/020_mask.png,thread_side
mvtec_9df0c164bf24b1ae,1,/data/gauss/ldh/myDatasets/mvtec_anomaly_detection/screw/ground_truth/thread_side/021_mask.png,thread_side
mvtec_03b6e9a0dcef248d,1,/data/gauss/ldh/myDatasets/mvtec_anomaly_detection/screw/ground_truth/thread_side/022_mask.png,thread_side
mvtec_8f00f7117961b39d,1,/data/gauss/ldh/myDatasets/mvtec_anomaly_detection/screw/ground_truth/thread_top/000_mask.png,thread_top
mvtec_e66b0e235f8c600a,1,/data/gauss/ldh/myDatasets/mvtec_anomaly_detection/screw/ground_truth/thread_top/001_mask.png,thread_top
mvtec_9bf2b9a2403a425f,1,/data/gauss/ldh/myDatasets/mvtec_anomaly_detection/screw/ground_truth/thread_top/002_mask.png,thread_top
mvtec_36f2a58352eea3d2,1,/data/gauss/ldh/myDatasets/mvtec_anomaly_detection/screw/ground_truth/thread_top/003_mask.png,thread_top
mvtec_f8861424a4c4a415,1,/data/gauss/ldh/myDatasets/mvtec_anomaly_detection/screw/ground_truth/thread_top/004_mask.png,thread_top
mvtec_5176a475872db4c6,1,/data/gauss/ldh/myDatasets/mvtec_anomaly_detection/screw/ground_truth/thread_top/005_mask.png,thread_top
mvtec_b9078776c0da186f,1,/data/gauss/ldh/myDatasets/mvtec_anomaly_detection/screw/ground_truth/thread_top/006_mask.png,thread_top
mvtec_3f43b7288f664176,1,/data/gauss/ldh/myDatasets/mvtec_anomaly_detection/screw/ground_truth/thread_top/007_mask.png,thread_top
mvtec_141b9ee11100032e,1,/data/gauss/ldh/myDatasets/mvtec_anomaly_detection/screw/ground_truth/thread_top/008_mask.png,thread_top
mvtec_18c8475f85e90af0,1,/data/gauss/ldh/myDatasets/mvtec_anomaly_detection/screw/ground_truth/thread_top/009_mask.png,thread_top
mvtec_9f66e287d12a93da,1,/data/gauss/ldh/myDatasets/mvtec_anomaly_detection/screw/ground_truth/thread_top/010_mask.png,thread_top
mvtec_569acccc160e7979,1,/data/gauss/ldh/myDatasets/mvtec_anomaly_detection/screw/ground_truth/thread_top/011_mask.png,thread_top
mvtec_94db004d0ac64c0d,1,/data/gauss/ldh/myDatasets/mvtec_anomaly_detection/screw/ground_truth/thread_top/012_mask.png,thread_top
mvtec_02f31adfcdf2044c,1,/data/gauss/ldh/myDatasets/mvtec_anomaly_detection/screw/ground_truth/thread_top/013_mask.png,thread_top
mvtec_35f5a5d2fc66b27d,1,/data/gauss/ldh/myDatasets/mvtec_anomaly_detection/screw/ground_truth/thread_top/014_mask.png,thread_top
mvtec_a31cbcac139938c9,1,/data/gauss/ldh/myDatasets/mvtec_anomaly_detection/screw/ground_truth/thread_top/015_mask.png,thread_top
mvtec_646ca95197ca6d3c,1,/data/gauss/ldh/myDatasets/mvtec_anomaly_detection/screw/ground_truth/thread_top/016_mask.png,thread_top
mvtec_4bca06d4ff205a51,1,/data/gauss/ldh/myDatasets/mvtec_anomaly_detection/screw/ground_truth/thread_top/017_mask.png,thread_top
mvtec_1b2531d45611ea85,1,/data/gauss/ldh/myDatasets/mvtec_anomaly_detection/screw/ground_truth/thread_top/018_mask.png,thread_top
mvtec_42e31a8bb3c5e6fd,1,/data/gauss/ldh/myDatasets/mvtec_anomaly_detection/screw/ground_truth/thread_top/019_mask.png,thread_top
mvtec_ec39de2722475cd4,1,/data/gauss/ldh/myDatasets/mvtec_anomaly_detection/screw/ground_truth/thread_top/020_mask.png,thread_top
mvtec_05e22e35946b4b16,1,/data/gauss/ldh/myDatasets/mvtec_anomaly_detection/screw/ground_truth/thread_top/021_mask.png,thread_top
mvtec_97bddb03127be1c6,1,/data/gauss/ldh/myDatasets/mvtec_anomaly_detection/screw/ground_truth/thread_top/022_mask.png,thread_top
mvtec_4c76be487526c7d1,0,,good
mvtec_76fe3754b3fccff1,0,,good
mvtec_a62d4e5da5bad098,0,,good
mvtec_e41d3d1164bec884,0,,good
mvtec_350d0fdb803540e3,0,,good
mvtec_2f9e2862a9f3c1a5,0,,good
mvtec_d9cfa2310d37e74f,0,,good
mvtec_be669f39f47338e8,0,,good
mvtec_19454f0c78442239,0,,good
mvtec_3dddc105704edfff,0,,good
mvtec_9c43b0b1c84fa8ff,0,,good
mvtec_3f65d15072889cf1,0,,good
mvtec_a7bcb8a9ac7298bc,0,,good
mvtec_8fd616698458619a,0,,good
mvtec_60b3173368acf5a4,0,,good
mvtec_8e3c3c620d599dcb,0,,good
mvtec_278df8c181cc6030,0,,good
mvtec_586539a502833466,0,,good
mvtec_6b321d2ce4ce8b3b,0,,good
mvtec_26d8753c98bc2b4d,0,,good
mvtec_1b44210f1dc684dc,0,,good
mvtec_9a80a6a3c708c9ad,0,,good
mvtec_44b2c737ed489356,0,,good
mvtec_c5d93b904d98974a,0,,good
mvtec_802bdb6b148ca337,0,,good
mvtec_4f5303433dff117c,0,,good
mvtec_c75e5e6ae46c4209,0,,good
mvtec_f675aff824c894cb,0,,good
mvtec_92f96256bd5ce5a0,0,,good
mvtec_63c91f2de7d21bd2,0,,good
mvtec_0829cc324bb437ee,0,,good
mvtec_cbba0b0711c7288f,0,,good
mvtec_f3c0e64a96fdeca2,0,,good
mvtec_8f9314428bc945cd,0,,good
mvtec_cd0cc77c2fb9b7be,0,,good
mvtec_21747ab3b9c4cc9a,0,,good
mvtec_966ed00bc41ab11e,0,,good
mvtec_d40d641fa8da2d5f,0,,good
mvtec_085b86da8fcb3973,0,,good
mvtec_c74426af44f31448,0,,good
mvtec_80221025b37723a3,0,,good
mvtec_957f3fd24f627e18,0,,good
mvtec_b84998e627b3a3bd,0,,good
mvtec_2b6a65bdbe749aa3,0,,good
mvtec_0e90199db46392b3,0,,good
mvtec_1ce1d80c3ccb236f,0,,good
mvtec_55c4cc94bd3797ad,0,,good
mvtec_75269fe5fe973178,0,,good
mvtec_4e98ea3792b37e7a,0,,good
mvtec_fa5def8ec4129dff,0,,good
mvtec_dd091c852bd7f3f3,0,,good
mvtec_5f9a3726233ca96d,0,,good
mvtec_db8e688261994077,0,,good
mvtec_dec8828004278b3f,0,,good
mvtec_297bc3be0cd059c1,0,,good
mvtec_0bb2b6a35453250c,0,,good
mvtec_eb30b98ef8d6f99a,0,,good
mvtec_b39d4c57e83a1732,0,,good
mvtec_e6c5f2f8ad67d0d2,0,,good
mvtec_4fd3bcc2e86f0017,0,,good
mvtec_2e8231114639382b,0,,good
mvtec_8a0fc0e1b02061b1,0,,good
mvtec_cd66c0a229c65989,0,,good
mvtec_070f7bf4e501bf0f,0,,good
mvtec_1bfec27ee073e2e6,0,,good
mvtec_5ea10d8ffe2623f3,0,,good
mvtec_007d30010982d040,0,,good
mvtec_d1a4c8db044a5fd9,0,,good
mvtec_a66a310fc16dde6f,0,,good
mvtec_c35ad88bcf2577ea,0,,good
mvtec_6c322eb9571fb0f9,0,,good
mvtec_2c0b2c083d222bd0,0,,good
mvtec_8c1654c7156d9828,0,,good
mvtec_db265173185fc934,0,,good
mvtec_ba36fb571177f070,0,,good
mvtec_1d6c68fcd09fe593,0,,good
mvtec_85fe70d577c7f5dc,0,,good
mvtec_3cb21189901a4583,0,,good
mvtec_ebcffcc8fb54207f,0,,good
mvtec_f237b9580bbb735d,0,,good
mvtec_2fb05b99c9e11dfb,0,,good
mvtec_679d318409e6acc2,0,,good
mvtec_25452e21e19e553c,0,,good
mvtec_c9785b658fd0081a,0,,good
mvtec_5c7a2a055ca0bb99,0,,good
mvtec_f3c4714b4a8e69c8,0,,good
mvtec_e4df714d650ac525,0,,good
mvtec_2d168248a713c783,0,,good
mvtec_6b5ef815c5ffd04e,0,,good
mvtec_5f345b05076a49b4,0,,good
mvtec_b2feb0540e0c590e,0,,good
mvtec_afd54248119605ef,0,,good
mvtec_9949fe4bb4b2ed9f,0,,good
mvtec_ea934daf072401b7,0,,good
mvtec_adea2b342058b410,0,,good
mvtec_9663c1616414a7ec,0,,good
mvtec_4ba13efbd3384dc5,0,,good
mvtec_9fd3912080d71e0d,0,,good
mvtec_38765714602952d8,0,,good
mvtec_a745fc745803459a,0,,good
mvtec_f5fefa16f71b4b94,0,,good
mvtec_e03cbb7d8117255f,0,,good
mvtec_22339300ca871a64,0,,good
mvtec_f3f52188e1bfe024,0,,good
mvtec_47143756c06fb6f8,0,,good
mvtec_36a6a1980f764f2c,0,,good
mvtec_75b847c1bbf0c421,0,,good
mvtec_2c8c2c8b0c44d221,0,,good
mvtec_c26a6e96614f86b2,0,,good
mvtec_2f16c0ffffa6c9aa,0,,good
mvtec_e1f74beab6d15e57,0,,good
mvtec_316f105a697ff74e,0,,good
mvtec_8ebe68b0575d82fb,0,,good
mvtec_ea208f9b6e8b2456,0,,good
mvtec_d00c2a9943acbdc2,0,,good
mvtec_3253bcb611e5f73a,0,,good
mvtec_244c9e4953f4a1a5,0,,good
mvtec_3465e533536f1410,0,,good
mvtec_49a54a2721de5594,0,,good
mvtec_87fc3df03de5e5ce,0,,good
mvtec_c9ea808c6182da1f,0,,good
mvtec_d56177d093117c66,0,,good
mvtec_b172f747acfe08e6,0,,good
mvtec_d7667548a9501623,0,,good
mvtec_ff30c92516db6820,0,,good
mvtec_f87fcb2115b40df1,0,,good
mvtec_0b2f431487119a17,0,,good
mvtec_8913311c482742e0,0,,good
mvtec_6ccbc9db099b043a,0,,good
mvtec_2cc4691e01f0d572,0,,good
mvtec_50f61dc8709d13fa,0,,good
mvtec_c8df36e7e411d854,0,,good
mvtec_2e3c5c62207b3f95,0,,good
mvtec_54cf149e00b15536,0,,good
mvtec_9c7d0498844b9251,0,,good
mvtec_a6fbe6144d9b3d35,0,,good
mvtec_8a749ecc25443f53,0,,good
mvtec_7a18533241f66e48,0,,good
mvtec_b073d45151f627ca,0,,good
mvtec_dd02eec3f6e9c9af,0,,good
mvtec_29c43add0bb6219d,0,,good
mvtec_df2a16b861ce2ec5,0,,good
mvtec_63f87ee1d67e9cd5,0,,good
mvtec_ef45088356aef98e,0,,good
mvtec_d0708909a85da6ba,0,,good
mvtec_beb8bce3e796c9df,0,,good
mvtec_3602dc7a6c4c64da,0,,good
mvtec_daf2d8ce4321132a,0,,good
mvtec_6a6f39413717e7b9,0,,good
mvtec_4e1287c43b355afb,0,,good
mvtec_7e5cade7183af67e,0,,good
mvtec_cfec7341c48c958b,0,,good
mvtec_685a8c44f390949b,0,,good
mvtec_07b65334a69e21ba,0,,good
mvtec_2c127be02c6acd63,0,,good
mvtec_ecae4b373cc3af13,0,,good
mvtec_7eaa26f16b003b49,0,,good
mvtec_d7ef307f2e7a7a07,0,,good
mvtec_a4f7b9874654dd24,0,,good
mvtec_9eea677656d28764,0,,good
mvtec_6cc2b5041f9b59dd,0,,good
mvtec_c8a0978ae0399892,0,,good
mvtec_8e125d87a4739f0f,0,,good
mvtec_59481b069115c650,0,,good
mvtec_1c8c23a68d2e302c,0,,good
mvtec_341cef527916448e,0,,good
mvtec_77c3d276a4bd9c31,0,,good
mvtec_85b83750dd0387e1,0,,good
mvtec_371754cee8080903,0,,good
mvtec_e57c3775b27b8f95,0,,good
mvtec_603b48c5ae068262,0,,good
mvtec_7b026b67c63b75a0,0,,good
mvtec_b4ee68902739ccfa,0,,good
mvtec_50e227b8bd14bd3d,0,,good
mvtec_023f62b2da1bed13,0,,good
mvtec_e68f262df19709b0,0,,good
mvtec_b80e42936e1b1937,0,,good
mvtec_e5460616f3b6a7f5,0,,good
mvtec_20a0834d3e8e6232,0,,good
mvtec_430a947b1cf8cb9d,0,,good
mvtec_6b07682b21c8edca,0,,good
mvtec_9623d4a2b29f07d5,0,,good
mvtec_73d3d227c54ee023,0,,good
mvtec_16dfea04b18533fd,0,,good
mvtec_d8058308187e2b95,0,,good
mvtec_0de27d2438a975cd,0,,good
mvtec_912df04cf47c253b,0,,good
mvtec_644e31bc4a327867,0,,good
mvtec_bd4c28d4c86a9bc0,0,,good
mvtec_3db7a65a1b05e4db,0,,good
mvtec_a6d39de60a8b819b,0,,good
mvtec_4edadad5ae698282,0,,good
mvtec_ec2f8e7548725c8b,0,,good
mvtec_0962e4ce2dd46190,0,,good
mvtec_9abfeb6e52de7464,0,,good
mvtec_6e81b3067532ff34,0,,good
mvtec_9189e7cbbe51c755,0,,good
mvtec_4047075cd6b789c1,0,,good
mvtec_5298253fb826f193,0,,good
mvtec_319ff46215c39d9c,0,,good
mvtec_b0c9fe3ec0c22349,0,,good
mvtec_ee157d1b937faacd,0,,good
mvtec_950e2b0cdb17eb41,0,,good
mvtec_c779845f010a896d,0,,good
mvtec_ecf33d3fb2249c6b,0,,good
mvtec_fb261b8edfdcdd6e,0,,good
mvtec_a89c3c9ebeb59a0c,0,,good
mvtec_ab10a73706eb2876,0,,good
mvtec_969c788084146e1e,0,,good
mvtec_198c0896a27a92bc,0,,good
mvtec_450dc110db04c06b,0,,good
mvtec_dd2bc83bb3c6ed97,0,,good
mvtec_b267883719a302e3,0,,good
mvtec_bc9bcbd5754a7f53,0,,good
mvtec_439d899e13d60993,0,,good
mvtec_7663caafaeb5c78c,0,,good
mvtec_82442efae436b8aa,0,,good
mvtec_9cf4067dea07bb27,0,,good
mvtec_ab5d8b236b8fb585,0,,good
mvtec_a601002451b09a28,0,,good
mvtec_a5a62dd65e04ef24,0,,good
mvtec_2cad182e541ccc3b,0,,good
mvtec_3cca1a12c5d20619,0,,good
mvtec_8cc9499460321179,0,,good
mvtec_b63bee244df61cd5,0,,good
mvtec_932f3ea2521302dd,0,,good
mvtec_69cbe26bc096d741,0,,good
mvtec_ba7f6a8842911f7f,0,,good
mvtec_30586aaaa7a0fcab,0,,good
mvtec_dffc03a0bb95982a,0,,good
mvtec_a3568783f381e1cc,0,,good
mvtec_096d3064d52dcb37,0,,good
mvtec_f7291c03f5190442,0,,good
mvtec_ae6ce12cd48ef488,0,,good
mvtec_c51a2b8455780558,0,,good
mvtec_bb699627b2f38d65,0,,good
mvtec_5a8827890d056d88,0,,good
mvtec_b3a734692b09a445,0,,good
mvtec_99c726432efa093a,0,,good
mvtec_026357a401cc2253,0,,good
mvtec_760ce451642448cc,0,,good
mvtec_f844316d19deaa3e,0,,good
mvtec_1b0ff63ba7bec47f,0,,good
mvtec_a5dfa7573354c0fe,0,,good
mvtec_5f6ff4138a3470dd,0,,good
mvtec_450f0c4ee2342168,0,,good
mvtec_779b56fa9cf6a08c,0,,good
mvtec_0e7c44e9d707115f,0,,good
mvtec_7580255d4988316f,0,,good
mvtec_f456e366ca3cebdb,0,,good
mvtec_dc493926e22ee991,0,,good
mvtec_dfe7d6e04acfbdd2,0,,good
mvtec_f761034ca59ca172,0,,good
mvtec_ff44f19d99960453,0,,good
mvtec_e03832cb083f893b,0,,good
mvtec_7092262306816eaa,0,,good
mvtec_6b97ab3136a37ce8,0,,good
mvtec_6ba3f59c2f71aed8,0,,good
mvtec_00a5c400c536fe27,0,,good
mvtec_4b4ba9ae188631a9,0,,good
mvtec_62ea58e4476350b4,0,,good
mvtec_82ff78f5dd0b00a9,0,,good
mvtec_d787f1ed0d3a34b5,0,,good
mvtec_1b13d0f9a1e6477d,1,/data/gauss/ldh/myDatasets/mvtec_anomaly_detection/tile/ground_truth/crack/000_mask.png,crack
mvtec_a03d21b2f4ee00c0,1,/data/gauss/ldh/myDatasets/mvtec_anomaly_detection/tile/ground_truth/crack/001_mask.png,crack
mvtec_d034a4c9dcc343f3,1,/data/gauss/ldh/myDatasets/mvtec_anomaly_detection/tile/ground_truth/crack/002_mask.png,crack
mvtec_f5fc661a7b188978,1,/data/gauss/ldh/myDatasets/mvtec_anomaly_detection/tile/ground_truth/crack/003_mask.png,crack
mvtec_c3ba2bebb2bf70d5,1,/data/gauss/ldh/myDatasets/mvtec_anomaly_detection/tile/ground_truth/crack/004_mask.png,crack
mvtec_fd1fb3b2c45d894e,1,/data/gauss/ldh/myDatasets/mvtec_anomaly_detection/tile/ground_truth/crack/005_mask.png,crack
mvtec_e374981991dcdd34,1,/data/gauss/ldh/myDatasets/mvtec_anomaly_detection/tile/ground_truth/crack/006_mask.png,crack
mvtec_7e9388b969591c86,1,/data/gauss/ldh/myDatasets/mvtec_anomaly_detection/tile/ground_truth/crack/007_mask.png,crack
mvtec_4a15878e5d236ebc,1,/data/gauss/ldh/myDatasets/mvtec_anomaly_detection/tile/ground_truth/crack/008_mask.png,crack
mvtec_03b76d8985d5c81f,1,/data/gauss/ldh/myDatasets/mvtec_anomaly_detection/tile/ground_truth/crack/009_mask.png,crack
mvtec_9be6577e77b150b6,1,/data/gauss/ldh/myDatasets/mvtec_anomaly_detection/tile/ground_truth/crack/010_mask.png,crack
mvtec_8b333c2975ef9923,1,/data/gauss/ldh/myDatasets/mvtec_anomaly_detection/tile/ground_truth/crack/011_mask.png,crack
mvtec_6329045137562505,1,/data/gauss/ldh/myDatasets/mvtec_anomaly_detection/tile/ground_truth/crack/012_mask.png,crack
mvtec_946ac8955eb78839,1,/data/gauss/ldh/myDatasets/mvtec_anomaly_detection/tile/ground_truth/crack/013_mask.png,crack
mvtec_5320cfaada31bfca,1,/data/gauss/ldh/myDatasets/mvtec_anomaly_detection/tile/ground_truth/crack/014_mask.png,crack
mvtec_5470366e17ace033,1,/data/gauss/ldh/myDatasets/mvtec_anomaly_detection/tile/ground_truth/crack/015_mask.png,crack
mvtec_42f29adccfcf589b,1,/data/gauss/ldh/myDatasets/mvtec_anomaly_detection/tile/ground_truth/crack/016_mask.png,crack
mvtec_597d98887fb1e6f3,1,/data/gauss/ldh/myDatasets/mvtec_anomaly_detection/tile/ground_truth/glue_strip/000_mask.png,glue_strip
mvtec_11d628d0cd8bb114,1,/data/gauss/ldh/myDatasets/mvtec_anomaly_detection/tile/ground_truth/glue_strip/001_mask.png,glue_strip
mvtec_cb0576a4967c1bda,1,/data/gauss/ldh/myDatasets/mvtec_anomaly_detection/tile/ground_truth/glue_strip/002_mask.png,glue_strip
mvtec_347a867d919080e4,1,/data/gauss/ldh/myDatasets/mvtec_anomaly_detection/tile/ground_truth/glue_strip/003_mask.png,glue_strip
mvtec_949e9c04a30b98e7,1,/data/gauss/ldh/myDatasets/mvtec_anomaly_detection/tile/ground_truth/glue_strip/004_mask.png,glue_strip
mvtec_683f463e85f83bd9,1,/data/gauss/ldh/myDatasets/mvtec_anomaly_detection/tile/ground_truth/glue_strip/005_mask.png,glue_strip
mvtec_875c3f2592a4b292,1,/data/gauss/ldh/myDatasets/mvtec_anomaly_detection/tile/ground_truth/glue_strip/006_mask.png,glue_strip
mvtec_88aa470d02519cf1,1,/data/gauss/ldh/myDatasets/mvtec_anomaly_detection/tile/ground_truth/glue_strip/007_mask.png,glue_strip
mvtec_9db5bdb24ffa7878,1,/data/gauss/ldh/myDatasets/mvtec_anomaly_detection/tile/ground_truth/glue_strip/008_mask.png,glue_strip
mvtec_ce5a6c75c5a237c9,1,/data/gauss/ldh/myDatasets/mvtec_anomaly_detection/tile/ground_truth/glue_strip/009_mask.png,glue_strip
mvtec_c15dc44df00d65ee,1,/data/gauss/ldh/myDatasets/mvtec_anomaly_detection/tile/ground_truth/glue_strip/010_mask.png,glue_strip
mvtec_5a9f6b503d9c558f,1,/data/gauss/ldh/myDatasets/mvtec_anomaly_detection/tile/ground_truth/glue_strip/011_mask.png,glue_strip
mvtec_316c2eadafcefff5,1,/data/gauss/ldh/myDatasets/mvtec_anomaly_detection/tile/ground_truth/glue_strip/012_mask.png,glue_strip
mvtec_19a7b73cd1129f9b,1,/data/gauss/ldh/myDatasets/mvtec_anomaly_detection/tile/ground_truth/glue_strip/013_mask.png,glue_strip
mvtec_17ea56eadebbe727,1,/data/gauss/ldh/myDatasets/mvtec_anomaly_detection/tile/ground_truth/glue_strip/014_mask.png,glue_strip
mvtec_f7bdf1985d3ef312,1,/data/gauss/ldh/myDatasets/mvtec_anomaly_detection/tile/ground_truth/glue_strip/015_mask.png,glue_strip
mvtec_d4a09e12fdc4aa79,1,/data/gauss/ldh/myDatasets/mvtec_anomaly_detection/tile/ground_truth/glue_strip/016_mask.png,glue_strip
mvtec_2fcb2219314a28ed,1,/data/gauss/ldh/myDatasets/mvtec_anomaly_detection/tile/ground_truth/glue_strip/017_mask.png,glue_strip
mvtec_47bca30a87595989,1,/data/gauss/ldh/myDatasets/mvtec_anomaly_detection/tile/ground_truth/gray_stroke/000_mask.png,gray_stroke
mvtec_6aaef0f43cde075c,1,/data/gauss/ldh/myDatasets/mvtec_anomaly_detection/tile/ground_truth/gray_stroke/001_mask.png,gray_stroke
mvtec_0dc19bc3db51e0d7,1,/data/gauss/ldh/myDatasets/mvtec_anomaly_detection/tile/ground_truth/gray_stroke/002_mask.png,gray_stroke
mvtec_84e4243308816762,1,/data/gauss/ldh/myDatasets/mvtec_anomaly_detection/tile/ground_truth/gray_stroke/003_mask.png,gray_stroke
mvtec_6050f68e3be51916,1,/data/gauss/ldh/myDatasets/mvtec_anomaly_detection/tile/ground_truth/gray_stroke/004_mask.png,gray_stroke
mvtec_db5c291a7c5dae95,1,/data/gauss/ldh/myDatasets/mvtec_anomaly_detection/tile/ground_truth/gray_stroke/005_mask.png,gray_stroke
mvtec_06b3abdc615ea680,1,/data/gauss/ldh/myDatasets/mvtec_anomaly_detection/tile/ground_truth/gray_stroke/006_mask.png,gray_stroke
mvtec_b8cb6b55df784961,1,/data/gauss/ldh/myDatasets/mvtec_anomaly_detection/tile/ground_truth/gray_stroke/007_mask.png,gray_stroke
mvtec_075e59aa4bbfaf22,1,/data/gauss/ldh/myDatasets/mvtec_anomaly_detection/tile/ground_truth/gray_stroke/008_mask.png,gray_stroke
mvtec_773a0b10af5aec7e,1,/data/gauss/ldh/myDatasets/mvtec_anomaly_detection/tile/ground_truth/gray_stroke/009_mask.png,gray_stroke
mvtec_8e7a2795911ab91d,1,/data/gauss/ldh/myDatasets/mvtec_anomaly_detection/tile/ground_truth/gray_stroke/010_mask.png,gray_stroke
mvtec_b84c658734a9dab3,1,/data/gauss/ldh/myDatasets/mvtec_anomaly_detection/tile/ground_truth/gray_stroke/011_mask.png,gray_stroke
mvtec_39c32ae2c6a36db7,1,/data/gauss/ldh/myDatasets/mvtec_anomaly_detection/tile/ground_truth/gray_stroke/012_mask.png,gray_stroke
mvtec_33a5b538f7328033,1,/data/gauss/ldh/myDatasets/mvtec_anomaly_detection/tile/ground_truth/gray_stroke/013_mask.png,gray_stroke
mvtec_b387dc5538ec3bac,1,/data/gauss/ldh/myDatasets/mvtec_anomaly_detection/tile/ground_truth/gray_stroke/014_mask.png,gray_stroke
mvtec_62612779bd491fe7,1,/data/gauss/ldh/myDatasets/mvtec_anomaly_detection/tile/ground_truth/gray_stroke/015_mask.png,gray_stroke
mvtec_3ffb66be4eb6eebc,1,/data/gauss/ldh/myDatasets/mvtec_anomaly_detection/tile/ground_truth/oil/000_mask.png,oil
mvtec_5e8305997197b135,1,/data/gauss/ldh/myDatasets/mvtec_anomaly_detection/tile/ground_truth/oil/001_mask.png,oil
mvtec_ab1b90ab6d0ca609,1,/data/gauss/ldh/myDatasets/mvtec_anomaly_detection/tile/ground_truth/oil/002_mask.png,oil
mvtec_433c1e5a54ae8fd2,1,/data/gauss/ldh/myDatasets/mvtec_anomaly_detection/tile/ground_truth/oil/003_mask.png,oil
mvtec_ffcbc05de360753d,1,/data/gauss/ldh/myDatasets/mvtec_anomaly_detection/tile/ground_truth/oil/004_mask.png,oil
mvtec_3e1c3091a5bcf4e7,1,/data/gauss/ldh/myDatasets/mvtec_anomaly_detection/tile/ground_truth/oil/005_mask.png,oil
mvtec_38e683c66254a8c8,1,/data/gauss/ldh/myDatasets/mvtec_anomaly_detection/tile/ground_truth/oil/006_mask.png,oil
mvtec_6eab5e3ebe298308,1,/data/gauss/ldh/myDatasets/mvtec_anomaly_detection/tile/ground_truth/oil/007_mask.png,oil
mvtec_fdc060cf17443e10,1,/data/gauss/ldh/myDatasets/mvtec_anomaly_detection/tile/ground_truth/oil/008_mask.png,oil
mvtec_10f95b635ab33a8b,1,/data/gauss/ldh/myDatasets/mvtec_anomaly_detection/tile/ground_truth/oil/009_mask.png,oil
mvtec_712b02f420771327,1,/data/gauss/ldh/myDatasets/mvtec_anomaly_detection/tile/ground_truth/oil/010_mask.png,oil
mvtec_8ee36e8be6a92c88,1,/data/gauss/ldh/myDatasets/mvtec_anomaly_detection/tile/ground_truth/oil/011_mask.png,oil
mvtec_6efd589a5807f5ba,1,/data/gauss/ldh/myDatasets/mvtec_anomaly_detection/tile/ground_truth/oil/012_mask.png,oil
mvtec_3761d2bce58e93de,1,/data/gauss/ldh/myDatasets/mvtec_anomaly_detection/tile/ground_truth/oil/013_mask.png,oil
mvtec_8ecf1cac34235c5d,1,/data/gauss/ldh/myDatasets/mvtec_anomaly_detection/tile/ground_truth/oil/014_mask.png,oil
mvtec_a2ee4599ca3353c2,1,/data/gauss/ldh/myDatasets/mvtec_anomaly_detection/tile/ground_truth/oil/015_mask.png,oil
mvtec_6447b9c395ca27a0,1,/data/gauss/ldh/myDatasets/mvtec_anomaly_detection/tile/ground_truth/oil/016_mask.png,oil
mvtec_adf278abd2767c23,1,/data/gauss/ldh/myDatasets/mvtec_anomaly_detection/tile/ground_truth/oil/017_mask.png,oil
mvtec_f32cd7452acf0d1d,1,/data/gauss/ldh/myDatasets/mvtec_anomaly_detection/tile/ground_truth/rough/000_mask.png,rough
mvtec_24f61bc2d9059c83,1,/data/gauss/ldh/myDatasets/mvtec_anomaly_detection/tile/ground_truth/rough/001_mask.png,rough
mvtec_9764ce056dbe9976,1,/data/gauss/ldh/myDatasets/mvtec_anomaly_detection/tile/ground_truth/rough/002_mask.png,rough
mvtec_60cc66409bcdb788,1,/data/gauss/ldh/myDatasets/mvtec_anomaly_detection/tile/ground_truth/rough/003_mask.png,rough
mvtec_a0914f48c795592a,1,/data/gauss/ldh/myDatasets/mvtec_anomaly_detection/tile/ground_truth/rough/004_mask.png,rough
mvtec_7f1fd7fbd443373c,1,/data/gauss/ldh/myDatasets/mvtec_anomaly_detection/tile/ground_truth/rough/005_mask.png,rough
mvtec_836df24bad84b426,1,/data/gauss/ldh/myDatasets/mvtec_anomaly_detection/tile/ground_truth/rough/006_mask.png,rough
mvtec_de08ea5495ade90f,1,/data/gauss/ldh/myDatasets/mvtec_anomaly_detection/tile/ground_truth/rough/007_mask.png,rough
mvtec_9eab644960446278,1,/data/gauss/ldh/myDatasets/mvtec_anomaly_detection/tile/ground_truth/rough/008_mask.png,rough
mvtec_a48a0066ee163f59,1,/data/gauss/ldh/myDatasets/mvtec_anomaly_detection/tile/ground_truth/rough/009_mask.png,rough
mvtec_17d1e84b8d3da78e,1,/data/gauss/ldh/myDatasets/mvtec_anomaly_detection/tile/ground_truth/rough/010_mask.png,rough
mvtec_e8e273880600124f,1,/data/gauss/ldh/myDatasets/mvtec_anomaly_detection/tile/ground_truth/rough/011_mask.png,rough
mvtec_5028792a786e29f5,1,/data/gauss/ldh/myDatasets/mvtec_anomaly_detection/tile/ground_truth/rough/012_mask.png,rough
mvtec_7b29dd262f29a324,1,/data/gauss/ldh/myDatasets/mvtec_anomaly_detection/tile/ground_truth/rough/013_mask.png,rough
mvtec_db19e191c2a8d635,1,/data/gauss/ldh/myDatasets/mvtec_anomaly_detection/tile/ground_truth/rough/014_mask.png,rough
mvtec_5056f3ef11f4a40f,0,,good
mvtec_876d79cde2d610de,0,,good
mvtec_9ef17967d6b9beaa,0,,good
mvtec_ef90d78831ba2559,0,,good
mvtec_6ca001fb2abf3c15,0,,good
mvtec_9e460329f5a0ec14,0,,good
mvtec_d53dd8703d96bb59,0,,good
mvtec_c94c470aa313d896,0,,good
mvtec_9fce1a450a7d2a98,0,,good
mvtec_5d0ed063b4e0125d,0,,good
mvtec_f01fe298b1794ecb,0,,good
mvtec_41f9b9cd7913d06e,0,,good
mvtec_5ff9c7f3d98a875e,0,,good
mvtec_7249fb017eaba1b8,0,,good
mvtec_75f33f0476962734,0,,good
mvtec_3d420cf98aaca0d6,0,,good
mvtec_27d5a5067c03798b,0,,good
mvtec_c5c2c1346f46cd93,0,,good
mvtec_d9f5901cd17679d8,0,,good
mvtec_dc74c1ce4b6c8a6c,0,,good
mvtec_dc1c4b3129a924a2,0,,good
mvtec_29108f3de0b4906c,0,,good
mvtec_2159f0b840ae8189,0,,good
mvtec_691da4ab3189d833,0,,good
mvtec_c7f8af90df4afce4,0,,good
mvtec_ff1758f6278e7292,0,,good
mvtec_75b35cfc5e2ef925,0,,good
mvtec_7f1f1464c4a201cd,0,,good
mvtec_5200c98de7f6f66a,0,,good
mvtec_2cbbb9f70e91ee3e,0,,good
mvtec_d42c0fc4bfe4b866,0,,good
mvtec_3767c319145a4dc9,0,,good
mvtec_ec19af75e1317d2a,0,,good
mvtec_0e83236b2a000dc6,0,,good
mvtec_ff5d22bf4e1cc4a3,0,,good
mvtec_750aa5c016a0a26e,0,,good
mvtec_668138a7c30d3694,0,,good
mvtec_149767819045cbf7,0,,good
mvtec_e6c5fe2f6dd5ec1d,0,,good
mvtec_bbb0beac63b1a53e,0,,good
mvtec_7c58e23d406352a5,0,,good
mvtec_d2f0e1975370f144,0,,good
mvtec_0ff8b4d2506e0335,0,,good
mvtec_64774fda79477b97,0,,good
mvtec_9f376523eb1c09f9,0,,good
mvtec_af7de3c368e7a2e7,0,,good
mvtec_800ff4ac5fc8901a,0,,good
mvtec_cb78936a63c9182c,0,,good
mvtec_57a89ba7c5c0cec1,0,,good
mvtec_14ba1967fa43bcad,0,,good
mvtec_b9e36244023342bc,0,,good
mvtec_4a854dd8c1af7738,0,,good
mvtec_9b9d7d092eb23230,0,,good
mvtec_8300ed583c15f9b9,0,,good
mvtec_ccb40219dfe1422f,0,,good
mvtec_8055b2de7448976a,0,,good
mvtec_61a493157ca9cf2c,0,,good
mvtec_1d49b752e8d5577b,0,,good
mvtec_fcb6e1e14a279a6c,0,,good
mvtec_3c91018753d00572,0,,good
mvtec_d77fdb925711a726,0,,good
mvtec_be4b16e87b6f4bac,0,,good
mvtec_fa1662589c19766d,0,,good
mvtec_465d8cea6dfaa5b3,0,,good
mvtec_093ed99a6e912d5d,0,,good
mvtec_91255db0ed4c75b4,0,,good
mvtec_d721d37b62be3e90,0,,good
mvtec_12ab4768c9acb017,0,,good
mvtec_c2076fd3d6779024,0,,good
mvtec_a120fc123b3f3766,0,,good
mvtec_dd37eb3fbc9413ca,0,,good
mvtec_8d59b361bb3cf072,0,,good
mvtec_0a302fbad221f42d,1,/data/gauss/ldh/myDatasets/mvtec_anomaly_detection/toothbrush/ground_truth/defective/000_mask.png,defective
mvtec_8dd5b3be63b90cd2,1,/data/gauss/ldh/myDatasets/mvtec_anomaly_detection/toothbrush/ground_truth/defective/001_mask.png,defective
mvtec_868a85af26d69ae7,1,/data/gauss/ldh/myDatasets/mvtec_anomaly_detection/toothbrush/ground_truth/defective/002_mask.png,defective
mvtec_a9c3ad224ae1fd12,1,/data/gauss/ldh/myDatasets/mvtec_anomaly_detection/toothbrush/ground_truth/defective/003_mask.png,defective
mvtec_da7c678f7569342d,1,/data/gauss/ldh/myDatasets/mvtec_anomaly_detection/toothbrush/ground_truth/defective/004_mask.png,defective
mvtec_3652328fb7ee0dc1,1,/data/gauss/ldh/myDatasets/mvtec_anomaly_detection/toothbrush/ground_truth/defective/005_mask.png,defective
mvtec_896a1151df028d35,1,/data/gauss/ldh/myDatasets/mvtec_anomaly_detection/toothbrush/ground_truth/defective/006_mask.png,defective
mvtec_ec59a76e73d05ba0,1,/data/gauss/ldh/myDatasets/mvtec_anomaly_detection/toothbrush/ground_truth/defective/007_mask.png,defective
mvtec_5cbf6ee1bd6077db,1,/data/gauss/ldh/myDatasets/mvtec_anomaly_detection/toothbrush/ground_truth/defective/008_mask.png,defective
mvtec_0bd9639832971359,1,/data/gauss/ldh/myDatasets/mvtec_anomaly_detection/toothbrush/ground_truth/defective/009_mask.png,defective
mvtec_8614b52419760f46,1,/data/gauss/ldh/myDatasets/mvtec_anomaly_detection/toothbrush/ground_truth/defective/010_mask.png,defective
mvtec_b6e10806ed81491a,1,/data/gauss/ldh/myDatasets/mvtec_anomaly_detection/toothbrush/ground_truth/defective/011_mask.png,defective
mvtec_7d6ada93f359104e,1,/data/gauss/ldh/myDatasets/mvtec_anomaly_detection/toothbrush/ground_truth/defective/012_mask.png,defective
mvtec_418ade7d66f1d94c,1,/data/gauss/ldh/myDatasets/mvtec_anomaly_detection/toothbrush/ground_truth/defective/013_mask.png,defective
mvtec_3508727bc8ad7414,1,/data/gauss/ldh/myDatasets/mvtec_anomaly_detection/toothbrush/ground_truth/defective/014_mask.png,defective
mvtec_e4f62c4ee7792804,1,/data/gauss/ldh/myDatasets/mvtec_anomaly_detection/toothbrush/ground_truth/defective/015_mask.png,defective
mvtec_ca6aa358399c1954,1,/data/gauss/ldh/myDatasets/mvtec_anomaly_detection/toothbrush/ground_truth/defective/016_mask.png,defective
mvtec_a21311e95aac4db3,1,/data/gauss/ldh/myDatasets/mvtec_anomaly_detection/toothbrush/ground_truth/defective/017_mask.png,defective
mvtec_4ebab8f96cc751f5,1,/data/gauss/ldh/myDatasets/mvtec_anomaly_detection/toothbrush/ground_truth/defective/018_mask.png,defective
mvtec_918c3910820f686a,1,/data/gauss/ldh/myDatasets/mvtec_anomaly_detection/toothbrush/ground_truth/defective/019_mask.png,defective
mvtec_b451361a6e1cdaec,1,/data/gauss/ldh/myDatasets/mvtec_anomaly_detection/toothbrush/ground_truth/defective/020_mask.png,defective
mvtec_9fca987b6f3c009f,1,/data/gauss/ldh/myDatasets/mvtec_anomaly_detection/toothbrush/ground_truth/defective/021_mask.png,defective
mvtec_0c68723f302a5ea4,1,/data/gauss/ldh/myDatasets/mvtec_anomaly_detection/toothbrush/ground_truth/defective/022_mask.png,defective
mvtec_ee7759803f99553b,1,/data/gauss/ldh/myDatasets/mvtec_anomaly_detection/toothbrush/ground_truth/defective/023_mask.png,defective
mvtec_3b1e161a3a54bf40,1,/data/gauss/ldh/myDatasets/mvtec_anomaly_detection/toothbrush/ground_truth/defective/024_mask.png,defective
mvtec_3f015884aa1c61b0,1,/data/gauss/ldh/myDatasets/mvtec_anomaly_detection/toothbrush/ground_truth/defective/025_mask.png,defective
mvtec_4352e3ae232c62fb,1,/data/gauss/ldh/myDatasets/mvtec_anomaly_detection/toothbrush/ground_truth/defective/026_mask.png,defective
mvtec_5711cda268e101d5,1,/data/gauss/ldh/myDatasets/mvtec_anomaly_detection/toothbrush/ground_truth/defective/027_mask.png,defective
mvtec_e288f03f05831b58,1,/data/gauss/ldh/myDatasets/mvtec_anomaly_detection/toothbrush/ground_truth/defective/028_mask.png,defective
mvtec_3ccf685360934d1c,1,/data/gauss/ldh/myDatasets/mvtec_anomaly_detection/toothbrush/ground_truth/defective/029_mask.png,defective
mvtec_b2da35a762170aea,0,,good
mvtec_95b3d0e338b0dd00,0,,good
mvtec_a6e080180cf7351d,0,,good
mvtec_70bfb93579371308,0,,good
mvtec_862b7802db7447a3,0,,good
mvtec_2b4d5e67a2abfa57,0,,good
mvtec_90e9aa99408844bf,0,,good
mvtec_921c4a7ae9641dc3,0,,good
mvtec_0f1f9e3ee2894db3,0,,good
mvtec_2dbd7892b054bf2b,0,,good
mvtec_17db676941f71af3,0,,good
mvtec_8efcc9e995935b09,0,,good
mvtec_16a6cb994197a1f0,0,,good
mvtec_b139d3f79a05c39e,0,,good
mvtec_ba4a0a0ec0691a6c,0,,good
mvtec_2db788c0cf5674bc,0,,good
mvtec_5667991a1ac10679,0,,good
mvtec_a92206edb3d7a965,0,,good
mvtec_7635dd24fb6a3e5b,0,,good
mvtec_7859ca801cbdacce,0,,good
mvtec_0436be5db57c926f,0,,good
mvtec_633f3113293e4793,0,,good
mvtec_5e73b56633733eda,0,,good
mvtec_ac635ed567975c00,0,,good
mvtec_66212e5360ad56dc,0,,good
mvtec_a3e7c61cd699d949,0,,good
mvtec_82a39c4f0544fbc2,0,,good
mvtec_6ff892eed0bd345f,0,,good
mvtec_f91a3afbeef12055,0,,good
mvtec_6a18d0362f2628d3,0,,good
mvtec_bca09e7cee21e429,0,,good
mvtec_1ca7eb8acf050138,0,,good
mvtec_e31d3c1f1a0a27aa,0,,good
mvtec_e253de3ff5fb24b2,0,,good
mvtec_bd4fa6d12c714960,0,,good
mvtec_d76374c46976d74e,0,,good
mvtec_89f520fc0bf2fb31,0,,good
mvtec_7dbb34a31c833091,0,,good
mvtec_d98670a2c1b39ec4,0,,good
mvtec_3ca09cd7c3b069c3,0,,good
mvtec_108d99f9893944fe,0,,good
mvtec_cbb0c91f11687d47,0,,good
mvtec_c47dc6e6dc95ff9c,0,,good
mvtec_9a3d3ef42e61b80a,0,,good
mvtec_2be4be74c7f33507,0,,good
mvtec_856bd5e7117251d4,0,,good
mvtec_64a21feba431e68d,0,,good
mvtec_8f3e5693662f9c42,0,,good
mvtec_8507b6eef70e2127,0,,good
mvtec_638081f653d069e3,0,,good
mvtec_a478a8ca730e5e86,0,,good
mvtec_7dbb7117dce26936,0,,good
mvtec_293f00f99cf84fc7,0,,good
mvtec_73d430d496c53f0b,0,,good
mvtec_c254709273698469,0,,good
mvtec_0fa5f6be95456ad7,0,,good
mvtec_f518ccc831f39b69,0,,good
mvtec_8f391007eb815866,0,,good
mvtec_163408e40487fd41,0,,good
mvtec_7d0be7e8501bd8e5,0,,good
mvtec_1abf7d6696037e87,0,,good
mvtec_67e71736cc676645,0,,good
mvtec_7d5b14c962cb5e2c,0,,good
mvtec_c3d169d7fe0489b3,0,,good
mvtec_e08efedeba7ec21d,0,,good
mvtec_af44c525b292225c,0,,good
mvtec_feb29708bef97fcd,0,,good
mvtec_0a7b0be9d6a5b379,0,,good
mvtec_8f3bdf4fc2af8adb,0,,good
mvtec_8b62a4c54885b5e8,0,,good
mvtec_06e436323cecf2e9,0,,good
mvtec_d18cf3e7a7350313,0,,good
mvtec_03e407d443370f91,0,,good
mvtec_3f8042cf240fe802,0,,good
mvtec_fd59e2d06deef752,0,,good
mvtec_03e25d3b71daf9cf,0,,good
mvtec_320cf6c03eb7d74c,0,,good
mvtec_95c99b7d413004bd,0,,good
mvtec_4c8939acc73d8d18,0,,good
mvtec_00ad57401d7cb460,0,,good
mvtec_2cc0ac0fde9409c1,0,,good
mvtec_ed378a3ef30016ed,0,,good
mvtec_b7018ae54462cd3e,0,,good
mvtec_731f79fbeaca1340,0,,good
mvtec_e86d44e877ed1838,0,,good
mvtec_374ae9ec675933a0,0,,good
mvtec_e6d9800efcbae496,0,,good
mvtec_c033a75b164dca74,0,,good
mvtec_8ccafd2ae083f418,0,,good
mvtec_ab036ce5dbf17f2e,0,,good
mvtec_dd7b4d9348da3684,0,,good
mvtec_e0a648b0326727ed,0,,good
mvtec_25133459cdca0dbc,0,,good
mvtec_343a05fc37ec9d0c,0,,good
mvtec_8e487b8693455c3d,0,,good
mvtec_9ff35cfe5002f3ab,0,,good
mvtec_3dbf8c9d5dc4fe5f,0,,good
mvtec_7dcbd44a577d8ba7,0,,good
mvtec_410ebc678c51958c,0,,good
mvtec_5a35939a05b9e20e,0,,good
mvtec_696bbbdb577e659e,0,,good
mvtec_8357e46ace139362,0,,good
mvtec_93a1bdc90edf7165,0,,good
mvtec_08fd5a155f2ae286,0,,good
mvtec_3aaa4f0e0b41a51a,0,,good
mvtec_cc1fd96ee260f6d2,0,,good
mvtec_78a47cf940d26482,0,,good
mvtec_b2542f634333c2da,0,,good
mvtec_b7ee41c94083e399,0,,good
mvtec_e3dad55d1d0e7bcd,0,,good
mvtec_261faf8bcf788721,0,,good
mvtec_a7206727dbebb145,0,,good
mvtec_b6ec2ec83f0c5acf,0,,good
mvtec_fcfc21563f358d75,0,,good
mvtec_327a9c48ad8cd981,0,,good
mvtec_c7c9399860315869,0,,good
mvtec_2784ebd53df3c8a2,0,,good
mvtec_3c5f1fd55edbb767,0,,good
mvtec_4375051f392fe2b3,0,,good
mvtec_b1aa9a44117ced5c,0,,good
mvtec_cc566fe68428dbb5,0,,good
mvtec_080cfd9535df1eec,0,,good
mvtec_aa5f4eb4b35803f7,0,,good
mvtec_8b8297c1e19b33bd,0,,good
mvtec_8a6cc32cdab9472c,0,,good
mvtec_51b597c69e3e0d00,0,,good
mvtec_263dde903448d746,0,,good
mvtec_55edbc2d2ea350ff,0,,good
mvtec_5acf3947a5080a97,0,,good
mvtec_cbe18d59650f7a51,0,,good
mvtec_de7c316e02d577a3,0,,good
mvtec_723a2e2ef3354ba3,0,,good
mvtec_bb61d8a04eab9ee3,0,,good
mvtec_5722ecf53b7cef85,0,,good
mvtec_59b6700e09fcab14,0,,good
mvtec_280cd4845144d732,0,,good
mvtec_a847071299625188,0,,good
mvtec_5fa46fecdd1dd758,0,,good
mvtec_ea41061f6ac0e8ab,0,,good
mvtec_7eeb0058fed89e5b,0,,good
mvtec_1c62cbf0621f5750,0,,good
mvtec_c2d145a495a460e5,0,,good
mvtec_d935d853549962ab,0,,good
mvtec_7fa86122da100c95,0,,good
mvtec_9eced49d709d8bad,0,,good
mvtec_e10f71f8a63ee791,0,,good
mvtec_63526208a2b8e5a4,0,,good
mvtec_b43b2797cc435a43,0,,good
mvtec_e63641253a013620,0,,good
mvtec_bcf685a829932148,0,,good
mvtec_32fbcf9ba4e096d6,0,,good
mvtec_e881162e613737c1,0,,good
mvtec_86cbb51de1264163,0,,good
mvtec_8a58dac8e5320b82,0,,good
mvtec_9e09bf15ec0c4124,0,,good
mvtec_a93ec93d88e87814,0,,good
mvtec_e7ed84723a9f30ba,0,,good
mvtec_c1e996926d2811ed,0,,good
mvtec_5d174ba80bcfe6c2,0,,good
mvtec_35be44c615aae6af,0,,good
mvtec_e98c49c0fad0ff9b,0,,good
mvtec_6e53cbf92998189d,0,,good
mvtec_fd49295ed0afed8a,0,,good
mvtec_9ba6a65da59c3d23,0,,good
mvtec_44e133a9acd1c43d,0,,good
mvtec_e84487d29044a179,0,,good
mvtec_2823b18bd46d5a2c,0,,good
mvtec_b922d51dbcfceca6,0,,good
mvtec_6a5aa11b5df11d35,0,,good
mvtec_c57c6125b02f5637,0,,good
mvtec_9799817f46c9d223,0,,good
mvtec_263c9d6e00fc43d5,0,,good
mvtec_b97c609ddfd4dfd0,0,,good
mvtec_6701ca13bf5454d3,0,,good
mvtec_b71f818cac0cbba0,0,,good
mvtec_85860dc28fdf86bd,0,,good
mvtec_09de891f0c2b582f,0,,good
mvtec_8c07674d8b296ae8,0,,good
mvtec_137f08751326a396,0,,good
mvtec_fd16063f97426a82,0,,good
mvtec_36f23d7ca28102f7,0,,good
mvtec_5ff879971756a239,0,,good
mvtec_74d981fc1b74ff53,0,,good
mvtec_53e0c1c38d29f109,0,,good
mvtec_1b51b159175933f4,0,,good
mvtec_17aa029c2e274783,0,,good
mvtec_185e78a34598bbc8,0,,good
mvtec_76f368bb414e98ab,0,,good
mvtec_389fcb717420b1c1,0,,good
mvtec_59a707b24a3f2301,0,,good
mvtec_7a0b374f059e5348,0,,good
mvtec_258c12d0a583ac7f,0,,good
mvtec_26da6d2214136fd2,0,,good
mvtec_3d54d56548b02205,0,,good
mvtec_13d277f212137843,0,,good
mvtec_e5f3b63592e7dd3b,0,,good
mvtec_2835e6d9b089fc2d,0,,good
mvtec_8263f6a944afd040,0,,good
mvtec_2f19620685d50ba4,0,,good
mvtec_464736a56d311ec7,0,,good
mvtec_dc0184ebf645eb02,0,,good
mvtec_3de0c2f60839cbd1,0,,good
mvtec_6fb276045bfefc53,0,,good
mvtec_a52a8f37da9a6961,0,,good
mvtec_a393ed67721a7ba1,0,,good
mvtec_414acf53aef19b65,0,,good
mvtec_607163f0a5c7f17c,0,,good
mvtec_7243969db144efad,0,,good
mvtec_d99a1ef988a13867,0,,good
mvtec_ea2982d5b568c3fe,0,,good
mvtec_6cb8fd83bbc70f60,0,,good
mvtec_300bd4c82a33ee29,0,,good
mvtec_988f9aaca2810081,0,,good
mvtec_80caaf461b6fbc2b,0,,good
mvtec_3de656012260b5f6,0,,good
mvtec_be4e8fd9be4af202,0,,good
mvtec_1ca774f985ded892,0,,good
mvtec_99aa1200bee58722,0,,good
mvtec_b665d3123ec12b19,0,,good
mvtec_93d0e79b74586b8f,0,,good
mvtec_fd640ea6fcde3abd,0,,good
mvtec_bd9b19b2b10574a3,0,,good
mvtec_934328d43408f24a,0,,good
mvtec_8b07667f10a14a27,0,,good
mvtec_2ac1d6186db833c1,0,,good
mvtec_4c5d4798829a0759,0,,good
mvtec_a2b2b7ec7758d3f5,0,,good
mvtec_9790be8bed14294c,0,,good
mvtec_3cca2b3faa4e77c8,0,,good
mvtec_8c2941c7e47f07b9,0,,good
mvtec_fd339c9cd5953dde,0,,good
mvtec_12fd5bf17368c94b,0,,good
mvtec_0c70387e24333bb4,0,,good
mvtec_c0fb67936e9841da,0,,good
mvtec_d721c413b2846504,0,,good
mvtec_e03b96804f13bb5b,0,,good
mvtec_e8c1323d092156e6,0,,good
mvtec_f9d33071a1cbaad3,0,,good
mvtec_f275f4c7209a6102,0,,good
mvtec_6f83cc6875e6e946,0,,good
mvtec_03d2c3f594b7a248,0,,good
mvtec_54d68689c039a58e,0,,good
mvtec_9be91ab435375f96,0,,good
mvtec_7434dfd2b6c17e31,0,,good
mvtec_dddf6c6904904161,0,,good
mvtec_f33c6080f068dab1,0,,good
mvtec_dc423e24bfc47045,0,,good
mvtec_f608427f31fa8b91,0,,good
mvtec_c9781fbbdd8e8ea1,0,,good
mvtec_7395f1c67efe2400,0,,good
mvtec_e287d7065e9cb2ac,0,,good
mvtec_2f94b65db0f07746,0,,good
mvtec_96cd2f4bfed2b9be,0,,good
mvtec_505bf4b0e660fe62,0,,good
mvtec_8e6896bf4d616ac7,0,,good
mvtec_0ef17712eea533ea,0,,good
mvtec_65503f0e44ab5656,0,,good
mvtec_ce3606b9705c6197,0,,good
mvtec_8f79d9e90cbbc580,0,,good
mvtec_9043964f65afdf95,0,,good
mvtec_b5cd602e64164e4e,0,,good
mvtec_6bc311526d9124e2,0,,good
mvtec_59a73e63e0816058,0,,good
mvtec_5921ca00c5030b38,0,,good
mvtec_f24a58e18edfb4c4,0,,good
mvtec_0cae8f51c4b72756,0,,good
mvtec_2a5d01699c21cc19,0,,good
mvtec_67a92e35570c9e48,0,,good
mvtec_b5e837d1fa2076c8,0,,good
mvtec_3405f88eaf81c542,0,,good
mvtec_70627d2d1cb724d0,0,,good
mvtec_9734169b33d1a014,0,,good
mvtec_a44916fac8ddf843,0,,good
mvtec_e85e390e77aa303d,1,/data/gauss/ldh/myDatasets/mvtec_anomaly_detection/transistor/ground_truth/bent_lead/000_mask.png,bent_lead
mvtec_93ffbd6c165e4a65,1,/data/gauss/ldh/myDatasets/mvtec_anomaly_detection/transistor/ground_truth/bent_lead/001_mask.png,bent_lead
mvtec_4bbad6e1add493f7,1,/data/gauss/ldh/myDatasets/mvtec_anomaly_detection/transistor/ground_truth/bent_lead/002_mask.png,bent_lead
mvtec_a017f684b7a6dd62,1,/data/gauss/ldh/myDatasets/mvtec_anomaly_detection/transistor/ground_truth/bent_lead/003_mask.png,bent_lead
mvtec_23ba2d1d1a86dbaa,1,/data/gauss/ldh/myDatasets/mvtec_anomaly_detection/transistor/ground_truth/bent_lead/004_mask.png,bent_lead
mvtec_176205f0e9cbcc39,1,/data/gauss/ldh/myDatasets/mvtec_anomaly_detection/transistor/ground_truth/bent_lead/005_mask.png,bent_lead
mvtec_ab82bb4553a88013,1,/data/gauss/ldh/myDatasets/mvtec_anomaly_detection/transistor/ground_truth/bent_lead/006_mask.png,bent_lead
mvtec_0f1a67e4092f56af,1,/data/gauss/ldh/myDatasets/mvtec_anomaly_detection/transistor/ground_truth/bent_lead/007_mask.png,bent_lead
mvtec_cf0da358a8d2de38,1,/data/gauss/ldh/myDatasets/mvtec_anomaly_detection/transistor/ground_truth/bent_lead/008_mask.png,bent_lead
mvtec_55f116394d53d52d,1,/data/gauss/ldh/myDatasets/mvtec_anomaly_detection/transistor/ground_truth/bent_lead/009_mask.png,bent_lead
mvtec_ec2c1ee41860002e,1,/data/gauss/ldh/myDatasets/mvtec_anomaly_detection/transistor/ground_truth/cut_lead/000_mask.png,cut_lead
mvtec_0c201a66fb2f79c0,1,/data/gauss/ldh/myDatasets/mvtec_anomaly_detection/transistor/ground_truth/cut_lead/001_mask.png,cut_lead
mvtec_9b8db38e43b6106c,1,/data/gauss/ldh/myDatasets/mvtec_anomaly_detection/transistor/ground_truth/cut_lead/002_mask.png,cut_lead
mvtec_729db104d392fbf3,1,/data/gauss/ldh/myDatasets/mvtec_anomaly_detection/transistor/ground_truth/cut_lead/003_mask.png,cut_lead
mvtec_76fe5f1eed37d2ce,1,/data/gauss/ldh/myDatasets/mvtec_anomaly_detection/transistor/ground_truth/cut_lead/004_mask.png,cut_lead
mvtec_e66efe19a75ba1ff,1,/data/gauss/ldh/myDatasets/mvtec_anomaly_detection/transistor/ground_truth/cut_lead/005_mask.png,cut_lead
mvtec_91917a4cecb9dd86,1,/data/gauss/ldh/myDatasets/mvtec_anomaly_detection/transistor/ground_truth/cut_lead/006_mask.png,cut_lead
mvtec_11b7e3e2ab131971,1,/data/gauss/ldh/myDatasets/mvtec_anomaly_detection/transistor/ground_truth/cut_lead/007_mask.png,cut_lead
mvtec_b1aee198776042b8,1,/data/gauss/ldh/myDatasets/mvtec_anomaly_detection/transistor/ground_truth/cut_lead/008_mask.png,cut_lead
mvtec_aef84a922488042b,1,/data/gauss/ldh/myDatasets/mvtec_anomaly_detection/transistor/ground_truth/cut_lead/009_mask.png,cut_lead
mvtec_5aa6140ddc4f6fab,1,/data/gauss/ldh/myDatasets/mvtec_anomaly_detection/transistor/ground_truth/damaged_case/000_mask.png,damaged_case
mvtec_2f4e444b26128957,1,/data/gauss/ldh/myDatasets/mvtec_anomaly_detection/transistor/ground_truth/damaged_case/001_mask.png,damaged_case
mvtec_2d6b56130f959416,1,/data/gauss/ldh/myDatasets/mvtec_anomaly_detection/transistor/ground_truth/damaged_case/002_mask.png,damaged_case
mvtec_953ba2e4e8b2eb0f,1,/data/gauss/ldh/myDatasets/mvtec_anomaly_detection/transistor/ground_truth/damaged_case/003_mask.png,damaged_case
mvtec_1eadc587371bf78a,1,/data/gauss/ldh/myDatasets/mvtec_anomaly_detection/transistor/ground_truth/damaged_case/004_mask.png,damaged_case
mvtec_2add27e302c6dbf8,1,/data/gauss/ldh/myDatasets/mvtec_anomaly_detection/transistor/ground_truth/damaged_case/005_mask.png,damaged_case
mvtec_7b9cafad541fcc52,1,/data/gauss/ldh/myDatasets/mvtec_anomaly_detection/transistor/ground_truth/damaged_case/006_mask.png,damaged_case
mvtec_00944c96ccefae69,1,/data/gauss/ldh/myDatasets/mvtec_anomaly_detection/transistor/ground_truth/damaged_case/007_mask.png,damaged_case
mvtec_274399ab09fff07a,1,/data/gauss/ldh/myDatasets/mvtec_anomaly_detection/transistor/ground_truth/damaged_case/008_mask.png,damaged_case
mvtec_e7755be1af6386c4,1,/data/gauss/ldh/myDatasets/mvtec_anomaly_detection/transistor/ground_truth/damaged_case/009_mask.png,damaged_case
mvtec_36851610c807deda,1,/data/gauss/ldh/myDatasets/mvtec_anomaly_detection/transistor/ground_truth/misplaced/000_mask.png,misplaced
mvtec_f11728ccf7cc2272,1,/data/gauss/ldh/myDatasets/mvtec_anomaly_detection/transistor/ground_truth/misplaced/001_mask.png,misplaced
mvtec_4842a698d296ee1c,1,/data/gauss/ldh/myDatasets/mvtec_anomaly_detection/transistor/ground_truth/misplaced/002_mask.png,misplaced
mvtec_f4cda04ed52b49ee,1,/data/gauss/ldh/myDatasets/mvtec_anomaly_detection/transistor/ground_truth/misplaced/003_mask.png,misplaced
mvtec_015a2c0cf65ee4c4,1,/data/gauss/ldh/myDatasets/mvtec_anomaly_detection/transistor/ground_truth/misplaced/004_mask.png,misplaced
mvtec_392b2a459b1fb131,1,/data/gauss/ldh/myDatasets/mvtec_anomaly_detection/transistor/ground_truth/misplaced/005_mask.png,misplaced
mvtec_a20d26df70edb270,1,/data/gauss/ldh/myDatasets/mvtec_anomaly_detection/transistor/ground_truth/misplaced/006_mask.png,misplaced
mvtec_18da6764fc3a1770,1,/data/gauss/ldh/myDatasets/mvtec_anomaly_detection/transistor/ground_truth/misplaced/007_mask.png,misplaced
mvtec_c2de97106dc1c461,1,/data/gauss/ldh/myDatasets/mvtec_anomaly_detection/transistor/ground_truth/misplaced/008_mask.png,misplaced
mvtec_01497d72a9a9bc52,1,/data/gauss/ldh/myDatasets/mvtec_anomaly_detection/transistor/ground_truth/misplaced/009_mask.png,misplaced
mvtec_2a7c894865e27dfe,0,,good
mvtec_32a822aede176136,0,,good
mvtec_e73efbc8f1bdf097,0,,good
mvtec_a6e049df082cbac0,0,,good
mvtec_6d5c0b9dc5f5f654,0,,good
mvtec_8243660fb4f6db44,0,,good
mvtec_c02c549338f83cb4,0,,good
mvtec_36e2ae73f598bed7,0,,good
mvtec_3ca777d41de96e20,0,,good
mvtec_bec4bce799579fe7,0,,good
mvtec_292635cecf1e8fbb,0,,good
mvtec_fe8d98c28255bec0,0,,good
mvtec_aa38ce30e1327d80,0,,good
mvtec_8a7016ab41eb8439,0,,good
mvtec_5766875d4e2aa469,0,,good
mvtec_7c0fa9c545950f7e,0,,good
mvtec_865d80a658000851,0,,good
mvtec_1f35e9a675b5ab70,0,,good
mvtec_14908a4961a6ffbf,0,,good
mvtec_22b4796cbf971e7c,0,,good
mvtec_fe17cb9082c9a233,0,,good
mvtec_9f4a795f7cf08bf4,0,,good
mvtec_f5c0095722bae5c1,0,,good
mvtec_986c34720d53d8cb,0,,good
mvtec_9dccb0128aeba0eb,0,,good
mvtec_ad65a882d7f2c56b,0,,good
mvtec_530f27ce538265b6,0,,good
mvtec_3e96027738107ab2,0,,good
mvtec_dec2cede2e069e70,0,,good
mvtec_4a2442f07a4ded80,0,,good
mvtec_5f3d1ca335ecdd2f,0,,good
mvtec_d9926ea6c4f60654,0,,good
mvtec_ac0c95ce11ce9eee,0,,good
mvtec_3687fb6067b669c6,0,,good
mvtec_8d87f3ecf937b86d,0,,good
mvtec_415e63f529aa1248,0,,good
mvtec_eedf3676bf7a23c5,0,,good
mvtec_91887a09e14dcd26,0,,good
mvtec_a9f383c7d6c9997a,0,,good
mvtec_ad0393395672c505,0,,good
mvtec_be2996e09ee62be6,0,,good
mvtec_4de36aab0a6e0c0c,0,,good
mvtec_b4ad66b0dcd50cca,0,,good
mvtec_f9108afe85c6c6c9,0,,good
mvtec_d41fa16d07096c93,0,,good
mvtec_ef461957589081de,0,,good
mvtec_43ee1c0f81f1a140,0,,good
mvtec_29a5766dbfa77ec6,0,,good
mvtec_5ee99bbc3f4b3d80,0,,good
mvtec_6384715a531bf8aa,0,,good
mvtec_a9c6f59aa1ac4150,0,,good
mvtec_48255bfdd7b14dc0,0,,good
mvtec_6313a7ba7b2cceec,0,,good
mvtec_984368756bbf030b,0,,good
mvtec_83f6e66755ecf1e3,0,,good
mvtec_39e393fb3c8fe60a,0,,good
mvtec_110eeded3ed4beb5,0,,good
mvtec_c0f5d0cd01dcadf6,0,,good
mvtec_9a965b29f8f9a701,0,,good
mvtec_ff3379132c6b61d5,0,,good
mvtec_c60ee6a2e1c0d709,0,,good
mvtec_ae9a842e7e908dc8,0,,good
mvtec_67bd268b9b020f5c,0,,good
mvtec_14c47c75e2410fc8,0,,good
mvtec_5d8963a0a8ccdacf,0,,good
mvtec_170d977c8fb2d6e4,0,,good
mvtec_4c67f3befda25c09,0,,good
mvtec_ba19fcafe7a6a7c3,0,,good
mvtec_f9a9ce7df8546160,0,,good
mvtec_4297590cf9d1f355,0,,good
mvtec_b1107b9f05f31ecc,0,,good
mvtec_8092250e9d57142f,0,,good
mvtec_9ab27d21ba8c4b36,0,,good
mvtec_0adeabeb6f0f7bd2,0,,good
mvtec_5d1d229b53ec8a0e,0,,good
mvtec_3985e5a5daa95f1b,0,,good
mvtec_4b02552d4bd0bdee,0,,good
mvtec_68ac9d7240350df7,0,,good
mvtec_9305f63bca84ad98,0,,good
mvtec_2f8eed9afe4e77b6,0,,good
mvtec_442f11cc5c7673de,0,,good
mvtec_ffcdf6ac48d169d2,0,,good
mvtec_69515cc1deb171c7,0,,good
mvtec_e391c2aebd68d2cd,0,,good
mvtec_ddbe8b9479f62574,0,,good
mvtec_428587d70806cb67,0,,good
mvtec_148dfbf40fcbfe2b,0,,good
mvtec_ee9a2c0651940dbb,0,,good
mvtec_e81e2a95ee0a3d65,0,,good
mvtec_5962b6ea0a42c835,0,,good
mvtec_f87ac45848217335,0,,good
mvtec_d743c730badc589a,0,,good
mvtec_ce58822f4d52a0b0,0,,good
mvtec_ae176e9b5da4544f,0,,good
mvtec_4921049f924adf89,0,,good
mvtec_50d6c74040c5a943,0,,good
mvtec_786055b7c311291b,0,,good
mvtec_ba06827bb6046664,0,,good
mvtec_323532739969601a,0,,good
mvtec_6f3461b01f744d4f,0,,good
mvtec_0a3c79991f44a4e6,0,,good
mvtec_1b23e39e9e80850b,0,,good
mvtec_21353e9dd6471ee8,0,,good
mvtec_f357ec0a588f8d53,0,,good
mvtec_884692a572a45324,0,,good
mvtec_d9bcd72059ccdbb9,0,,good
mvtec_4b500850fe1975cf,0,,good
mvtec_95885623d2364fc4,0,,good
mvtec_e7d5290874b8568e,0,,good
mvtec_8224f9f3581ffd1e,0,,good
mvtec_79a560dfc5ecde93,0,,good
mvtec_fcec1f3cbb786798,0,,good
mvtec_9772f2cdf548881d,0,,good
mvtec_b12fc5676762b2d6,0,,good
mvtec_a77f3beb3c8f9bdb,0,,good
mvtec_b315be83e2d7036f,0,,good
mvtec_8667aabb71b414a6,0,,good
mvtec_fe9fd824e0e8aaf2,0,,good
mvtec_97b460f2ba480d99,0,,good
mvtec_3f71274d691a41d6,0,,good
mvtec_a6b7f58ef874ebe1,0,,good
mvtec_85a809d1befced78,0,,good
mvtec_7134cc69da0e83b1,0,,good
mvtec_21d6e4c6a8b6415a,0,,good
mvtec_19392d782bf0dac3,0,,good
mvtec_34b1ea91a5c1ab59,0,,good
mvtec_d474e0d8e050cc9d,0,,good
mvtec_b3422470861d67c5,0,,good
mvtec_3d6de9fede375590,0,,good
mvtec_911a5a580ee02335,0,,good
mvtec_5613dfcd5071b5f2,0,,good
mvtec_9a3dbb0211b390cd,0,,good
mvtec_f1a8a267fe13ff5a,0,,good
mvtec_eac2f72f08e94396,0,,good
mvtec_a2311a80b3d991e9,0,,good
mvtec_c29f8b54c3bdfb3f,0,,good
mvtec_89409088f1c59736,0,,good
mvtec_06c30ccfe8ada99a,0,,good
mvtec_f1a0a2fa442dac06,0,,good
mvtec_a596722e8c7639a8,0,,good
mvtec_3e5a8e6c4de4d234,0,,good
mvtec_3a2e87063c07fe21,0,,good
mvtec_f30108bdf6e5800b,0,,good
mvtec_6f7d88cc1446ef5b,0,,good
mvtec_65c1d14b6ad0aa5e,0,,good
mvtec_4504c06953ab0fe7,0,,good
mvtec_ea41cad189302611,0,,good
mvtec_a65ebb4f21e0ecaf,0,,good
mvtec_628705ed2e3c6db4,0,,good
mvtec_39e4e7fccb8b4197,0,,good
mvtec_77d3a990f64bb5b4,0,,good
mvtec_d5ef3f00c3b42628,0,,good
mvtec_357f014e939cb603,0,,good
mvtec_a564213fbfe3c0bb,0,,good
mvtec_0dcdb3cee7a72bb7,0,,good
mvtec_19b6b51fcd31c455,0,,good
mvtec_2c2bf5e6a5e28216,0,,good
mvtec_4b859ffd9e6e9c34,0,,good
mvtec_9e2017b40ec9093c,0,,good
mvtec_680e960e3010f2b7,0,,good
mvtec_6fd5c1f83bff1f00,0,,good
mvtec_cea52092484b1eee,0,,good
mvtec_4e792c2de250f132,0,,good
mvtec_80e7d0f77d1f8294,0,,good
mvtec_3720977fc0435c2b,0,,good
mvtec_26bafb51a582b714,0,,good
mvtec_ee737996e37c64b7,0,,good
mvtec_e2f4c15de0ddcd20,0,,good
mvtec_c90b91b412f7abd8,0,,good
mvtec_56c3d2912a30c834,0,,good
mvtec_a7475e8c924e491d,0,,good
mvtec_bb02c13b370134ae,0,,good
mvtec_abc8ccbf155e3fa5,0,,good
mvtec_750f6471d4b3f731,0,,good
mvtec_f93fb8d7b1516691,0,,good
mvtec_16f7990b10870bed,0,,good
mvtec_ce4a70fee0b2f39f,0,,good
mvtec_ff39a4ffd13b7572,0,,good
mvtec_a7fdf7fc808682f9,0,,good
mvtec_f4c2ab4b7fffe3c4,0,,good
mvtec_c2f7d97e60f34f45,0,,good
mvtec_25bfc6d3bc576ac1,0,,good
mvtec_52450df573707c57,0,,good
mvtec_44638df73f735e1e,0,,good
mvtec_25e77ed9045ca08a,0,,good
mvtec_0081119a434a108b,0,,good
mvtec_4eb9fe3608096b0f,0,,good
mvtec_8ffa4525bf117e44,0,,good
mvtec_f5abde05cea6659b,0,,good
mvtec_66d4f4b2ad3aec4a,0,,good
mvtec_d507f777a8c8a598,0,,good
mvtec_7fb1f45462e9dbd6,0,,good
mvtec_a0ffd1172bd810fe,0,,good
mvtec_39395dd58920c765,0,,good
mvtec_d173140dceb11214,0,,good
mvtec_b5a35748efc89455,0,,good
mvtec_a621f7094f9af787,0,,good
mvtec_b5a90dfdc820ece9,0,,good
mvtec_441738aba866f5b4,0,,good
mvtec_a9c061baf7cba0a5,0,,good
mvtec_f776b1816aab83f3,0,,good
mvtec_9a96bc98d3e5ec11,0,,good
mvtec_6797f2b065068028,0,,good
mvtec_46c3bb5211af07f5,0,,good
mvtec_d5cfc086ff415a12,0,,good
mvtec_54a7ba494d3fcb97,0,,good
mvtec_2ed7a2d3401327f4,0,,good
mvtec_84fa7c377eb2460a,0,,good
mvtec_1eb93d247947548a,0,,good
mvtec_43aaca31dde18856,0,,good
mvtec_4e935978432be7b9,0,,good
mvtec_7cbee653b6d32a77,0,,good
mvtec_26a955b7f64f0996,0,,good
mvtec_1d2c7aaf02506ed1,0,,good
mvtec_d66c00cf73fd0d37,0,,good
mvtec_15f3fab843c3923d,0,,good
mvtec_efc5b22dce8c192c,0,,good
mvtec_207d4d7ea2f9b609,0,,good
mvtec_39f55f9698fc281a,0,,good
mvtec_7e68455ec27c16e1,0,,good
mvtec_2c8d66c8911f0610,0,,good
mvtec_d83ef9ff49522afa,0,,good
mvtec_b731440a557e156b,0,,good
mvtec_650f08d44e4bcd36,0,,good
mvtec_51aed42615024538,0,,good
mvtec_4788f8b0135f113c,0,,good
mvtec_3a7c5803f4a8cf3b,0,,good
mvtec_ace49e5b8a345ef8,0,,good
mvtec_9facfedebb4ce5a2,0,,good
mvtec_817dc6a0d57f11e8,0,,good
mvtec_23c08003e6878d11,0,,good
mvtec_770487b75920e78a,0,,good
mvtec_3c3d00d7d78efc09,0,,good
mvtec_3dde19c0bdd7dcd2,0,,good
mvtec_d2b8ac1101e6c126,0,,good
mvtec_aca5443bf10607d2,0,,good
mvtec_cddb2e8e7bea19ca,0,,good
mvtec_3ecf9f2e99c35e07,0,,good
mvtec_0587f308b9e68711,0,,good
mvtec_2d03df1de74f201b,0,,good
mvtec_6edbb99966e2676c,0,,good
mvtec_bcd964d952df2184,0,,good
mvtec_3a5abfc2776a0979,0,,good
mvtec_cd10b2005b9b234d,0,,good
mvtec_2c66cd1508fb6781,0,,good
mvtec_6b9fd48e54feb51c,0,,good
mvtec_8d708b15ebfb7380,0,,good
mvtec_1a68d144c0ab3221,0,,good
mvtec_ccee40bd8c9eac69,0,,good
mvtec_5d6c709d6359d028,0,,good
mvtec_31836284bd8c9cea,0,,good
mvtec_61991eedb6de929c,0,,good
mvtec_2add8a49a213c241,0,,good
mvtec_7dbeb95b9b88da8c,0,,good
mvtec_7b2ff283b819c79c,0,,good
mvtec_84086385c9283cf2,0,,good
mvtec_612dab5809c3cd37,0,,good
mvtec_c93d70f43b2acf4a,0,,good
mvtec_9b8cf491ecc05edb,0,,good
mvtec_ada9212da4de7fe6,0,,good
mvtec_4624cebbb8a6bffb,0,,good
mvtec_00d4c724f916200a,0,,good
mvtec_ff26086d27fd899f,0,,good
mvtec_05bd4732b469d40a,0,,good
mvtec_5f878b78eedc1a1b,0,,good
mvtec_25ae226583c8e391,0,,good
mvtec_0758971ec3a4eee0,1,/data/gauss/ldh/myDatasets/mvtec_anomaly_detection/wood/ground_truth/color/000_mask.png,color
mvtec_3684149f5dda8633,1,/data/gauss/ldh/myDatasets/mvtec_anomaly_detection/wood/ground_truth/color/001_mask.png,color
mvtec_af3832b6657f2f90,1,/data/gauss/ldh/myDatasets/mvtec_anomaly_detection/wood/ground_truth/color/002_mask.png,color
mvtec_5e3eb008ec18fb8d,1,/data/gauss/ldh/myDatasets/mvtec_anomaly_detection/wood/ground_truth/color/003_mask.png,color
mvtec_185bd8db33f3fea1,1,/data/gauss/ldh/myDatasets/mvtec_anomaly_detection/wood/ground_truth/color/004_mask.png,color
mvtec_de28a2c82a941732,1,/data/gauss/ldh/myDatasets/mvtec_anomaly_detection/wood/ground_truth/color/005_mask.png,color
mvtec_567aeed3b8e09e4e,1,/data/gauss/ldh/myDatasets/mvtec_anomaly_detection/wood/ground_truth/color/006_mask.png,color
mvtec_3d3120cf1d013381,1,/data/gauss/ldh/myDatasets/mvtec_anomaly_detection/wood/ground_truth/color/007_mask.png,color
mvtec_df3ae0c722ff7f04,1,/data/gauss/ldh/myDatasets/mvtec_anomaly_detection/wood/ground_truth/combined/000_mask.png,combined
mvtec_3a4498a9125282a4,1,/data/gauss/ldh/myDatasets/mvtec_anomaly_detection/wood/ground_truth/combined/001_mask.png,combined
mvtec_a53630f89f8823a0,1,/data/gauss/ldh/myDatasets/mvtec_anomaly_detection/wood/ground_truth/combined/002_mask.png,combined
mvtec_7226800e4f29c03e,1,/data/gauss/ldh/myDatasets/mvtec_anomaly_detection/wood/ground_truth/combined/003_mask.png,combined
mvtec_7f707f8d62ace64d,1,/data/gauss/ldh/myDatasets/mvtec_anomaly_detection/wood/ground_truth/combined/004_mask.png,combined
mvtec_f4cfff8ab7fe0122,1,/data/gauss/ldh/myDatasets/mvtec_anomaly_detection/wood/ground_truth/combined/005_mask.png,combined
mvtec_35b69636ad1ec179,1,/data/gauss/ldh/myDatasets/mvtec_anomaly_detection/wood/ground_truth/combined/006_mask.png,combined
mvtec_ac4b71d0094a3801,1,/data/gauss/ldh/myDatasets/mvtec_anomaly_detection/wood/ground_truth/combined/007_mask.png,combined
mvtec_598a57d2128f143b,1,/data/gauss/ldh/myDatasets/mvtec_anomaly_detection/wood/ground_truth/combined/008_mask.png,combined
mvtec_770e8f2399d70dc7,1,/data/gauss/ldh/myDatasets/mvtec_anomaly_detection/wood/ground_truth/combined/009_mask.png,combined
mvtec_9697308d1bcafd44,1,/data/gauss/ldh/myDatasets/mvtec_anomaly_detection/wood/ground_truth/combined/010_mask.png,combined
mvtec_aa20345d31e3736b,1,/data/gauss/ldh/myDatasets/mvtec_anomaly_detection/wood/ground_truth/hole/000_mask.png,hole
mvtec_64df18772559d70b,1,/data/gauss/ldh/myDatasets/mvtec_anomaly_detection/wood/ground_truth/hole/001_mask.png,hole
mvtec_5ef50f2649dde9e1,1,/data/gauss/ldh/myDatasets/mvtec_anomaly_detection/wood/ground_truth/hole/002_mask.png,hole
mvtec_ec87b4fad54ed4c6,1,/data/gauss/ldh/myDatasets/mvtec_anomaly_detection/wood/ground_truth/hole/003_mask.png,hole
mvtec_9616a66a41869ba4,1,/data/gauss/ldh/myDatasets/mvtec_anomaly_detection/wood/ground_truth/hole/004_mask.png,hole
mvtec_1c99d0c0bcfd91dd,1,/data/gauss/ldh/myDatasets/mvtec_anomaly_detection/wood/ground_truth/hole/005_mask.png,hole
mvtec_6f30c307d3de486a,1,/data/gauss/ldh/myDatasets/mvtec_anomaly_detection/wood/ground_truth/hole/006_mask.png,hole
mvtec_a0fb16b5829408b2,1,/data/gauss/ldh/myDatasets/mvtec_anomaly_detection/wood/ground_truth/hole/007_mask.png,hole
mvtec_a0e06d3a8b3f8641,1,/data/gauss/ldh/myDatasets/mvtec_anomaly_detection/wood/ground_truth/hole/008_mask.png,hole
mvtec_5f80de6c566aafbb,1,/data/gauss/ldh/myDatasets/mvtec_anomaly_detection/wood/ground_truth/hole/009_mask.png,hole
mvtec_8864f75d139c7ef6,1,/data/gauss/ldh/myDatasets/mvtec_anomaly_detection/wood/ground_truth/liquid/000_mask.png,liquid
mvtec_f2b0fa20f67450d8,1,/data/gauss/ldh/myDatasets/mvtec_anomaly_detection/wood/ground_truth/liquid/001_mask.png,liquid
mvtec_eb8410cfd13eb2e5,1,/data/gauss/ldh/myDatasets/mvtec_anomaly_detection/wood/ground_truth/liquid/002_mask.png,liquid
mvtec_0221b8f3c18a20e6,1,/data/gauss/ldh/myDatasets/mvtec_anomaly_detection/wood/ground_truth/liquid/003_mask.png,liquid
mvtec_d97ac70ed79081c9,1,/data/gauss/ldh/myDatasets/mvtec_anomaly_detection/wood/ground_truth/liquid/004_mask.png,liquid
mvtec_22a4b4919a6fbee2,1,/data/gauss/ldh/myDatasets/mvtec_anomaly_detection/wood/ground_truth/liquid/005_mask.png,liquid
mvtec_7b98556b446ce2c8,1,/data/gauss/ldh/myDatasets/mvtec_anomaly_detection/wood/ground_truth/liquid/006_mask.png,liquid
mvtec_e425d150da3c6b21,1,/data/gauss/ldh/myDatasets/mvtec_anomaly_detection/wood/ground_truth/liquid/007_mask.png,liquid
mvtec_5e22bff2979f2ec1,1,/data/gauss/ldh/myDatasets/mvtec_anomaly_detection/wood/ground_truth/liquid/008_mask.png,liquid
mvtec_c5788046aaaea75f,1,/data/gauss/ldh/myDatasets/mvtec_anomaly_detection/wood/ground_truth/liquid/009_mask.png,liquid
mvtec_3d79d708582d0b6c,1,/data/gauss/ldh/myDatasets/mvtec_anomaly_detection/wood/ground_truth/scratch/000_mask.png,scratch
mvtec_4dbe71f368317440,1,/data/gauss/ldh/myDatasets/mvtec_anomaly_detection/wood/ground_truth/scratch/001_mask.png,scratch
mvtec_f16fcc963269adb8,1,/data/gauss/ldh/myDatasets/mvtec_anomaly_detection/wood/ground_truth/scratch/002_mask.png,scratch
mvtec_495a3e9d56f8d6c1,1,/data/gauss/ldh/myDatasets/mvtec_anomaly_detection/wood/ground_truth/scratch/003_mask.png,scratch
mvtec_d233592ecd8e2111,1,/data/gauss/ldh/myDatasets/mvtec_anomaly_detection/wood/ground_truth/scratch/004_mask.png,scratch
mvtec_ad7e3b0bfa75d5d4,1,/data/gauss/ldh/myDatasets/mvtec_anomaly_detection/wood/ground_truth/scratch/005_mask.png,scratch
mvtec_43106f6abfdaf1f9,1,/data/gauss/ldh/myDatasets/mvtec_anomaly_detection/wood/ground_truth/scratch/006_mask.png,scratch
mvtec_b57cfbaff4b297df,1,/data/gauss/ldh/myDatasets/mvtec_anomaly_detection/wood/ground_truth/scratch/007_mask.png,scratch
mvtec_8f73a9488827aeb6,1,/data/gauss/ldh/myDatasets/mvtec_anomaly_detection/wood/ground_truth/scratch/008_mask.png,scratch
mvtec_6400f5cdb6b64611,1,/data/gauss/ldh/myDatasets/mvtec_anomaly_detection/wood/ground_truth/scratch/009_mask.png,scratch
mvtec_7641e1df703249c3,1,/data/gauss/ldh/myDatasets/mvtec_anomaly_detection/wood/ground_truth/scratch/010_mask.png,scratch
mvtec_315fc88f9d3785bd,1,/data/gauss/ldh/myDatasets/mvtec_anomaly_detection/wood/ground_truth/scratch/011_mask.png,scratch
mvtec_e970cdd08444ce05,1,/data/gauss/ldh/myDatasets/mvtec_anomaly_detection/wood/ground_truth/scratch/012_mask.png,scratch
mvtec_b00609d4e5bffa39,1,/data/gauss/ldh/myDatasets/mvtec_anomaly_detection/wood/ground_truth/scratch/013_mask.png,scratch
mvtec_693e62a73aa6451f,1,/data/gauss/ldh/myDatasets/mvtec_anomaly_detection/wood/ground_truth/scratch/014_mask.png,scratch
mvtec_ce3293bdc69b136e,1,/data/gauss/ldh/myDatasets/mvtec_anomaly_detection/wood/ground_truth/scratch/015_mask.png,scratch
mvtec_45b3f8106a7c3816,1,/data/gauss/ldh/myDatasets/mvtec_anomaly_detection/wood/ground_truth/scratch/016_mask.png,scratch
mvtec_1e1381c434ab9b95,1,/data/gauss/ldh/myDatasets/mvtec_anomaly_detection/wood/ground_truth/scratch/017_mask.png,scratch
mvtec_ea21549284503e19,1,/data/gauss/ldh/myDatasets/mvtec_anomaly_detection/wood/ground_truth/scratch/018_mask.png,scratch
mvtec_4b64ee312b053365,1,/data/gauss/ldh/myDatasets/mvtec_anomaly_detection/wood/ground_truth/scratch/019_mask.png,scratch
mvtec_520dd6f6df182cad,1,/data/gauss/ldh/myDatasets/mvtec_anomaly_detection/wood/ground_truth/scratch/020_mask.png,scratch
mvtec_2d80b08b7dd06131,0,,good
mvtec_2961a10a9451ec2e,0,,good
mvtec_78582e2a8df8776c,0,,good
mvtec_dc8d07442008152c,0,,good
mvtec_86ea1347416bf2c3,0,,good
mvtec_d65ac6f0844dc9dc,0,,good
mvtec_f973c93e3fce3bf4,0,,good
mvtec_58bbca54bfb98860,0,,good
mvtec_1bf7963522593a5b,0,,good
mvtec_5ff700c7db74e6f7,0,,good
mvtec_fa5ed40327545222,0,,good
mvtec_cd84092d10d72e3b,0,,good
mvtec_998488e95128004c,0,,good
mvtec_f41788bee05716f0,0,,good
mvtec_5c343ec8e20c2053,0,,good
mvtec_17c515ce88ab63d2,0,,good
mvtec_e2a5b8144c793c56,0,,good
mvtec_e955f3abaefd2143,0,,good
mvtec_02d255700e4e902e,0,,good
mvtec_baab536f67707cb2,0,,good
mvtec_55df8aa993166420,0,,good
mvtec_457cce84c27827fd,0,,good
mvtec_1c50bd36efe500d8,0,,good
mvtec_0e75b54a54b87d04,0,,good
mvtec_c279972cea25d10f,0,,good
mvtec_37d8a8ea55a816dd,0,,good
mvtec_cb6066350c17a283,0,,good
mvtec_770105aeea614cdd,0,,good
mvtec_7ec08bde65cb9627,0,,good
mvtec_e05a8927188a26cc,0,,good
mvtec_8cb12e3cc59e9a6b,0,,good
mvtec_21af6af6f7a6c272,0,,good
mvtec_b89d53009d61481b,0,,good
mvtec_b6f6e9f0a3306cf7,0,,good
mvtec_9818cf11caa78e4d,0,,good
mvtec_86b3d74b15f6fcf8,0,,good
mvtec_17ebb53ce89d5093,0,,good
mvtec_dcf64fb04376f53a,0,,good
mvtec_bed8cbf5979f5f2a,0,,good
mvtec_539e46f05693253a,0,,good
mvtec_9a65d8745d41ea93,0,,good
mvtec_6b1cbfdfa042a39e,0,,good
mvtec_01aca747b8170f59,0,,good
mvtec_d138a258e1888b08,0,,good
mvtec_3bc7614d9d89715c,0,,good
mvtec_d310c6f8468dc8af,0,,good
mvtec_44a11923150273ed,0,,good
mvtec_0adaebf5656ff122,0,,good
mvtec_fd91c02073429ede,0,,good
mvtec_9567b63d9e0d739e,0,,good
mvtec_1dade7df2b366003,0,,good
mvtec_950890edabf46ccd,0,,good
mvtec_3b3349838a21ffbf,0,,good
mvtec_c6070121a597b598,0,,good
mvtec_1e683397a8477298,0,,good
mvtec_b8cf2f05b3fd0e37,0,,good
mvtec_619d1f08329dff66,0,,good
mvtec_04e6a457b3898f2f,0,,good
mvtec_627ce0848e2808dd,0,,good
mvtec_45c24cafb0945d46,0,,good
mvtec_80347832511c00b0,0,,good
mvtec_9da78c2a78e266e3,0,,good
mvtec_0a0aa260d336a545,0,,good
mvtec_ed6523d1dcebcb01,0,,good
mvtec_7040fe4059aaa42f,0,,good
mvtec_7c72cec7c79468e0,0,,good
mvtec_617ed800a2f39b20,0,,good
mvtec_8267ad0b788673b4,0,,good
mvtec_6452bf1cb3b5b802,0,,good
mvtec_deecdd1dca2bd56d,0,,good
mvtec_d26cb891a7409438,0,,good
mvtec_18f55f84229f1c0e,0,,good
mvtec_2e799dd32e0b4966,0,,good
mvtec_2b53e0e047dff23a,0,,good
mvtec_74fdddd01a4a587c,0,,good
mvtec_fe5dc8abc488bfb3,0,,good
mvtec_3996453328239064,0,,good
mvtec_01617daba048ddd9,0,,good
mvtec_c402d2a4844fd560,0,,good
mvtec_102c84723e2b7f40,0,,good
mvtec_ee1a4d3965bcde55,0,,good
mvtec_0457367609ee0eae,0,,good
mvtec_1725ceaadcf832a0,0,,good
mvtec_801d30b5ee33cf17,0,,good
mvtec_1c422d259b6a7eac,0,,good
mvtec_9a8d37784863df30,0,,good
mvtec_edbd5dbfd60d73d9,0,,good
mvtec_203108e863003fdf,0,,good
mvtec_6962d419f6eea415,0,,good
mvtec_ee012d18823b6695,0,,good
mvtec_170b98c26bb15da7,0,,good
mvtec_74e25ddd1ac86f81,0,,good
mvtec_d2e6c5b2d1a78922,0,,good
mvtec_63cb86e17d7638d9,0,,good
mvtec_19c0e40bd306182d,0,,good
mvtec_869eccd32a516caa,0,,good
mvtec_1a7f9de96fa7ef6a,0,,good
mvtec_b45a3843b06ca2a1,0,,good
mvtec_1fd50540632246e7,0,,good
mvtec_8a652c484e57968c,0,,good
mvtec_fb55614501f9f255,0,,good
mvtec_0a5391ccd44413c1,0,,good
mvtec_47ebad8aefdbe962,0,,good
mvtec_d26eeae2f10df949,0,,good
mvtec_6572f12eb9501ebf,0,,good
mvtec_c81c408327740e02,0,,good
mvtec_8a19ad77ed423f42,0,,good
mvtec_46279e5aeffe111d,0,,good
mvtec_7d7a769effe5ebcb,0,,good
mvtec_9709cb7fc9043a8d,0,,good
mvtec_e8bb3ab3b321623f,0,,good
mvtec_c2bb049fa69725f7,0,,good
mvtec_4287fdd88bc8f432,0,,good
mvtec_53db72e6e43e4515,0,,good
mvtec_b4d9707ecc8d446c,0,,good
mvtec_39166b89f4dc5cf8,0,,good
mvtec_a97b96dc57d13491,0,,good
mvtec_5655d360255a3eec,0,,good
mvtec_edb2c141df4e8702,0,,good
mvtec_3fb81f599f36ee6a,0,,good
mvtec_3a4d35d41b7ff07e,0,,good
mvtec_568d6a83f59922fe,0,,good
mvtec_1659898caaee081f,0,,good
mvtec_fa9db4c6cb0f6b16,0,,good
mvtec_7f36809248e27e4c,0,,good
mvtec_e773b9f5123dc80f,0,,good
mvtec_4b87867d54c022fa,0,,good
mvtec_476a664f29ede103,0,,good
mvtec_f994eb33f0be833d,0,,good
mvtec_15cd7a25c13f468c,0,,good
mvtec_2274a1fffef567b3,0,,good
mvtec_342b851cf968198b,0,,good
mvtec_6ead0a9374dd0af1,0,,good
mvtec_6663e035ed5a4386,0,,good
mvtec_e1b04028bb08ebf3,0,,good
mvtec_4b74d2e760c5a694,0,,good
mvtec_867fbed7e1a6448d,0,,good
mvtec_329be82598facd42,0,,good
mvtec_4e9bf683223c9cf9,0,,good
mvtec_ffe1617470319fc9,0,,good
mvtec_636a5f11d3e91c01,0,,good
mvtec_b8fcac805da0cd81,0,,good
mvtec_152e19f5d5b96123,0,,good
mvtec_4af18e6e1326b0b9,0,,good
mvtec_f34097127ed78f5b,0,,good
mvtec_6aad195a106dfd89,0,,good
mvtec_57a777ee9a1fbd42,0,,good
mvtec_01bae47ab75a0422,0,,good
mvtec_7f4ef8db9867d9d7,0,,good
mvtec_b95ef9b28e793a84,0,,good
mvtec_3b4605fbc3e34b6d,0,,good
mvtec_3abb42eeeff1a948,0,,good
mvtec_fc2fa727349c17f1,0,,good
mvtec_dfff145934b35b67,0,,good
mvtec_57e06f23d60f1635,0,,good
mvtec_ce866b2730da0890,0,,good
mvtec_9ddaffc371e2ff64,0,,good
mvtec_0c8a90f2290d9469,0,,good
mvtec_09d46b712612908c,0,,good
mvtec_40b07cd140598d9f,0,,good
mvtec_899556036f4beb89,0,,good
mvtec_3a23db5f3239d4a0,0,,good
mvtec_3f1b957cdf229be8,0,,good
mvtec_bfa1f19408f64026,0,,good
mvtec_226e68b0e529b3c0,0,,good
mvtec_2c9bf61dd0417fe1,0,,good
mvtec_d30d59a21b34b5f1,0,,good
mvtec_64242d00ee7e3ade,0,,good
mvtec_ecfce79430d1ec56,0,,good
mvtec_76eaff38dc7c8af9,0,,good
mvtec_57ca053685494487,0,,good
mvtec_21f447528679a509,0,,good
mvtec_9a093fdb8045ee83,0,,good
mvtec_b32007bd44684a5a,0,,good
mvtec_4e4957017daf9e08,0,,good
mvtec_dedd83153f36ca81,0,,good
mvtec_f9513d631148fb0f,0,,good
mvtec_35d9bc92a0033a1c,0,,good
mvtec_2f7f6231e9da9ed5,0,,good
mvtec_3dfd96d5a1f6d516,0,,good
mvtec_846d1b7e8e65fad7,0,,good
mvtec_f5fc3e2f72d48f9d,0,,good
mvtec_59c508416c3fe13b,0,,good
mvtec_85b282748e29b69e,0,,good
mvtec_821b3b63dfad430f,0,,good
mvtec_419e989cbd36afe9,0,,good
mvtec_ac25053ae78ba1ec,0,,good
mvtec_0707c90202cd7ede,0,,good
mvtec_ab25eacb05662d67,0,,good
mvtec_aae0a26978c2e81d,0,,good
mvtec_9ccbfbf0d71ad228,0,,good
mvtec_c1eb1c02a8432d42,0,,good
mvtec_5a79dea7e93d8777,0,,good
mvtec_43657eac0715d4dc,0,,good
mvtec_e9857e176109ff73,0,,good
mvtec_7750d208db30ccc3,0,,good
mvtec_a0ec0653241b548d,0,,good
mvtec_fce35420ef256359,0,,good
mvtec_96c2f4822f827788,0,,good
mvtec_63c3d481c531b9d6,0,,good
mvtec_bf4252089d5cb973,0,,good
mvtec_2132ff9533bca095,0,,good
mvtec_2c0c7b279130033e,0,,good
mvtec_7221b802c5aed994,0,,good
mvtec_3e74bb9c31ff3173,0,,good
mvtec_69d5f4d4c8b73997,0,,good
mvtec_714045d0d3ec18a6,0,,good
mvtec_5a8294d013c11a19,0,,good
mvtec_bdb04bb3e805b5f5,0,,good
mvtec_f89454e9b0652dc3,0,,good
mvtec_73c03e572a505b7c,0,,good
mvtec_74dfe31c672f33b4,0,,good
mvtec_38dd13b34a8bc8f4,0,,good
mvtec_e0b9b2ed752f9cc1,0,,good
mvtec_ced704cb00cd86d1,0,,good
mvtec_82c14db9050a768d,0,,good
mvtec_5f443a1cc1252ffc,0,,good
mvtec_7acec90946c0ed32,0,,good
mvtec_17445006566724f9,0,,good
mvtec_c5b99f3171a5e124,0,,good
mvtec_09d29f777e59f157,0,,good
mvtec_551c7505c8f44ca9,0,,good
mvtec_c462f73326b1d77d,0,,good
mvtec_af7e2817ee1ea410,0,,good
mvtec_9d16d59bebf450e6,0,,good
mvtec_0022e2c53656ca2f,0,,good
mvtec_15af274b1d1ee096,0,,good
mvtec_346c34b33ff05fd9,0,,good
mvtec_14d82d53ff458fc4,0,,good
mvtec_157b19a6c511a105,0,,good
mvtec_bbf0e22b17c6c508,0,,good
mvtec_fa05d92434f3fe24,0,,good
mvtec_0f902fb1ac0b3c0d,0,,good
mvtec_d73efeea8877e6af,0,,good
mvtec_7a336ae41be96b18,0,,good
mvtec_0dfa345de1c0bb11,0,,good
mvtec_56595f25d50a36c1,0,,good
mvtec_504369d3502b6014,0,,good
mvtec_98be5efa6583a244,0,,good
mvtec_4e119a1bf44319a4,0,,good
mvtec_ad1a688872478ee3,0,,good
mvtec_1f17bcb14d587448,0,,good
mvtec_5ef075f38bbbc1de,0,,good
mvtec_79982dddd361caed,0,,good
mvtec_5a4d2024121e312b,0,,good
mvtec_eaf9a395c1ad7a7e,0,,good
mvtec_2a333b3d411339f0,0,,good
mvtec_e94671592545e01f,0,,good
mvtec_f3272f5031b4c34f,0,,good
mvtec_b5a7533e85a00a94,0,,good
mvtec_f8b3882e57bc56d8,0,,good
mvtec_b816604b83521e75,0,,good
mvtec_36d11dd560241a39,0,,good
mvtec_d1411e5d0c451c86,0,,good
mvtec_022d2b67a16bc6b7,0,,good
mvtec_c34a40ac0f2b3883,0,,good
mvtec_7dbbada0dd02c8fb,0,,good
mvtec_a2c9eae119d88b1c,0,,good
mvtec_b4903079e748ac55,0,,good
mvtec_91760798b94551c7,0,,good
mvtec_be4c717b195f13eb,0,,good
mvtec_2c06a90e0a52e43d,0,,good
mvtec_03cbaabc544ae777,0,,good
mvtec_416abe3269301f7c,0,,good
mvtec_569c923c582eabf4,0,,good
mvtec_15fda9611ddc9260,0,,good
mvtec_6e571a281d865724,0,,good
mvtec_cbbddd6d7775a212,0,,good
mvtec_3c06538618146370,0,,good
mvtec_a1004d3f4d3a7617,0,,good
mvtec_74f2e2b50039dfa1,0,,good
mvtec_1046d5652b692f91,0,,good
mvtec_728f47d948087222,1,/data/gauss/ldh/myDatasets/mvtec_anomaly_detection/zipper/ground_truth/broken_teeth/000_mask.png,broken_teeth
mvtec_3447b7638f695cc7,1,/data/gauss/ldh/myDatasets/mvtec_anomaly_detection/zipper/ground_truth/broken_teeth/001_mask.png,broken_teeth
mvtec_da47292c1dd86aaa,1,/data/gauss/ldh/myDatasets/mvtec_anomaly_detection/zipper/ground_truth/broken_teeth/002_mask.png,broken_teeth
mvtec_3be6c2e8145c0132,1,/data/gauss/ldh/myDatasets/mvtec_anomaly_detection/zipper/ground_truth/broken_teeth/003_mask.png,broken_teeth
mvtec_96b7715e8b0ac47f,1,/data/gauss/ldh/myDatasets/mvtec_anomaly_detection/zipper/ground_truth/broken_teeth/004_mask.png,broken_teeth
mvtec_9a0565d447ccb9ea,1,/data/gauss/ldh/myDatasets/mvtec_anomaly_detection/zipper/ground_truth/broken_teeth/005_mask.png,broken_teeth
mvtec_90d111efa26ec02b,1,/data/gauss/ldh/myDatasets/mvtec_anomaly_detection/zipper/ground_truth/broken_teeth/006_mask.png,broken_teeth
mvtec_1a8c6a2a7b657017,1,/data/gauss/ldh/myDatasets/mvtec_anomaly_detection/zipper/ground_truth/broken_teeth/007_mask.png,broken_teeth
mvtec_30691f4ad4aca39e,1,/data/gauss/ldh/myDatasets/mvtec_anomaly_detection/zipper/ground_truth/broken_teeth/008_mask.png,broken_teeth
mvtec_55c096a8ee7b0682,1,/data/gauss/ldh/myDatasets/mvtec_anomaly_detection/zipper/ground_truth/broken_teeth/009_mask.png,broken_teeth
mvtec_b5df89f49c09619e,1,/data/gauss/ldh/myDatasets/mvtec_anomaly_detection/zipper/ground_truth/broken_teeth/010_mask.png,broken_teeth
mvtec_c0c43c6c366779ea,1,/data/gauss/ldh/myDatasets/mvtec_anomaly_detection/zipper/ground_truth/broken_teeth/011_mask.png,broken_teeth
mvtec_c9c108d4739e1865,1,/data/gauss/ldh/myDatasets/mvtec_anomaly_detection/zipper/ground_truth/broken_teeth/012_mask.png,broken_teeth
mvtec_d222f33b89ab13ed,1,/data/gauss/ldh/myDatasets/mvtec_anomaly_detection/zipper/ground_truth/broken_teeth/013_mask.png,broken_teeth
mvtec_b51d263dde672615,1,/data/gauss/ldh/myDatasets/mvtec_anomaly_detection/zipper/ground_truth/broken_teeth/014_mask.png,broken_teeth
mvtec_62c3b1320821cf75,1,/data/gauss/ldh/myDatasets/mvtec_anomaly_detection/zipper/ground_truth/broken_teeth/015_mask.png,broken_teeth
mvtec_4475f287217a67a5,1,/data/gauss/ldh/myDatasets/mvtec_anomaly_detection/zipper/ground_truth/broken_teeth/016_mask.png,broken_teeth
mvtec_1607520d53d7c8f7,1,/data/gauss/ldh/myDatasets/mvtec_anomaly_detection/zipper/ground_truth/broken_teeth/017_mask.png,broken_teeth
mvtec_5b5946323558d46e,1,/data/gauss/ldh/myDatasets/mvtec_anomaly_detection/zipper/ground_truth/broken_teeth/018_mask.png,broken_teeth
mvtec_0eb49bf049757cf7,1,/data/gauss/ldh/myDatasets/mvtec_anomaly_detection/zipper/ground_truth/combined/000_mask.png,combined
mvtec_081646b94376d851,1,/data/gauss/ldh/myDatasets/mvtec_anomaly_detection/zipper/ground_truth/combined/001_mask.png,combined
mvtec_724f7811cb8bbe5f,1,/data/gauss/ldh/myDatasets/mvtec_anomaly_detection/zipper/ground_truth/combined/002_mask.png,combined
mvtec_2ef66783d2cb5629,1,/data/gauss/ldh/myDatasets/mvtec_anomaly_detection/zipper/ground_truth/combined/003_mask.png,combined
mvtec_98a3b65d23b64880,1,/data/gauss/ldh/myDatasets/mvtec_anomaly_detection/zipper/ground_truth/combined/004_mask.png,combined
mvtec_aa5944f58e74e547,1,/data/gauss/ldh/myDatasets/mvtec_anomaly_detection/zipper/ground_truth/combined/005_mask.png,combined
mvtec_a57947bed696dac0,1,/data/gauss/ldh/myDatasets/mvtec_anomaly_detection/zipper/ground_truth/combined/006_mask.png,combined
mvtec_cb23e3a9529ac8a1,1,/data/gauss/ldh/myDatasets/mvtec_anomaly_detection/zipper/ground_truth/combined/007_mask.png,combined
mvtec_5ce8170dbf59f3d0,1,/data/gauss/ldh/myDatasets/mvtec_anomaly_detection/zipper/ground_truth/combined/008_mask.png,combined
mvtec_c9a3f1e0e3807f3e,1,/data/gauss/ldh/myDatasets/mvtec_anomaly_detection/zipper/ground_truth/combined/009_mask.png,combined
mvtec_0f4e87e55ae30e2f,1,/data/gauss/ldh/myDatasets/mvtec_anomaly_detection/zipper/ground_truth/combined/010_mask.png,combined
mvtec_5da17c6cfd0d15eb,1,/data/gauss/ldh/myDatasets/mvtec_anomaly_detection/zipper/ground_truth/combined/011_mask.png,combined
mvtec_24f0b27e23aa1e02,1,/data/gauss/ldh/myDatasets/mvtec_anomaly_detection/zipper/ground_truth/combined/012_mask.png,combined
mvtec_0b64db7cad063a1c,1,/data/gauss/ldh/myDatasets/mvtec_anomaly_detection/zipper/ground_truth/combined/013_mask.png,combined
mvtec_15a7b016355e5010,1,/data/gauss/ldh/myDatasets/mvtec_anomaly_detection/zipper/ground_truth/combined/014_mask.png,combined
mvtec_a46f97c56cdf4454,1,/data/gauss/ldh/myDatasets/mvtec_anomaly_detection/zipper/ground_truth/combined/015_mask.png,combined
mvtec_69e4767cd5bf30e0,1,/data/gauss/ldh/myDatasets/mvtec_anomaly_detection/zipper/ground_truth/fabric_border/000_mask.png,fabric_border
mvtec_f3b4b49cabecf63d,1,/data/gauss/ldh/myDatasets/mvtec_anomaly_detection/zipper/ground_truth/fabric_border/001_mask.png,fabric_border
mvtec_d0755b62aa4654dc,1,/data/gauss/ldh/myDatasets/mvtec_anomaly_detection/zipper/ground_truth/fabric_border/002_mask.png,fabric_border
mvtec_7002813b1dc5c536,1,/data/gauss/ldh/myDatasets/mvtec_anomaly_detection/zipper/ground_truth/fabric_border/003_mask.png,fabric_border
mvtec_b82f5f64999a5a7e,1,/data/gauss/ldh/myDatasets/mvtec_anomaly_detection/zipper/ground_truth/fabric_border/004_mask.png,fabric_border
mvtec_9975c3a31872e22f,1,/data/gauss/ldh/myDatasets/mvtec_anomaly_detection/zipper/ground_truth/fabric_border/005_mask.png,fabric_border
mvtec_f60f1a7b7b6b74cc,1,/data/gauss/ldh/myDatasets/mvtec_anomaly_detection/zipper/ground_truth/fabric_border/006_mask.png,fabric_border
mvtec_2df669abece847c4,1,/data/gauss/ldh/myDatasets/mvtec_anomaly_detection/zipper/ground_truth/fabric_border/007_mask.png,fabric_border
mvtec_eeb15570f50b6d74,1,/data/gauss/ldh/myDatasets/mvtec_anomaly_detection/zipper/ground_truth/fabric_border/008_mask.png,fabric_border
mvtec_e74460bf0039db67,1,/data/gauss/ldh/myDatasets/mvtec_anomaly_detection/zipper/ground_truth/fabric_border/009_mask.png,fabric_border
mvtec_e2bbc6b508f2daa6,1,/data/gauss/ldh/myDatasets/mvtec_anomaly_detection/zipper/ground_truth/fabric_border/010_mask.png,fabric_border
mvtec_65e233c0982686e6,1,/data/gauss/ldh/myDatasets/mvtec_anomaly_detection/zipper/ground_truth/fabric_border/011_mask.png,fabric_border
mvtec_c9091800c0c800b2,1,/data/gauss/ldh/myDatasets/mvtec_anomaly_detection/zipper/ground_truth/fabric_border/012_mask.png,fabric_border
mvtec_5231c0956e2d2df9,1,/data/gauss/ldh/myDatasets/mvtec_anomaly_detection/zipper/ground_truth/fabric_border/013_mask.png,fabric_border
mvtec_4eb1c2fc058f58ea,1,/data/gauss/ldh/myDatasets/mvtec_anomaly_detection/zipper/ground_truth/fabric_border/014_mask.png,fabric_border
mvtec_cca5938254ef6fb3,1,/data/gauss/ldh/myDatasets/mvtec_anomaly_detection/zipper/ground_truth/fabric_border/015_mask.png,fabric_border
mvtec_2330b158d97e5ff9,1,/data/gauss/ldh/myDatasets/mvtec_anomaly_detection/zipper/ground_truth/fabric_border/016_mask.png,fabric_border
mvtec_01b17156ef561d81,1,/data/gauss/ldh/myDatasets/mvtec_anomaly_detection/zipper/ground_truth/fabric_interior/000_mask.png,fabric_interior
mvtec_a67fa1ba67367e92,1,/data/gauss/ldh/myDatasets/mvtec_anomaly_detection/zipper/ground_truth/fabric_interior/001_mask.png,fabric_interior
mvtec_b24d4d61b7e01087,1,/data/gauss/ldh/myDatasets/mvtec_anomaly_detection/zipper/ground_truth/fabric_interior/002_mask.png,fabric_interior
mvtec_e99fedfa69578ccf,1,/data/gauss/ldh/myDatasets/mvtec_anomaly_detection/zipper/ground_truth/fabric_interior/003_mask.png,fabric_interior
mvtec_25301e2a3f01bb78,1,/data/gauss/ldh/myDatasets/mvtec_anomaly_detection/zipper/ground_truth/fabric_interior/004_mask.png,fabric_interior
mvtec_ba7109b4d8f84e01,1,/data/gauss/ldh/myDatasets/mvtec_anomaly_detection/zipper/ground_truth/fabric_interior/005_mask.png,fabric_interior
mvtec_47ec7456c86b49dc,1,/data/gauss/ldh/myDatasets/mvtec_anomaly_detection/zipper/ground_truth/fabric_interior/006_mask.png,fabric_interior
mvtec_5af9f18de31da01b,1,/data/gauss/ldh/myDatasets/mvtec_anomaly_detection/zipper/ground_truth/fabric_interior/007_mask.png,fabric_interior
mvtec_aef87962dd532084,1,/data/gauss/ldh/myDatasets/mvtec_anomaly_detection/zipper/ground_truth/fabric_interior/008_mask.png,fabric_interior
mvtec_e5a26db619d10ab0,1,/data/gauss/ldh/myDatasets/mvtec_anomaly_detection/zipper/ground_truth/fabric_interior/009_mask.png,fabric_interior
mvtec_d5ded06b2e2966fb,1,/data/gauss/ldh/myDatasets/mvtec_anomaly_detection/zipper/ground_truth/fabric_interior/010_mask.png,fabric_interior
mvtec_cc2aee3cfa266b6c,1,/data/gauss/ldh/myDatasets/mvtec_anomaly_detection/zipper/ground_truth/fabric_interior/011_mask.png,fabric_interior
mvtec_96831a1170bbefb2,1,/data/gauss/ldh/myDatasets/mvtec_anomaly_detection/zipper/ground_truth/fabric_interior/012_mask.png,fabric_interior
mvtec_6141e3b4ee8bf289,1,/data/gauss/ldh/myDatasets/mvtec_anomaly_detection/zipper/ground_truth/fabric_interior/013_mask.png,fabric_interior
mvtec_77096b614536c355,1,/data/gauss/ldh/myDatasets/mvtec_anomaly_detection/zipper/ground_truth/fabric_interior/014_mask.png,fabric_interior
mvtec_f6c45980f71d655c,1,/data/gauss/ldh/myDatasets/mvtec_anomaly_detection/zipper/ground_truth/fabric_interior/015_mask.png,fabric_interior
mvtec_f231aac642d00115,1,/data/gauss/ldh/myDatasets/mvtec_anomaly_detection/zipper/ground_truth/rough/000_mask.png,rough
mvtec_791a6ddff091db3b,1,/data/gauss/ldh/myDatasets/mvtec_anomaly_detection/zipper/ground_truth/rough/001_mask.png,rough
mvtec_d58c5e49c1b271d3,1,/data/gauss/ldh/myDatasets/mvtec_anomaly_detection/zipper/ground_truth/rough/002_mask.png,rough
mvtec_a9a698c0b9784e7c,1,/data/gauss/ldh/myDatasets/mvtec_anomaly_detection/zipper/ground_truth/rough/003_mask.png,rough
mvtec_3d860d209d2537ee,1,/data/gauss/ldh/myDatasets/mvtec_anomaly_detection/zipper/ground_truth/rough/004_mask.png,rough
mvtec_63eb85fe06b59ce2,1,/data/gauss/ldh/myDatasets/mvtec_anomaly_detection/zipper/ground_truth/rough/005_mask.png,rough
mvtec_cd82aa589a3170a1,1,/data/gauss/ldh/myDatasets/mvtec_anomaly_detection/zipper/ground_truth/rough/006_mask.png,rough
mvtec_442244aad3e137c3,1,/data/gauss/ldh/myDatasets/mvtec_anomaly_detection/zipper/ground_truth/rough/007_mask.png,rough
mvtec_867315def398f18e,1,/data/gauss/ldh/myDatasets/mvtec_anomaly_detection/zipper/ground_truth/rough/008_mask.png,rough
mvtec_c93b397853f528c1,1,/data/gauss/ldh/myDatasets/mvtec_anomaly_detection/zipper/ground_truth/rough/009_mask.png,rough
mvtec_0916dc76cd578130,1,/data/gauss/ldh/myDatasets/mvtec_anomaly_detection/zipper/ground_truth/rough/010_mask.png,rough
mvtec_11933755b689a881,1,/data/gauss/ldh/myDatasets/mvtec_anomaly_detection/zipper/ground_truth/rough/011_mask.png,rough
mvtec_38a4d98876e1ef84,1,/data/gauss/ldh/myDatasets/mvtec_anomaly_detection/zipper/ground_truth/rough/012_mask.png,rough
mvtec_7257d0aa39b9e1d4,1,/data/gauss/ldh/myDatasets/mvtec_anomaly_detection/zipper/ground_truth/rough/013_mask.png,rough
mvtec_51a11abdb6d4a6a8,1,/data/gauss/ldh/myDatasets/mvtec_anomaly_detection/zipper/ground_truth/rough/014_mask.png,rough
mvtec_25309eba975724c9,1,/data/gauss/ldh/myDatasets/mvtec_anomaly_detection/zipper/ground_truth/rough/015_mask.png,rough
mvtec_c0c9ea1b10d89100,1,/data/gauss/ldh/myDatasets/mvtec_anomaly_detection/zipper/ground_truth/rough/016_mask.png,rough
mvtec_5948a36171b0ebca,1,/data/gauss/ldh/myDatasets/mvtec_anomaly_detection/zipper/ground_truth/split_teeth/000_mask.png,split_teeth
mvtec_6ad8a7b070d74152,1,/data/gauss/ldh/myDatasets/mvtec_anomaly_detection/zipper/ground_truth/split_teeth/001_mask.png,split_teeth
mvtec_9b94a5955ac07f1a,1,/data/gauss/ldh/myDatasets/mvtec_anomaly_detection/zipper/ground_truth/split_teeth/002_mask.png,split_teeth
mvtec_6f7edd6d0f5769e4,1,/data/gauss/ldh/myDatasets/mvtec_anomaly_detection/zipper/ground_truth/split_teeth/003_mask.png,split_teeth
mvtec_e3a267a31a7a4644,1,/data/gauss/ldh/myDatasets/mvtec_anomaly_detection/zipper/ground_truth/split_teeth/004_mask.png,split_teeth
mvtec_612b6270ff5953e0,1,/data/gauss/ldh/myDatasets/mvtec_anomaly_detection/zipper/ground_truth/split_teeth/005_mask.png,split_teeth
mvtec_a1c4d9916b0a7a60,1,/data/gauss/ldh/myDatasets/mvtec_anomaly_detection/zipper/ground_truth/split_teeth/006_mask.png,split_teeth
mvtec_9ad40e9331198ba0,1,/data/gauss/ldh/myDatasets/mvtec_anomaly_detection/zipper/ground_truth/split_teeth/007_mask.png,split_teeth
mvtec_49110bf652064dd8,1,/data/gauss/ldh/myDatasets/mvtec_anomaly_detection/zipper/ground_truth/split_teeth/008_mask.png,split_teeth
mvtec_f61cc157f0001cc5,1,/data/gauss/ldh/myDatasets/mvtec_anomaly_detection/zipper/ground_truth/split_teeth/009_mask.png,split_teeth
mvtec_11bc1dd6bda17a9e,1,/data/gauss/ldh/myDatasets/mvtec_anomaly_detection/zipper/ground_truth/split_teeth/010_mask.png,split_teeth
mvtec_3d742303173c2181,1,/data/gauss/ldh/myDatasets/mvtec_anomaly_detection/zipper/ground_truth/split_teeth/011_mask.png,split_teeth
mvtec_cdd00cae6d1cab70,1,/data/gauss/ldh/myDatasets/mvtec_anomaly_detection/zipper/ground_truth/split_teeth/012_mask.png,split_teeth
mvtec_84fad4e7a2b4d42e,1,/data/gauss/ldh/myDatasets/mvtec_anomaly_detection/zipper/ground_truth/split_teeth/013_mask.png,split_teeth
mvtec_95c50ac724981c5b,1,/data/gauss/ldh/myDatasets/mvtec_anomaly_detection/zipper/ground_truth/split_teeth/014_mask.png,split_teeth
mvtec_f961d4b0820865f0,1,/data/gauss/ldh/myDatasets/mvtec_anomaly_detection/zipper/ground_truth/split_teeth/015_mask.png,split_teeth
mvtec_a5816eb4bf0b4a1f,1,/data/gauss/ldh/myDatasets/mvtec_anomaly_detection/zipper/ground_truth/split_teeth/016_mask.png,split_teeth
mvtec_3e29d60661564fe7,1,/data/gauss/ldh/myDatasets/mvtec_anomaly_detection/zipper/ground_truth/split_teeth/017_mask.png,split_teeth
mvtec_9ef18df8425c0a05,1,/data/gauss/ldh/myDatasets/mvtec_anomaly_detection/zipper/ground_truth/squeezed_teeth/000_mask.png,squeezed_teeth
mvtec_914ffe9dcef011bc,1,/data/gauss/ldh/myDatasets/mvtec_anomaly_detection/zipper/ground_truth/squeezed_teeth/001_mask.png,squeezed_teeth
mvtec_9c672f8831fc851f,1,/data/gauss/ldh/myDatasets/mvtec_anomaly_detection/zipper/ground_truth/squeezed_teeth/002_mask.png,squeezed_teeth
mvtec_84122edaf2006fd9,1,/data/gauss/ldh/myDatasets/mvtec_anomaly_detection/zipper/ground_truth/squeezed_teeth/003_mask.png,squeezed_teeth
mvtec_ad3ef5a8a2b70578,1,/data/gauss/ldh/myDatasets/mvtec_anomaly_detection/zipper/ground_truth/squeezed_teeth/004_mask.png,squeezed_teeth
mvtec_f62a07fc0d13520e,1,/data/gauss/ldh/myDatasets/mvtec_anomaly_detection/zipper/ground_truth/squeezed_teeth/005_mask.png,squeezed_teeth
mvtec_e9bdee244a30c517,1,/data/gauss/ldh/myDatasets/mvtec_anomaly_detection/zipper/ground_truth/squeezed_teeth/006_mask.png,squeezed_teeth
mvtec_dc88bf63d384dd97,1,/data/gauss/ldh/myDatasets/mvtec_anomaly_detection/zipper/ground_truth/squeezed_teeth/007_mask.png,squeezed_teeth
mvtec_cb60e0a81fd22710,1,/data/gauss/ldh/myDatasets/mvtec_anomaly_detection/zipper/ground_truth/squeezed_teeth/008_mask.png,squeezed_teeth
mvtec_d9267bf4df5c943b,1,/data/gauss/ldh/myDatasets/mvtec_anomaly_detection/zipper/ground_truth/squeezed_teeth/009_mask.png,squeezed_teeth
mvtec_521e7f102019079d,1,/data/gauss/ldh/myDatasets/mvtec_anomaly_detection/zipper/ground_truth/squeezed_teeth/010_mask.png,squeezed_teeth
mvtec_9e10209fe3bd36c9,1,/data/gauss/ldh/myDatasets/mvtec_anomaly_detection/zipper/ground_truth/squeezed_teeth/011_mask.png,squeezed_teeth
mvtec_f52994d0cc0b32ea,1,/data/gauss/ldh/myDatasets/mvtec_anomaly_detection/zipper/ground_truth/squeezed_teeth/012_mask.png,squeezed_teeth
mvtec_983b3f97bde081b7,1,/data/gauss/ldh/myDatasets/mvtec_anomaly_detection/zipper/ground_truth/squeezed_teeth/013_mask.png,squeezed_teeth
mvtec_e47e2e6ad9e48786,1,/data/gauss/ldh/myDatasets/mvtec_anomaly_detection/zipper/ground_truth/squeezed_teeth/014_mask.png,squeezed_teeth
mvtec_af8f8cc3aeb59666,1,/data/gauss/ldh/myDatasets/mvtec_anomaly_detection/zipper/ground_truth/squeezed_teeth/015_mask.png,squeezed_teeth
