image_id,label,mask_path,defect_type
visa_6e189c3c17482130,0,,good
visa_8e77ba31e03736d8,0,,good
visa_f9d6800c8b92d2ff,0,,good
visa_ae135399c852519c,0,,good
visa_59e038d3a8e937f3,0,,good
visa_7aaa09fff7e24012,0,,good
visa_120e3d25876be79c,0,,good
visa_ef067f838848e371,0,,good
visa_66ad0d62c8b07b65,0,,good
visa_082a118fdc1d6e81,0,,good
visa_418042466a27a59e,0,,good
visa_aba623cbd8ccf935,0,,good
visa_0eedea20a8d613df,0,,good
visa_c4ae866bfc9c0318,0,,good
visa_fbed01268b36c78c,0,,good
visa_5d8754774643f53f,0,,good
visa_53e027d6e3c45e4b,0,,good
visa_d4bbb9e7f0f624f9,0,,good
visa_5e59bcfa5cc5202a,0,,good
visa_a54ff32309a74b3b,0,,good
visa_02a8eda44c2624bf,0,,good
visa_223d32a97186e77c,0,,good
visa_1c8a605660a96928,0,,good
visa_2594b9e6317b91c2,0,,good
visa_7604cd73b622d6f1,0,,good
visa_9951b809bb329bb1,0,,good
visa_a6eb0354607d5c64,0,,good
visa_1a334d9895ae6131,0,,good
visa_40dcde42175ad0c3,0,,good
visa_b611ef8041f3df6f,0,,good
visa_f8cd69e9b28a640b,0,,good
visa_c3c4b0b5137f9ef1,0,,good
visa_f9b8fca8f59be0b6,0,,good
visa_9779d7007b6ff3f3,0,,good
visa_8c42558742e76b5e,0,,good
visa_d77f00c780bc6c97,0,,good
visa_d85dafe1d6d3452e,0,,good
visa_a79bff57e0f242a6,0,,good
visa_e574d347bdadb30a,0,,good
visa_63d3332f1287295b,0,,good
visa_93e6d511af56cb1d,0,,good
visa_4aee97c987b88fe0,0,,good
visa_c0980ea90b86f50b,0,,good
visa_499d2fef3972100b,0,,good
visa_66587978d96e8da0,0,,good
visa_67deaa2865827c68,0,,good
visa_d6c8856c51dffd02,0,,good
visa_1327d2616a2615c4,0,,good
visa_7ac62a62a223f0b2,0,,good
visa_6a2fc443efaed87e,0,,good
visa_7a72adb0b87d53e0,0,,good
visa_5b3c846005a9e8c4,0,,good
visa_4aa33e4efa1b6ce8,0,,good
visa_4338807e3c1a7eb6,0,,good
visa_d96e6294827005b4,0,,good
visa_573df491ef2ef76a,0,,good
visa_cae082d737ea3229,0,,good
visa_c7d056d0b3b7698d,0,,good
visa_a794a5bf47e63ced,0,,good
visa_2cce5fed391d76fe,0,,good
visa_c7c09d052ff4f2ad,0,,good
visa_d2d936a3fbabe311,0,,good
visa_4a2d7d52bd5b4592,0,,good
visa_6a878851862ca1bc,0,,good
visa_228eda90f5dc7f76,0,,good
visa_6b16f86fe39c6cf4,0,,good
visa_8e0747eba050f183,0,,good
visa_efd09b23e10d857a,0,,good
visa_e2af44775871abb3,0,,good
visa_da657c2a76beac5f,0,,good
visa_ba0e7f89084601c7,0,,good
visa_c0dedd17d0e349bd,0,,good
visa_2220620271868611,0,,good
visa_ace1d3890281f3eb,0,,good
visa_5f659b6bc0418a8a,0,,good
visa_1a63acf5c3ebedf7,0,,good
visa_8557f31e7370b164,0,,good
visa_967fc8f5578570d7,0,,good
visa_93f92b21ed4cef8d,0,,good
visa_cecddf38f051431f,0,,good
visa_1ec92c2053d83927,0,,good
visa_e3d6464336ba8bda,0,,good
visa_40e2a3f2a2665db9,0,,good
visa_f2b06ea0f50d2d57,0,,good
visa_43f28279cc37f7e0,0,,good
visa_9f112cffdc249a64,0,,good
visa_1b6138db554b66f7,0,,good
visa_ed4357fb64560e64,0,,good
visa_dc5639a5e0591d69,0,,good
visa_8c7dc708bb400355,0,,good
visa_b8f15e009da1d3df,0,,good
visa_096eefeea903b3db,0,,good
visa_6419ba72c5fc0cdb,0,,good
visa_3f80f2aa499e1b31,0,,good
visa_54dc3ac728fb0223,0,,good
visa_816c6b01d92d9492,0,,good
visa_14f3a0c2869b6c88,0,,good
visa_f0d28305458e0e40,0,,good
visa_af6a243d6e6178e3,0,,good
visa_eb6b5cfaa606d2d9,0,,good
visa_7ab7d8c9fcde9967,0,,good
visa_e2219dbdb30ac328,0,,good
visa_6fb4a1df727d63f1,0,,good
visa_e434dcd33b8e71af,0,,good
visa_e5b3e29c54168463,0,,good
visa_29f1a72667ab56e1,0,,good
visa_7493ceb5bed0132c,0,,good
visa_a4bba60a9733ab86,0,,good
visa_5db233ffcbde31a6,0,,good
visa_d0e623336d0a7ef6,0,,good
visa_572a4549239ac06b,0,,good
visa_19da89ffe9d465be,0,,good
visa_07604450aff72ace,0,,good
visa_8f9215047113fa88,0,,good
visa_807ee19cae60fc11,0,,good
visa_e63db6df216b6fda,0,,good
visa_afd4dc1a9e36fa24,0,,good
visa_f96bd9e80354dbe7,0,,good
visa_a948ec5ad3605a93,0,,good
visa_f8fd104645993cc5,0,,good
visa_a729b88db42d08b6,0,,good
visa_b0a0d41581d0e6c6,0,,good
visa_4ab3528438b38e9a,0,,good
visa_e608d9f179828acb,0,,good
visa_2ab7c386f00dfeee,0,,good
visa_0d367669d351b862,0,,good
visa_48b1f0eca1afe860,0,,good
visa_f032f300429e069b,0,,good
visa_788c3c3582a7770b,0,,good
visa_b78e07c172efcb41,0,,good
visa_e6a3ddd444c37899,0,,good
visa_ef5506f481ac6ad7,0,,good
visa_b950e55167d74ca9,0,,good
visa_b251f47687ea4e24,0,,good
visa_d2870e05470d9754,0,,good
visa_9afc25ceed784ea1,0,,good
visa_df797d04e4399167,0,,good
visa_11cf3feb2fdfd530,0,,good
visa_4aa31457ec311978,0,,good
visa_66cbcb2ea224c3eb,0,,good
visa_7a7cae91e42bbcdc,0,,good
visa_5c4bb033c0b124dc,0,,good
visa_2069db3f82d8ac20,0,,good
visa_c1c852c943952701,0,,good
visa_c08e30fb4067315c,0,,good
visa_9eb85f091a23b5d8,0,,good
visa_f0974215ce48c5f9,0,,good
visa_91979e842d866d77,0,,good
visa_1068c72dd14c56f2,0,,good
visa_16ab615c6eb7d28e,0,,good
visa_16c95d55013f5830,0,,good
visa_216b4283515c9249,0,,good
visa_a609f883517a8aca,0,,good
visa_908bdca2dccdb22a,0,,good
visa_66b28aff75a118fd,0,,good
visa_c9744c42f6f41e6d,0,,good
visa_2209b4bc34c0fcc3,0,,good
visa_3fac0fedb95203bf,0,,good
visa_6b2efce03bb5d72c,0,,good
visa_7d494ee0194a4e27,0,,good
visa_2ab0dfa4ed272b5f,0,,good
visa_16830d715bd44498,0,,good
visa_154c886f1d7b271d,0,,good
visa_d4384088a7bdaeec,0,,good
visa_bdfb7df15ac42470,0,,good
visa_a9054e4ab56112b7,0,,good
visa_7e20693435ee82e7,0,,good
visa_d85a23297ad73f8e,0,,good
visa_1d95ab565b2c81b6,0,,good
visa_dea6d0b84ee6ddf2,0,,good
visa_f52e89d790a3f9e4,0,,good
visa_aa78597e55d53221,0,,good
visa_0c5450b0f96d3a6d,0,,good
visa_f5a8a4e1630a7902,0,,good
visa_9ec839ce047402a0,0,,good
visa_3ac101d3df7eb409,0,,good
visa_d8c1df208cd60094,0,,good
visa_d972cd37f9b320a1,0,,good
visa_13e63757bc01bdb0,0,,good
visa_47b3e7167e3511b4,0,,good
visa_7f6cd178a4030713,0,,good
visa_0af3762495d57c43,0,,good
visa_018a4d678cfcdb71,0,,good
visa_975dda97afc53e06,0,,good
visa_69793a7f075f76d9,0,,good
visa_a67c3caa482567e3,0,,good
visa_6fa9e28d11fe3154,0,,good
visa_4b212bdda34e92c0,0,,good
visa_d75a8f07520c2f4d,0,,good
visa_d3627fcd7f09fb68,0,,good
visa_27660a3ef1dce899,0,,good
visa_fc28e38b2ebb5d46,0,,good
visa_af7ac5891c6babf7,0,,good
visa_8cb6b4e5e15d244b,0,,good
visa_983020449b1f4dae,0,,good
visa_a779b81bf4521796,0,,good
visa_2df759de2fa53505,0,,good
visa_e079c47cb72ee66c,0,,good
visa_7b84748b6c162480,0,,good
visa_b64fbd666fc2a9d1,0,,good
visa_e7f10e62be531f45,0,,good
visa_2b071ec1c92ae4a4,0,,good
visa_ca51ff1b7c8a31eb,0,,good
visa_021ba40b59c82a50,0,,good
visa_6e7dcd4ee410a6f3,0,,good
visa_19958010a715708d,0,,good
visa_b146895df225a2d4,0,,good
visa_78c3c85eb4c63c6b,0,,good
visa_250564930989b7b1,0,,good
visa_6048cb2b73127911,0,,good
visa_ab70c91356314d64,0,,good
visa_da7843adef5d1d28,0,,good
visa_2a4b9fbc8f4fcad9,0,,good
visa_122be0df887412a7,0,,good
visa_8a04f58cfae8a8b0,0,,good
visa_bc0d10e9d2edfd38,0,,good
visa_092a63beca35a2fe,0,,good
visa_8241a24c64e83c5c,0,,good
visa_d285d96cd1488598,0,,good
visa_7797f2c2d96942e6,0,,good
visa_b70d9c7d2102069e,0,,good
visa_2c38a4e67c1817bd,0,,good
visa_c7c97e1de78e3da5,0,,good
visa_64834eb5eaa26577,0,,good
visa_128aeb29220c7c18,0,,good
visa_1d4a8e20b152f71d,0,,good
visa_242bb662590c776f,0,,good
visa_2d0376f2143907b1,0,,good
visa_920bcf646395c220,0,,good
visa_46e405ce55ef3d30,0,,good
visa_735fd0e7ade679c4,0,,good
visa_e34cf0ab5bc7b3a5,0,,good
visa_fbc20b2285629c1a,0,,good
visa_0efaea457f6aff5d,0,,good
visa_dbe17c26c2e5c3f5,0,,good
visa_1ca9103bcd200af2,0,,good
visa_155d40edf8027356,0,,good
visa_9268c9d9761f64a6,0,,good
visa_8aa378e2eba85772,0,,good
visa_8e5825ad9604a0ea,0,,good
visa_fbe6cf0a1c2bffc5,0,,good
visa_3b45c1c5bec80f44,0,,good
visa_e59badda34b1c64e,0,,good
visa_245a2c03762ffc9c,0,,good
visa_911ed2d92fba57ae,0,,good
visa_84ed548a556e130b,0,,good
visa_c51cc066f0a282dd,0,,good
visa_ef7c8ada8d794bcd,0,,good
visa_57e6beafccca2b13,0,,good
visa_3e9ebf5bf1a4b0ec,0,,good
visa_82432acf5ef24d84,0,,good
visa_552e298f7edc758f,0,,good
visa_237788a629999250,0,,good
visa_78a65bcb19c1b3ae,0,,good
visa_6d5d02afe49b2495,0,,good
visa_30fa4359ce2324d9,0,,good
visa_c632132b52abd897,0,,good
visa_235d1ef1e3a3ce53,0,,good
visa_7c1127519dbee5f0,0,,good
visa_93101137a9c807a4,0,,good
visa_8429d3c206d1e918,0,,good
visa_40507fb05d5fb837,0,,good
visa_eb0afea16d4e1205,0,,good
visa_9ee9eea15d6e15a2,0,,good
visa_c486e092851f7a41,0,,good
visa_d29e9df630bf034a,0,,good
visa_7f2ddae916a15cdc,0,,good
visa_f073b2a414b7f692,0,,good
visa_2c93553f5155e753,0,,good
visa_57f1c5159e25bd01,0,,good
visa_a1d4d2a31722697d,0,,good
visa_4c5f79255e571431,0,,good
visa_7f95d008ee9a4f84,0,,good
visa_4e2a840b3dfc6412,0,,good
visa_ead032923dccbdda,0,,good
visa_c171b0b3a16135a3,0,,good
visa_8ae39b3a2b2c5235,0,,good
visa_625dce1a997b6246,0,,good
visa_19551f5b28919076,0,,good
visa_4aacf2722fa0940a,0,,good
visa_f6fd1c2354c2c572,0,,good
visa_9a59470a0be81ec4,0,,good
visa_d1fabe784e5fc128,0,,good
visa_099b941f08eadb4d,0,,good
visa_af86f2a4d4dbb606,0,,good
visa_5b1881b072cb8b93,0,,good
visa_3be6a8c13887eccc,0,,good
visa_56a14f52f368c39e,0,,good
visa_c8a9950b63bf972b,0,,good
visa_2046041796ad38c3,0,,good
visa_434a7cceae19f745,0,,good
visa_f92ea50178a5d5f3,0,,good
visa_7edbc07a6c351f59,0,,good
visa_b32f5a80cbcb290b,0,,good
visa_28f258af27ee4e60,0,,good
visa_0567c09315d9a01c,0,,good
visa_ced9ceb76f646eb1,0,,good
visa_86c5395e557661e7,0,,good
visa_ac3c04de1cc6c8ba,0,,good
visa_2bee133255a77984,0,,good
visa_aa3cbbbc09a171ba,0,,good
visa_589096916eee0e14,0,,good
visa_2ee84b450744e4ae,0,,good
visa_11268b16f2ab67de,0,,good
visa_4e1887262d4dc738,0,,good
visa_8f35f660244d342e,0,,good
visa_294c2efe905f6afe,0,,good
visa_38aed04b4ec38ae3,0,,good
visa_7febfab42dcbc952,0,,good
visa_1ec7cb4d49c3c69d,0,,good
visa_c634264674275a55,0,,good
visa_a811e8bf2f02c15e,0,,good
visa_d7fd1580db4ff1b8,0,,good
visa_5990fe2a8cb8ab21,0,,good
visa_9a7822af69be8b70,0,,good
visa_bf42adae667c8968,0,,good
visa_0659d5451a1cacdb,0,,good
visa_81b60c79df9b1f05,0,,good
visa_4349e067862b8161,0,,good
visa_75aa420296b201a7,0,,good
visa_ca82fd202e986156,0,,good
visa_e9f991035e48a7ca,0,,good
visa_8a9cf88616df5106,0,,good
visa_9b6794fcef237664,0,,good
visa_14fb1719b48687f0,0,,good
visa_5171322ed67165e2,0,,good
visa_e672131177827f5b,0,,good
visa_e41fed0377bc0b80,0,,good
visa_5a7e3708d89b7b9a,0,,good
visa_3be3bb0fd599d830,0,,good
visa_2de65d47b176d1de,0,,good
visa_20a191c92716b5ae,0,,good
visa_055e203c8b906e32,0,,good
visa_3c584f9f793378ae,0,,good
visa_96af7ddd7cb671c2,0,,good
visa_fc806aede01a47bb,0,,good
visa_fe94555d092b34a6,0,,good
visa_11f1b2e289a50db8,0,,good
visa_4b638e015864e5cb,0,,good
visa_b73b805b6b3ede92,0,,good
visa_aaf4ef77d3275400,0,,good
visa_665cf659a7c56f87,0,,good
visa_5d4baa544fdda25c,0,,good
visa_1d41f6fcfd50ccc2,0,,good
visa_4c886ec0caf84001,0,,good
visa_9f1292a1f5d2f6a7,0,,good
visa_4a6a7c11d7903b57,0,,good
visa_64c835858ec7d621,0,,good
visa_68b575666fb0c39f,0,,good
visa_25159b8ee5c9e54a,0,,good
visa_23af2208aa8106ac,0,,good
visa_332183504c29ce24,0,,good
visa_2c2113f867b71661,0,,good
visa_cad9fd8ec99999cf,0,,good
visa_cf69a0ba49a8b0ab,0,,good
visa_7d1da65693c75b13,0,,good
visa_2d566bec12fc8a6a,0,,good
visa_c37e4a3c9e47b122,0,,good
visa_05cf2a3fd215337b,0,,good
visa_b20f1f3938dfaf1f,0,,good
visa_615e4f9d1e37dcd7,0,,good
visa_6bda8719171b509c,0,,good
visa_bcf13bea21dc32be,0,,good
visa_93242a12c06dacfc,0,,good
visa_f2f61c645f3d2b86,0,,good
visa_e39b0d0e34bd681c,0,,good
visa_888460c96a4ea3ce,0,,good
visa_4dd0d4f0e66d80b7,0,,good
visa_8a0c28fc59ba8fc0,0,,good
visa_525642db468a9071,0,,good
visa_8822fdf7e24a8e10,0,,good
visa_323f138f7245ed74,0,,good
visa_f3a71c834b4f4cc6,0,,good
visa_3ba3a15495dbae7a,0,,good
visa_56a4d98269521bbf,0,,good
visa_75e1993421d6d154,0,,good
visa_7730ffa5e1f00dab,0,,good
visa_f912623e26c8fae4,0,,good
visa_b1cfcaa2a5054a6d,0,,good
visa_af823fafe11da23c,0,,good
visa_53f5daf804048b64,0,,good
visa_0561f860fd234cee,0,,good
visa_f481976550b7dbf6,0,,good
visa_b1d5a6f43743b418,0,,good
visa_de84ae102d6752d1,0,,good
visa_d325c4e9191d3ce4,0,,good
visa_dfe86bcd38353a8d,0,,good
visa_12fe7fe71f2e4653,0,,good
visa_c095cf02e960c564,0,,good
visa_4d41074729d668c5,0,,good
visa_7e725d3b2cccf0de,0,,good
visa_5037e6cff1f23432,0,,good
visa_f27b27bbc853ac72,0,,good
visa_61a1ef65e7bb20dd,0,,good
visa_fdef72a54648ef2f,0,,good
visa_4e15c5afc8772436,0,,good
visa_4ad61c76076e8e23,0,,good
visa_bfd790f0e434cea6,0,,good
visa_160515e67ed4cab6,0,,good
visa_578854dbf9e6b183,0,,good
visa_a2818bf77fd557ff,0,,good
visa_c559613903d9eba2,0,,good
visa_b31f13ff17328b9d,0,,good
visa_62270160931fb774,0,,good
visa_9af97bb022ebee90,0,,good
visa_294b67597aea30e0,0,,good
visa_d07f26905fc90bab,0,,good
visa_953877ab55fbb23d,0,,good
visa_b1e7dad822a7b8d6,0,,good
visa_6e01a252d61c8a90,0,,good
visa_0713c118dc99aee5,0,,good
visa_918e56e25fd1aac1,0,,good
visa_ccc6e7ae7da50128,0,,good
visa_9459af49107a6bbc,0,,good
visa_58a0396f7a9e39b2,0,,good
visa_6529fffd69e12f0c,0,,good
visa_1e5b1643405691e8,0,,good
visa_eab69ae43279f47b,0,,good
visa_b0d98d41fafb02c6,0,,good
visa_c254f301674c5778,0,,good
visa_b4f049383ac5dd32,0,,good
visa_5744ed572291e15e,0,,good
visa_05b02b38c198c36b,0,,good
visa_8b08532c3fd1baa4,0,,good
visa_ab745e19ff2ba668,0,,good
visa_b322c2800f11acdc,0,,good
visa_e2a96bb0e11a3821,0,,good
visa_f5e1c3970c03a2b0,0,,good
visa_45902cc54922457a,0,,good
visa_3fb567d9d5ba4335,0,,good
visa_3e618ca5c6f8ecae,0,,good
visa_a56594bfdc334b30,0,,good
visa_046e72eda95f0ba3,0,,good
visa_ca205d958c8c206d,0,,good
visa_e74b611fd8ad2cf7,0,,good
visa_b43acd05500df4c4,0,,good
visa_fb0ef85696d59d27,0,,good
visa_a7ce24dfea67a5cd,0,,good
visa_f6b8bec71131bf1f,0,,good
visa_fcec192c9938fe79,0,,good
visa_3b00acdbeb79b875,0,,good
visa_cd40da4342ff0132,0,,good
visa_92cadbf6bac92c1b,0,,good
visa_81f0fb43671dfca6,0,,good
visa_61172a6930e230ed,0,,good
visa_34186d16d7bd1330,0,,good
visa_2350711e1553aa08,0,,good
visa_51d17fd123a3f47c,0,,good
visa_bb2c3566fb1da6da,0,,good
visa_491b964837d975d2,0,,good
visa_410d465eb42aae44,0,,good
visa_43d48fad6c2dfaee,0,,good
visa_5e6016d3dce658a0,0,,good
visa_96eded8bbb7ff832,0,,good
visa_a77f03cd0213b813,0,,good
visa_8710ba7a8e24a9d8,0,,good
visa_bea845cb7058ad16,0,,good
visa_605df56d88bf237d,0,,good
visa_d86fb2f60d60d885,0,,good
visa_17194a07fad2aba3,0,,good
visa_2a98a5952283f41f,0,,good
visa_1fa0cc366d3f2c09,0,,good
visa_1e5f5dcb58a7fb98,0,,good
visa_824ae393f4988c75,0,,good
visa_a8b77edebb4f8bb0,0,,good
visa_ee160351402a527b,0,,good
visa_80c8acdb9200fe82,0,,good
visa_b13ad3b1312afc16,0,,good
visa_9d039543219cb0a5,0,,good
visa_50ef5b19d111e9ce,0,,good
visa_1b4b060267446838,0,,good
visa_abe3b60c356fb09a,0,,good
visa_04cd48cb4628410d,0,,good
visa_da8a3e7978ff5067,0,,good
visa_e40d6549f7cfb6b1,0,,good
visa_f70ff7da938aea08,0,,good
visa_4712bb8e8c0d3d82,0,,good
visa_863ea11f368f48d1,0,,good
visa_5881825c8f2a77c9,0,,good
visa_c8740de88bad1ee2,0,,good
visa_02146568e3a9f69e,0,,good
visa_edb8ba193c77d687,0,,good
visa_de35eb459ba4855a,0,,good
visa_8cfc18cd58b363e9,0,,good
visa_8a99e5b36e5c1966,0,,good
visa_834c61e73f7449c9,0,,good
visa_a48583f593cf92ea,0,,good
visa_f2932f904a228c42,0,,good
visa_05830460803c6502,0,,good
visa_30c3a7ddaa20f90f,0,,good
visa_1e7583f290e6b5ee,0,,good
visa_6d1d91cc29d70e97,0,,good
visa_83c792aaf69f29d1,0,,good
visa_6e4636f15f0fc7be,0,,good
visa_4493d55a7eda7ce5,0,,good
visa_1ab17ee3d33c1b15,0,,good
visa_f5021999d6857c63,0,,good
visa_c3e05b5274c9a632,0,,good
visa_f42ed79976b899d9,0,,good
visa_0c4c2fc6c32e3772,0,,good
visa_492d687a59fac14e,0,,good
visa_8f420e6d99e551a8,0,,good
visa_80457522a4d60d56,0,,good
visa_b718d8d05439f7de,0,,good
visa_cef9e73c497d81d2,0,,good
visa_3b7401b7a35d8cb8,0,,good
visa_3223b84bc9215184,0,,good
visa_c18bbf059e4bcda6,0,,good
visa_5f88b90bcea2957b,0,,good
visa_bc21bb36e6805b4d,0,,good
visa_4b9c1ced4234aaf6,0,,good
visa_43115d58de2fd43b,0,,good
visa_f59717eaf6432ea3,0,,good
visa_7831ca3a1d8df2e6,0,,good
visa_7e642919e0ec956c,0,,good
visa_13299815f490876f,0,,good
visa_71a1317015138d5a,0,,good
visa_6242fb71e48741cb,0,,good
visa_3528367c08642b08,0,,good
visa_a995facfc8d6a075,0,,good
visa_764bd3828f6f4dff,0,,good
visa_0cdab3b33447bba0,0,,good
visa_4a088f550752d82a,0,,good
visa_bd46fb7ae7455501,0,,good
visa_d7b7ac3169e45cee,0,,good
visa_660dd3aa9cd29367,0,,good
visa_a0c3cbd4b3b1a10a,0,,good
visa_b491507249670360,0,,good
visa_f00b887de45943aa,0,,good
visa_bd7ecb19dc7f0c53,0,,good
visa_f6ba67ea02f9db9c,0,,good
visa_8d46ae25332b9f8d,0,,good
visa_bd33e48e9d460a7d,0,,good
visa_96342c6c48390881,0,,good
visa_d95d3828095b790f,0,,good
visa_73154ca5784f8b49,0,,good
visa_6b4d06d5a77510b9,0,,good
visa_cfa7f138481ae1f9,0,,good
visa_9635c28fbc1ab8c9,0,,good
visa_171cde76c571eeb3,0,,good
visa_64e4a0d79671a1ca,0,,good
visa_45c15825a2b403f0,0,,good
visa_d657a170d88949ec,0,,good
visa_8539c1c29f600c97,0,,good
visa_f08758f3acccee04,0,,good
visa_84957e7d10754d69,0,,good
visa_f37a338db6918aa4,0,,good
visa_18866da46f4ec42e,0,,good
visa_35df6d890749e79d,0,,good
visa_e009c3fd088b84d6,0,,good
visa_d5c923d579d60910,0,,good
visa_3e8af67f481df02e,0,,good
visa_3e1d3850b7724f34,0,,good
visa_152597ec0f97b80e,0,,good
visa_ac87e92047ebf243,0,,good
visa_3de1ffc8f18a2008,0,,good
visa_c6029f4c5025ee83,0,,good
visa_02df65c4a6279148,0,,good
visa_0434cf9349e2c10f,0,,good
visa_d4ec59bcd7165950,0,,good
visa_a39aa8903bbd3146,0,,good
visa_e085633da3b7dacd,0,,good
visa_ed28ff570cbb15c3,0,,good
visa_4401d15e6f76dbdd,0,,good
visa_153503a60af469d0,0,,good
visa_001ac4c97d222736,0,,good
visa_d676399fb2486202,0,,good
visa_f0c913c98bcbe517,0,,good
visa_eab0f4910ab2393b,0,,good
visa_bb20a8d1120f2293,0,,good
visa_b1acfe8a4b9eaff4,0,,good
visa_3219f7f819594f96,0,,good
visa_c61170759c02f96d,0,,good
visa_0abdfdf3ad82c5b8,0,,good
visa_3e7ce61709a30585,0,,good
visa_83c8041856657d48,0,,good
visa_358d4df8ca432309,0,,good
visa_9a658aaa95491e90,0,,good
visa_cdfac177eff1ca9f,0,,good
visa_b0f0c784266260d9,0,,good
visa_d69eac0b77fcecca,0,,good
visa_17f56459d445607c,0,,good
visa_c9d103253167bd9e,0,,good
visa_7b7b3de08790e593,0,,good
visa_597c754710a9cfe6,0,,good
visa_fe41ac46880ae04e,0,,good
visa_8a96da69c4410dae,0,,good
visa_a698f8c1a60e0e83,0,,good
visa_1f53e521e776574c,0,,good
visa_b44cb4f92f7e8561,0,,good
visa_c39de6214bbf2414,0,,good
visa_4fa49e1c73ce970b,0,,good
visa_9a18940bee2703ba,0,,good
visa_c74e69d20542f56a,0,,good
visa_923a4a5457affbcb,0,,good
visa_aff1931ba3f54d2e,0,,good
visa_0c8fd65d3eeb4c17,0,,good
visa_69dffcb9603e3c21,0,,good
visa_5baeae47850648b2,0,,good
visa_2fa536cddc95d298,0,,good
visa_334db198ccc02e50,0,,good
visa_b1e536b7a105596b,0,,good
visa_f9e2e81eadae74f0,0,,good
visa_ad30a43a3f396497,0,,good
visa_18dd080930b31c3b,0,,good
visa_a77dcfa755bd5e85,0,,good
visa_23ccd3ee719b8acf,0,,good
visa_323a6dc0680315ca,0,,good
visa_7f68a714e4955b88,0,,good
visa_fb85016a60c47589,0,,good
visa_ecc7ff2b600b24b2,0,,good
visa_ea0eac71285aa307,0,,good
visa_9916ffcc7a0077eb,0,,good
visa_1313d07c772ab859,0,,good
visa_4e70329b54b3aba5,0,,good
visa_d9d3445543382167,0,,good
visa_70913440f0e89d2a,0,,good
visa_4e30a0748bcc9e98,0,,good
visa_ac9bfe803163172d,0,,good
visa_770370bd10edd45e,0,,good
visa_e9227ca7ccbc30b1,0,,good
visa_0e2d553996ce8374,0,,good
visa_84036f4096260b86,0,,good
visa_03b987990dc05e34,0,,good
visa_e30f2e365efc541f,0,,good
visa_26eb34df525fde84,0,,good
visa_4dd800f9e69e0da3,0,,good
visa_7845cea359fe537a,0,,good
visa_42e4d5f1f555039a,0,,good
visa_e44566847d4f5bbf,0,,good
visa_4140b79f33dc8d85,0,,good
visa_b9499afa1d1a870c,0,,good
visa_cde3897bcf5d17e6,0,,good
visa_640651ed9f567ab2,0,,good
visa_705d4b2a92187cb6,0,,good
visa_398c48b90db45df8,0,,good
visa_528a771af7ca6267,0,,good
visa_0a74be3f652d4717,0,,good
visa_0f7a067b93dd954a,0,,good
visa_4956e4ad640193d6,0,,good
visa_3a89dd92465b8918,0,,good
visa_caa1baad5ef21448,0,,good
visa_d8466de5770f13fb,0,,good
visa_393f246dc435ede2,0,,good
visa_623936999bcec2da,0,,good
visa_5016ba64a3ea9daf,0,,good
visa_ed01b0d805ca87c4,0,,good
visa_8f5b5c0c3f19d725,0,,good
visa_eaafb3f02f1e25c4,0,,good
visa_84fa4e7d8eeccc7f,0,,good
visa_26f650b29870d1c2,0,,good
visa_d496ff45af658212,0,,good
visa_48d08d743ed1fab6,0,,good
visa_bc7cd58d4a2d4cf3,0,,good
visa_21ac6d6f83168e98,0,,good
visa_165c1b4fd74710c1,0,,good
visa_a85bb758617b6e7b,0,,good
visa_facc562da5af4027,0,,good
visa_4745006eee02a5f7,0,,good
visa_fd2f34a50b76dd86,0,,good
visa_3151131f29f73911,0,,good
visa_744d22a05ebacfa1,0,,good
visa_e9942d6e7957989a,0,,good
visa_4552462a3483dcdd,0,,good
visa_64614583d51eda7f,0,,good
visa_4667e5b1cf202290,0,,good
visa_4c719557cf9952d7,0,,good
visa_d78c8c5d7ec3fce5,0,,good
visa_043d731330299bcf,0,,good
visa_a3e9d36246ae28d6,0,,good
visa_47234f91844f96db,0,,good
visa_afe1099d4ee0f322,0,,good
visa_0108f62d70efae15,0,,good
visa_057cf5a35060053a,0,,good
visa_711e6f6392028548,0,,good
visa_4eb3a561b64f2ab2,0,,good
visa_a367a2b580111de0,0,,good
visa_648ce7430fda1986,0,,good
visa_17f0bd3ed363e0d7,0,,good
visa_d737805e72a00aa6,0,,good
visa_f3186135411f797f,0,,good
visa_93ae2dcc2bdb7d89,0,,good
visa_07f83eafd9f9557b,0,,good
visa_38750f0e324f9ab9,0,,good
visa_35ac18abb344d1c5,0,,good
visa_d33419b4236f9d8a,0,,good
visa_fbe68c632a8d0eb9,0,,good
visa_9a39efb49f810a98,0,,good
visa_9df716b502b7d8cb,0,,good
visa_b0804108a0479ec5,0,,good
visa_8c413370cf39469f,0,,good
visa_b668f0835c3cd868,0,,good
visa_dbf22af3eed81c04,0,,good
visa_07d55e851c97e23e,0,,good
visa_380c9b93c7ee6d50,0,,good
visa_54745bf2c4d6c0f0,0,,good
visa_b0d910034dee7021,0,,good
visa_702a80ecb2dc7c95,0,,good
visa_d8ca8ef899e36a46,0,,good
visa_3f8521ae4762d733,0,,good
visa_58da688795266e77,0,,good
visa_e0f07b790a7005b8,0,,good
visa_07057834e107f9ef,0,,good
visa_d351691d06d7fb6d,0,,good
visa_d54c213e34287424,0,,good
visa_04f37002086f3134,0,,good
visa_1a7ff9482ca2c1db,0,,good
visa_80550112abe5dfca,0,,good
visa_0df1bea4c7331f66,0,,good
visa_bd9a68aa26d34b7b,0,,good
visa_1eda272c157b5886,0,,good
visa_d29c3a7c718d339d,0,,good
visa_9fed7b761bbe1e7c,0,,good
visa_c1d65a173773b5e0,0,,good
visa_52edb192e3082ee4,0,,good
visa_0cbcc03c53c9b44b,0,,good
visa_f1b57a79ca1e1e3a,0,,good
visa_35e1fdce37c9bd88,0,,good
visa_c058f80ef1a591c9,0,,good
visa_edd5bf4b4784dd5a,0,,good
visa_1e34be87c1f634cf,0,,good
visa_607deab372ec6b27,0,,good
visa_39d69b4c4bb2b0fe,0,,good
visa_3cf5c36ade08c9cf,0,,good
visa_6c7c55f49059eff5,0,,good
visa_17cc64be63223e6f,0,,good
visa_a2b0631bbaee15fe,0,,good
visa_eb2070f292967e2d,0,,good
visa_f77d7df104982b21,0,,good
visa_ddd85ee2684c7331,0,,good
visa_de9e22f1f2bac442,0,,good
visa_eca8d04b5e4a7375,0,,good
visa_8d4609c355ed45b0,0,,good
visa_203fa7155d59ab02,0,,good
visa_711a633d33d34bed,0,,good
visa_3c38623b068cdfa8,0,,good
visa_7a24f19930f76ee5,0,,good
visa_9f9a0415877d82de,0,,good
visa_e3da9c3cee26ff19,0,,good
visa_faa880315b8e23ff,0,,good
visa_df4776658634d216,0,,good
visa_4e459374bd35bddf,0,,good
visa_749bd6a6605c5149,0,,good
visa_6ce09c5c193d08e4,0,,good
visa_fc554f5dff5debb4,0,,good
visa_dc83773060f72657,0,,good
visa_fe79460139902e7c,0,,good
visa_0f3e137b156b0c71,0,,good
visa_2b67b6321a9a441e,0,,good
visa_20a3e148c6f6a3e7,0,,good
visa_5f55ca2705ebc6fb,0,,good
visa_aa3ebe8901d9a839,0,,good
visa_45c3ed64436fd3cb,0,,good
visa_59945abe1107c1ea,0,,good
visa_b93d8d70bbc2dfda,0,,good
visa_e3f6f26e01cc93a1,0,,good
visa_68498c9740dbb58b,0,,good
visa_1b64df6b91730cad,0,,good
visa_927c622b1adfb6de,0,,good
visa_df9736e0ffe2e514,0,,good
visa_ff301ee1f7a832e5,0,,good
visa_c9e46640b4ed6b12,0,,good
visa_7077125ac1ac499f,0,,good
visa_7070597c597fce50,0,,good
visa_7f19165e6392d734,0,,good
visa_f13052acc4992359,0,,good
visa_780e9f324eec519c,0,,good
visa_58aa06b185940bf3,0,,good
visa_47616224aa4712b7,0,,good
visa_63c9456e17c21669,0,,good
visa_ec511499e9cb465b,0,,good
visa_e50d9503aae383a5,0,,good
visa_d5f8bc53f1aeb230,0,,good
visa_ae8f9a02548791bf,0,,good
visa_f115e4672d085023,0,,good
visa_9452e13906e357e3,0,,good
visa_d677879ba9bc981b,0,,good
visa_31db7819d99a3889,0,,good
visa_ff436cacbda33f2e,0,,good
visa_f9bae6b5b2c5ace5,0,,good
visa_1bfad5cce16df40d,0,,good
visa_fcbcefc25afc9566,0,,good
visa_29d5c542d519c246,0,,good
visa_7a084bdc9bc96407,0,,good
visa_5b9bb64cbc342a83,0,,good
visa_9438771049a68c1b,0,,good
visa_560d599816577b0c,0,,good
visa_0f14ca74961db09b,0,,good
visa_cca228d8e9a1782b,0,,good
visa_454fdb15025b1176,0,,good
visa_aec64b1c9b8ff82e,0,,good
visa_f9711bec75786f8e,0,,good
visa_ea80bbc9954c3533,0,,good
visa_1904b37b5f7c0077,0,,good
visa_6a076b47fc260a98,0,,good
visa_adcb79ec09f33338,0,,good
visa_491ec1e6fee34d2a,0,,good
visa_8483be13dcb81f4b,0,,good
visa_65964c70db11e75b,0,,good
visa_429d4cbecfd3cba7,0,,good
visa_42a64424f4b23795,0,,good
visa_7aeedb637c55e019,0,,good
visa_ee3ad70b92cdf8e8,0,,good
visa_cb021582e9565a4d,0,,good
visa_f2aab33d488bfb94,0,,good
visa_bca78a4d3a82259d,0,,good
visa_acc0bce2b546b93a,0,,good
visa_17b9a1f27023b4f1,0,,good
visa_d454683395e861ad,0,,good
visa_8928616310afdee2,0,,good
visa_661a14479c03c82d,0,,good
visa_98b934cccf3627b6,0,,good
visa_a35477e9a463cbb7,0,,good
visa_d492eb3fe2d7beb5,0,,good
visa_0c3cc506fa97ccb7,0,,good
visa_d8526767dd6c1bfd,0,,good
visa_636ae2c0a9fdf325,0,,good
visa_41e26d062ad5626d,0,,good
visa_c2ad86ab54d62dfc,0,,good
visa_3dac5b3c3b1745ea,0,,good
visa_20d7dd53ecbdd666,0,,good
visa_11340ebce2bf9277,0,,good
visa_9b155ed682126e98,0,,good
visa_e436410ae737fdec,0,,good
visa_bdaf934a98830ba3,0,,good
visa_701564f070adc4d5,0,,good
visa_02874255dab17a7d,0,,good
visa_3780cb2ebf15f4fa,0,,good
visa_140828a7cfd7c519,0,,good
visa_5960047a730c5f51,0,,good
visa_a479def17be0ab2a,0,,good
visa_3a689ba06dcbfc61,0,,good
visa_cf19784aa436d740,0,,good
visa_e393bf53a07b3e46,0,,good
visa_a0b223d1c770d4aa,0,,good
visa_b9091412e5519e25,0,,good
visa_a843463e72f48c7a,0,,good
visa_0dee078c1e275fe9,0,,good
visa_f32bd09cd4ece7cc,0,,good
visa_5d25bb9b768bff3b,0,,good
visa_04ade2bfc14632d7,0,,good
visa_fae86eec64b1333c,0,,good
visa_9c5c7d05f0bcefca,0,,good
visa_3a757b685868d73b,0,,good
visa_564364b18b6d0543,0,,good
visa_8e80ec7f4ac288db,0,,good
visa_5068fac9eb6dc26d,0,,good
visa_db953785c69db556,0,,good
visa_d7eb38a8994ffa3b,0,,good
visa_1694e95f34642d37,0,,good
visa_13e44653803cf4db,0,,good
visa_aa0fbc2385ab9c98,0,,good
visa_d3f791f6cd9ce297,0,,good
visa_08db55fcc49a7691,0,,good
visa_effee2a488d941f6,0,,good
visa_843ae8aba5bf9507,0,,good
visa_a3f99b8ba7997f7c,0,,good
visa_fee81249497cc9ad,0,,good
visa_3fc4f78c9534aac0,0,,good
visa_4091d9e4ec2661c3,0,,good
visa_4cdd8c07c1d251d2,0,,good
visa_29ebb66ae5ea5c51,0,,good
visa_d7d1c1b3da6c0f19,0,,good
visa_c10f70839897c2dc,0,,good
visa_057e853f4f506d82,0,,good
visa_402af5d2590abc99,0,,good
visa_dfff88eb8bbd4a52,0,,good
visa_9b0c5b4d8ea62328,0,,good
visa_6e6364c565b71fe2,0,,good
visa_f905510fc1046aa8,0,,good
visa_8f926fdea7b8d67d,0,,good
visa_9b4e85f11c826ca5,0,,good
visa_850d7f31e915f4b8,0,,good
visa_8620e2a7f5fca132,0,,good
visa_af67275f38b354d3,0,,good
visa_f8f05e6bda6e31fb,0,,good
visa_c1f04db31b842205,0,,good
visa_92e0086443274ed7,0,,good
visa_5dd3673ab91d3c11,0,,good
visa_576ba6d2e8df7820,0,,good
visa_aa3432caa2b65e97,0,,good
visa_e7b0256eb5bbee25,0,,good
visa_7afaa81ddc9921c5,0,,good
visa_69dd5c303c3385c4,0,,good
visa_9801fa001fa50404,0,,good
visa_49bdbaf4b5b8f48c,0,,good
visa_718dda3e8903f7cc,0,,good
visa_456fd18591627fa9,0,,good
visa_afbedb65fc2d55d6,0,,good
visa_180315f28b890a0d,0,,good
visa_fdb1ca75ee20bf1c,0,,good
visa_eb7be8c8077d4ae2,0,,good
visa_ef4831f2fefab638,0,,good
visa_6b37c4c339c2a2e3,0,,good
visa_c59c8ea03ef3a5c0,0,,good
visa_33f29f829850f911,0,,good
visa_57a45e7554ed0553,0,,good
visa_2957f4e1d7b5c68c,0,,good
visa_c709a08647ff77c5,0,,good
visa_e93c18bbd2c6c92b,0,,good
visa_24ffb6721bba1864,0,,good
visa_8e9f866aa749fd3b,0,,good
visa_b4dc7ec1181b1ce7,0,,good
visa_34220cd475d3ae5d,0,,good
visa_ad6f342e7a766d28,0,,good
visa_89eea7bbd21ed719,0,,good
visa_ca93410c38928904,0,,good
visa_f7ed5d133da97f93,0,,good
visa_a2f805fdb505dd1a,0,,good
visa_ba77f60ba5e895a9,0,,good
visa_8406b61c1be553dd,0,,good
visa_dac854c760af5e8c,0,,good
visa_4bf57c2de006064a,0,,good
visa_6ddfa2d0613438b3,0,,good
visa_8718317a56a5e951,0,,good
visa_35ac87a3cd1dcbe6,0,,good
visa_b8296b9b0204b5c0,0,,good
visa_64ace0a5865027f0,0,,good
visa_985e420cf1a1a711,0,,good
visa_03e4616978c88c47,0,,good
visa_2c7ea1221e6895f4,0,,good
visa_ea69f8aa5c1c24b8,0,,good
visa_97896601e1b8d177,0,,good
visa_0ea56b597bc57d5b,0,,good
visa_6b4066b80ff644ba,0,,good
visa_854cc42d8dcb1534,0,,good
visa_c30a7322fb87d87b,0,,good
visa_ca2890c715406317,0,,good
visa_c29bc4bd6aca6d1a,0,,good
visa_ceac2d72eb5e8b39,0,,good
visa_585a9929bb58e8db,0,,good
visa_eb2a981d7413a483,0,,good
visa_feb37ede2606a70b,0,,good
visa_6c4d28c9c77025e8,0,,good
visa_98edd5cb882121a7,0,,good
visa_651a2f7f58958bba,0,,good
visa_64e319ddc7b12f0d,0,,good
visa_a6841035d3710e88,0,,good
visa_42dd36c4eabf762e,0,,good
visa_3440d62d2bb2fcb8,0,,good
visa_ed4100f851bd4920,0,,good
visa_034ff5b4d47cdcf8,0,,good
visa_7e32518cf7dedb83,0,,good
visa_ef281d87b23cec45,0,,good
visa_a10d1e2746904c6c,0,,good
visa_319a3af5e681367d,0,,good
visa_5d953484a3ef0764,0,,good
visa_07ef090161e93248,0,,good
visa_e3368a03bcec2b8d,0,,good
visa_9e3cc4f85ce873f0,0,,good
visa_d731ac68359b79bf,0,,good
visa_fb5bb713243332a5,0,,good
visa_ce5207f717f05f0b,0,,good
visa_3a1a6096990119af,0,,good
visa_f6bac637feaeb883,0,,good
visa_2c6b6688c458d68e,0,,good
visa_36760b767d67e66f,0,,good
visa_60d4cfe46c01c7d4,0,,good
visa_e7bd727fe6cb3da6,0,,good
visa_fbb7bc814dfb3518,0,,good
visa_e7a05f769f2cc5be,0,,good
visa_21a93c9dee976772,0,,good
visa_a6e29d4c7cb9ea9f,0,,good
visa_73062d66dd2cede9,0,,good
visa_665d25a20cbe1bcb,0,,good
visa_aaacba6c88fa09bf,0,,good
visa_21321411df9cd5ce,0,,good
visa_9611455ed5e335e4,0,,good
visa_afd42c13378ae690,0,,good
visa_6f373ee9f4d7b4fd,0,,good
visa_11a66b9fe8c8fcf5,0,,good
visa_1c3cc81c0a6c36e8,0,,good
visa_9ab695087bacca08,0,,good
visa_efca181e126ea64e,0,,good
visa_f338ffff17448d2b,0,,good
visa_70da4a1a9c330936,0,,good
visa_a9833d42a35ffc6c,0,,good
visa_bc82d142d53bba05,0,,good
visa_43963b6553cb21d0,0,,good
visa_5b1b8032ea3591b1,0,,good
visa_b8c17fe6ea61d649,0,,good
visa_8caf3e4a42edf91a,0,,good
visa_b8f2566ffa550a0d,0,,good
visa_ee2b64ab874aea6d,0,,good
visa_730ed0b433797e18,0,,good
visa_7bd7d93c4488eb9f,0,,good
visa_7360389ec2ff7805,0,,good
visa_98b38a5ca0cde7a6,0,,good
visa_3169c628c145b524,0,,good
visa_d87f8c74b16a281b,0,,good
visa_03f7822a9cb93af3,0,,good
visa_e1e59e6b27257be8,0,,good
visa_e6b822a200c12ede,0,,good
visa_4f58164c53a79506,0,,good
visa_ddd86563ed7b86b5,0,,good
visa_158e8627b10b6418,0,,good
visa_0e334fb371864fed,0,,good
visa_2401e0e1b22ad3e1,0,,good
visa_585a3755b00f8f54,0,,good
visa_44194ad837760acc,0,,good
visa_259d5ad00e00fdc7,1,/data/gauss/ldh/myDatasets/VisA/candle/Data/Masks/Anomaly/000.png,Anomaly
visa_00020e0df6d1b5d1,1,/data/gauss/ldh/myDatasets/VisA/candle/Data/Masks/Anomaly/001.png,Anomaly
visa_5aaf90fb356d91be,1,/data/gauss/ldh/myDatasets/VisA/candle/Data/Masks/Anomaly/002.png,Anomaly
visa_8c8d7cd2b0f8bfa9,1,/data/gauss/ldh/myDatasets/VisA/candle/Data/Masks/Anomaly/003.png,Anomaly
visa_01375c595524ff19,1,/data/gauss/ldh/myDatasets/VisA/candle/Data/Masks/Anomaly/004.png,Anomaly
visa_93d0a2da4b25eab5,1,/data/gauss/ldh/myDatasets/VisA/candle/Data/Masks/Anomaly/005.png,Anomaly
visa_0a6f42ce189466a6,1,/data/gauss/ldh/myDatasets/VisA/candle/Data/Masks/Anomaly/006.png,Anomaly
visa_22b7d6bd30653c0a,1,/data/gauss/ldh/myDatasets/VisA/candle/Data/Masks/Anomaly/007.png,Anomaly
visa_2cf914265a090403,1,/data/gauss/ldh/myDatasets/VisA/candle/Data/Masks/Anomaly/008.png,Anomaly
visa_e3268fe14f343050,1,/data/gauss/ldh/myDatasets/VisA/candle/Data/Masks/Anomaly/009.png,Anomaly
visa_de896a412dfc25e0,1,/data/gauss/ldh/myDatasets/VisA/candle/Data/Masks/Anomaly/010.png,Anomaly
visa_f8aa4262ccc8d448,1,/data/gauss/ldh/myDatasets/VisA/candle/Data/Masks/Anomaly/011.png,Anomaly
visa_d61fc39444ea7b50,1,/data/gauss/ldh/myDatasets/VisA/candle/Data/Masks/Anomaly/012.png,Anomaly
visa_c9261e8b1042057b,1,/data/gauss/ldh/myDatasets/VisA/candle/Data/Masks/Anomaly/013.png,Anomaly
visa_029482083c5d1b68,1,/data/gauss/ldh/myDatasets/VisA/candle/Data/Masks/Anomaly/014.png,Anomaly
visa_88f79aea64e974e2,1,/data/gauss/ldh/myDatasets/VisA/candle/Data/Masks/Anomaly/015.png,Anomaly
visa_ec7a4ee8b4449f7b,1,/data/gauss/ldh/myDatasets/VisA/candle/Data/Masks/Anomaly/016.png,Anomaly
visa_ba8df5a0fdce4071,1,/data/gauss/ldh/myDatasets/VisA/candle/Data/Masks/Anomaly/017.png,Anomaly
visa_b08185b20ba9ada0,1,/data/gauss/ldh/myDatasets/VisA/candle/Data/Masks/Anomaly/018.png,Anomaly
visa_0af0916a7864c6d0,1,/data/gauss/ldh/myDatasets/VisA/candle/Data/Masks/Anomaly/019.png,Anomaly
visa_c5435b7261140361,1,/data/gauss/ldh/myDatasets/VisA/candle/Data/Masks/Anomaly/020.png,Anomaly
visa_47ebf40ff9cdc41b,1,/data/gauss/ldh/myDatasets/VisA/candle/Data/Masks/Anomaly/021.png,Anomaly
visa_7785f1eec4f89920,1,/data/gauss/ldh/myDatasets/VisA/candle/Data/Masks/Anomaly/022.png,Anomaly
visa_ea7ea164e33b88e7,1,/data/gauss/ldh/myDatasets/VisA/candle/Data/Masks/Anomaly/023.png,Anomaly
visa_52c2ca8657142484,1,/data/gauss/ldh/myDatasets/VisA/candle/Data/Masks/Anomaly/024.png,Anomaly
visa_433705eb43d9952a,1,/data/gauss/ldh/myDatasets/VisA/candle/Data/Masks/Anomaly/025.png,Anomaly
visa_04630d9c0e151985,1,/data/gauss/ldh/myDatasets/VisA/candle/Data/Masks/Anomaly/026.png,Anomaly
visa_9d8b93e6bb99f823,1,/data/gauss/ldh/myDatasets/VisA/candle/Data/Masks/Anomaly/027.png,Anomaly
visa_241852910c3abe10,1,/data/gauss/ldh/myDatasets/VisA/candle/Data/Masks/Anomaly/028.png,Anomaly
visa_3ec7d8a085c8669a,1,/data/gauss/ldh/myDatasets/VisA/candle/Data/Masks/Anomaly/029.png,Anomaly
visa_90f9322cf95654f3,1,/data/gauss/ldh/myDatasets/VisA/candle/Data/Masks/Anomaly/030.png,Anomaly
visa_e227552f24a525e3,1,/data/gauss/ldh/myDatasets/VisA/candle/Data/Masks/Anomaly/031.png,Anomaly
visa_d9f04fbbcd2204f5,1,/data/gauss/ldh/myDatasets/VisA/candle/Data/Masks/Anomaly/032.png,Anomaly
visa_cc57b49f75fb16dd,1,/data/gauss/ldh/myDatasets/VisA/candle/Data/Masks/Anomaly/033.png,Anomaly
visa_29e4f1ac97607198,1,/data/gauss/ldh/myDatasets/VisA/candle/Data/Masks/Anomaly/034.png,Anomaly
visa_0d4d99cfc7b786d9,1,/data/gauss/ldh/myDatasets/VisA/candle/Data/Masks/Anomaly/035.png,Anomaly
visa_63af0ffd093e9a69,1,/data/gauss/ldh/myDatasets/VisA/candle/Data/Masks/Anomaly/036.png,Anomaly
visa_1b379cae8fa74568,1,/data/gauss/ldh/myDatasets/VisA/candle/Data/Masks/Anomaly/037.png,Anomaly
visa_8060994b9cb2ca9e,1,/data/gauss/ldh/myDatasets/VisA/candle/Data/Masks/Anomaly/038.png,Anomaly
visa_17507900718e76a9,1,/data/gauss/ldh/myDatasets/VisA/candle/Data/Masks/Anomaly/039.png,Anomaly
visa_6a010c9b81f21713,1,/data/gauss/ldh/myDatasets/VisA/candle/Data/Masks/Anomaly/040.png,Anomaly
visa_0d8a5ee278e9bb52,1,/data/gauss/ldh/myDatasets/VisA/candle/Data/Masks/Anomaly/041.png,Anomaly
visa_8b023342b198e6c3,1,/data/gauss/ldh/myDatasets/VisA/candle/Data/Masks/Anomaly/042.png,Anomaly
visa_706d69fa7917e784,1,/data/gauss/ldh/myDatasets/VisA/candle/Data/Masks/Anomaly/043.png,Anomaly
visa_db365d2a5ad6837f,1,/data/gauss/ldh/myDatasets/VisA/candle/Data/Masks/Anomaly/044.png,Anomaly
visa_ae198acd5822df78,1,/data/gauss/ldh/myDatasets/VisA/candle/Data/Masks/Anomaly/045.png,Anomaly
visa_733658be68c0d1d2,1,/data/gauss/ldh/myDatasets/VisA/candle/Data/Masks/Anomaly/046.png,Anomaly
visa_6cd885ba5811f863,1,/data/gauss/ldh/myDatasets/VisA/candle/Data/Masks/Anomaly/047.png,Anomaly
visa_3d06d7f32cd8d639,1,/data/gauss/ldh/myDatasets/VisA/candle/Data/Masks/Anomaly/048.png,Anomaly
visa_1c696e188e4c185b,1,/data/gauss/ldh/myDatasets/VisA/candle/Data/Masks/Anomaly/049.png,Anomaly
visa_071b4e484d94e010,1,/data/gauss/ldh/myDatasets/VisA/candle/Data/Masks/Anomaly/050.png,Anomaly
visa_7132409a89c35da7,1,/data/gauss/ldh/myDatasets/VisA/candle/Data/Masks/Anomaly/051.png,Anomaly
visa_1991f1b4ad7bd586,1,/data/gauss/ldh/myDatasets/VisA/candle/Data/Masks/Anomaly/052.png,Anomaly
visa_5af1a527e51d58cc,1,/data/gauss/ldh/myDatasets/VisA/candle/Data/Masks/Anomaly/053.png,Anomaly
visa_2a56dbc80e429503,1,/data/gauss/ldh/myDatasets/VisA/candle/Data/Masks/Anomaly/054.png,Anomaly
visa_b5c2c9d4d6b6f126,1,/data/gauss/ldh/myDatasets/VisA/candle/Data/Masks/Anomaly/055.png,Anomaly
visa_a77f800990612ba4,1,/data/gauss/ldh/myDatasets/VisA/candle/Data/Masks/Anomaly/056.png,Anomaly
visa_9d7b160fbc6b4f25,1,/data/gauss/ldh/myDatasets/VisA/candle/Data/Masks/Anomaly/057.png,Anomaly
visa_6c334d41908bc012,1,/data/gauss/ldh/myDatasets/VisA/candle/Data/Masks/Anomaly/058.png,Anomaly
visa_66d2ebaad27c062e,1,/data/gauss/ldh/myDatasets/VisA/candle/Data/Masks/Anomaly/059.png,Anomaly
visa_1960f4cc76e1ae6b,1,/data/gauss/ldh/myDatasets/VisA/candle/Data/Masks/Anomaly/060.png,Anomaly
visa_ff7749c5736a17c7,1,/data/gauss/ldh/myDatasets/VisA/candle/Data/Masks/Anomaly/061.png,Anomaly
visa_80cf28811b9a7668,1,/data/gauss/ldh/myDatasets/VisA/candle/Data/Masks/Anomaly/062.png,Anomaly
visa_4a9616a71f017957,1,/data/gauss/ldh/myDatasets/VisA/candle/Data/Masks/Anomaly/063.png,Anomaly
visa_2bea9ad03e885b55,1,/data/gauss/ldh/myDatasets/VisA/candle/Data/Masks/Anomaly/064.png,Anomaly
visa_eb278a6928631bfb,1,/data/gauss/ldh/myDatasets/VisA/candle/Data/Masks/Anomaly/065.png,Anomaly
visa_ad861cf207b992f1,1,/data/gauss/ldh/myDatasets/VisA/candle/Data/Masks/Anomaly/066.png,Anomaly
visa_b2681c80c31ef90f,1,/data/gauss/ldh/myDatasets/VisA/candle/Data/Masks/Anomaly/067.png,Anomaly
visa_d87bf98e204d3b75,1,/data/gauss/ldh/myDatasets/VisA/candle/Data/Masks/Anomaly/068.png,Anomaly
visa_e328aba7f84cf2c8,1,/data/gauss/ldh/myDatasets/VisA/candle/Data/Masks/Anomaly/069.png,Anomaly
visa_852710f3193c359c,1,/data/gauss/ldh/myDatasets/VisA/candle/Data/Masks/Anomaly/070.png,Anomaly
visa_6ad37f73fbe8c421,1,/data/gauss/ldh/myDatasets/VisA/candle/Data/Masks/Anomaly/071.png,Anomaly
visa_4786bf8db8d6c77a,1,/data/gauss/ldh/myDatasets/VisA/candle/Data/Masks/Anomaly/072.png,Anomaly
visa_d85a97aeaefbc32d,1,/data/gauss/ldh/myDatasets/VisA/candle/Data/Masks/Anomaly/073.png,Anomaly
visa_f1b5d17f95f0a585,1,/data/gauss/ldh/myDatasets/VisA/candle/Data/Masks/Anomaly/074.png,Anomaly
visa_d3f96e7cdd468ba1,1,/data/gauss/ldh/myDatasets/VisA/candle/Data/Masks/Anomaly/075.png,Anomaly
visa_fdb565c57a369e09,1,/data/gauss/ldh/myDatasets/VisA/candle/Data/Masks/Anomaly/076.png,Anomaly
visa_8f5bfe214da1e8a9,1,/data/gauss/ldh/myDatasets/VisA/candle/Data/Masks/Anomaly/077.png,Anomaly
visa_5411a6e45570f5c9,1,/data/gauss/ldh/myDatasets/VisA/candle/Data/Masks/Anomaly/078.png,Anomaly
visa_3bfb75606b829ac2,1,/data/gauss/ldh/myDatasets/VisA/candle/Data/Masks/Anomaly/079.png,Anomaly
visa_eadbe2734387e644,1,/data/gauss/ldh/myDatasets/VisA/candle/Data/Masks/Anomaly/080.png,Anomaly
visa_b91cfefc7ea6dd05,1,/data/gauss/ldh/myDatasets/VisA/candle/Data/Masks/Anomaly/081.png,Anomaly
visa_c009b607150b8313,1,/data/gauss/ldh/myDatasets/VisA/candle/Data/Masks/Anomaly/082.png,Anomaly
visa_bd1519b2ed99eaff,1,/data/gauss/ldh/myDatasets/VisA/candle/Data/Masks/Anomaly/083.png,Anomaly
visa_e40d7b191485fb7c,1,/data/gauss/ldh/myDatasets/VisA/candle/Data/Masks/Anomaly/084.png,Anomaly
visa_488b323c2a1c5194,1,/data/gauss/ldh/myDatasets/VisA/candle/Data/Masks/Anomaly/085.png,Anomaly
visa_45aad3ccba325126,1,/data/gauss/ldh/myDatasets/VisA/candle/Data/Masks/Anomaly/086.png,Anomaly
visa_0310a386f69f1de7,1,/data/gauss/ldh/myDatasets/VisA/candle/Data/Masks/Anomaly/087.png,Anomaly
visa_0efb32c1a411b965,1,/data/gauss/ldh/myDatasets/VisA/candle/Data/Masks/Anomaly/088.png,Anomaly
visa_259eb438366931be,1,/data/gauss/ldh/myDatasets/VisA/candle/Data/Masks/Anomaly/089.png,Anomaly
visa_5fa1319ee51a0357,1,/data/gauss/ldh/myDatasets/VisA/candle/Data/Masks/Anomaly/090.png,Anomaly
visa_3e3f2fab4159c849,1,/data/gauss/ldh/myDatasets/VisA/candle/Data/Masks/Anomaly/091.png,Anomaly
visa_87076f487053f881,1,/data/gauss/ldh/myDatasets/VisA/candle/Data/Masks/Anomaly/092.png,Anomaly
visa_d598d3d156c5fdb7,1,/data/gauss/ldh/myDatasets/VisA/candle/Data/Masks/Anomaly/093.png,Anomaly
visa_cc5a2bb9e323946f,1,/data/gauss/ldh/myDatasets/VisA/candle/Data/Masks/Anomaly/094.png,Anomaly
visa_f950cdbd4624ba57,1,/data/gauss/ldh/myDatasets/VisA/candle/Data/Masks/Anomaly/095.png,Anomaly
visa_1dbd146bbbe0c77a,1,/data/gauss/ldh/myDatasets/VisA/candle/Data/Masks/Anomaly/096.png,Anomaly
visa_1370a8f6b5b0c28f,1,/data/gauss/ldh/myDatasets/VisA/candle/Data/Masks/Anomaly/097.png,Anomaly
visa_75b45d461555dc1e,1,/data/gauss/ldh/myDatasets/VisA/candle/Data/Masks/Anomaly/098.png,Anomaly
visa_bb7b9651cfbc915e,1,/data/gauss/ldh/myDatasets/VisA/candle/Data/Masks/Anomaly/099.png,Anomaly
visa_d6f4023a5db2b290,0,,good
visa_2938b0c6226d4952,0,,good
visa_84f37ad4bfef126d,0,,good
visa_622ad65708f64d88,0,,good
visa_ebbd82687d64696b,0,,good
visa_2fe48d8d82368f7c,0,,good
visa_89fe88c800f75e93,0,,good
visa_022dd4997164e01a,0,,good
visa_f50ce8c2d7d63332,0,,good
visa_12e0b77fef05a7e6,0,,good
visa_98e4168cb20490d5,0,,good
visa_ef9fdd19c7236f29,0,,good
visa_16e17841f8bfbe58,0,,good
visa_83ada5b25b6969df,0,,good
visa_9d7a1185d6c9ed3d,0,,good
visa_748847ba1262571c,0,,good
visa_c78914fa78fa3779,0,,good
visa_5ceafa4b569dfeef,0,,good
visa_3540dc41f35e96fd,0,,good
visa_d0a3bdc89044933e,0,,good
visa_78e57134841c6ee8,0,,good
visa_20a21c5544159c88,0,,good
visa_bef7b2880575f3d4,0,,good
visa_8476fd023dd8296e,0,,good
visa_4aa5384f6891eb8d,0,,good
visa_53333c163b8b6f15,0,,good
visa_2dcb2b0a0c310124,0,,good
visa_3de96c6be2d3bca6,0,,good
visa_8ad9aaa4913d548b,0,,good
visa_780dd7bd65a43a13,0,,good
visa_7b448a103194d212,0,,good
visa_39c63214ef701bd0,0,,good
visa_c544b6fb75d91d8b,0,,good
visa_f930435789fd1fc7,0,,good
visa_829464690a394ecc,0,,good
visa_aa2832d67cd49271,0,,good
visa_afdc99b9bb1a50c2,0,,good
visa_c8b77c5274c64933,0,,good
visa_4c2f5c349a0cea82,0,,good
visa_bf1f4a7f6ef5bfc6,0,,good
visa_f80401e55fa726d6,0,,good
visa_9e8f9df2085bf51b,0,,good
visa_06cf003315fb9e47,0,,good
visa_58c1e87357ce88ec,0,,good
visa_d0c63383c59b6a8c,0,,good
visa_375fef23df11a006,0,,good
visa_e753a88242a4f4ff,0,,good
visa_d53239e20e235691,0,,good
visa_1ff2365257d8e196,0,,good
visa_9952d353c864d1b1,0,,good
visa_840b631c58e7f9e0,0,,good
visa_222f4b40cd56e119,0,,good
visa_1eb2bba344588e69,0,,good
visa_1b2fbad92d51764d,0,,good
visa_bf67dbeb7d65c976,0,,good
visa_862288aa7d83fdfd,0,,good
visa_70299673bc85358e,0,,good
visa_ac4d37d67e3ac1f0,0,,good
visa_e96c8c8377bf8ee3,0,,good
visa_623463d056a3ccb2,0,,good
visa_59881a945b4c34c1,0,,good
visa_5252b8aa312dcbbc,0,,good
visa_dd4b55f395812ff7,0,,good
visa_43ae7b8693d6780f,0,,good
visa_91dab486da3bb510,0,,good
visa_d96938ddbc13c171,0,,good
visa_adb83d32ea1f91b7,0,,good
visa_2507d0f27d2e9228,0,,good
visa_68aafce7f0e6b203,0,,good
visa_3bcd11a5397af059,0,,good
visa_c0916726dc209c54,0,,good
visa_a3f2f7f497471a5e,0,,good
visa_54dee375197d25dc,0,,good
visa_181fe0bd0307b63f,0,,good
visa_850afa7fdaed8ab4,0,,good
visa_c590315e873d9e21,0,,good
visa_d33fe7fecda6b07d,0,,good
visa_ffeba3a0c7b5197b,0,,good
visa_4f67ae792260a6d2,0,,good
visa_7d2a6415ca165270,0,,good
visa_70a86a0249180543,0,,good
visa_bf339ae5d7c80726,0,,good
visa_95de34b0808411d6,0,,good
visa_953b4685711e9c73,0,,good
visa_23840b8df15e87cf,0,,good
visa_7caa062c9cdf5a75,0,,good
visa_e8129d9d8b845ac3,0,,good
visa_30c28fe1d04be118,0,,good
visa_3b06a5e74370afb3,0,,good
visa_f447cec5a8ba0747,0,,good
visa_f8d06260b5a05825,0,,good
visa_ffac3fe26c15ca93,0,,good
visa_904614da7e1a38bb,0,,good
visa_aa1f4587b414edc9,0,,good
visa_0bb99036c6733687,0,,good
visa_6fd2fd278986ecec,0,,good
visa_ee308f73b7477dd8,0,,good
visa_5afe6c8c6943a3a1,0,,good
visa_5a34601ab7f7e6cd,0,,good
visa_921225600f0b12d9,0,,good
visa_89cef39de213c6f7,0,,good
visa_5c7d30e060ac23da,0,,good
visa_292200ede967082f,0,,good
visa_112bb722d18c8663,0,,good
visa_f30f5d1c32943e87,0,,good
visa_f898a49f5f3cfc69,0,,good
visa_c093edab1d6b2401,0,,good
visa_67d80e6efb4a47e4,0,,good
visa_410556c69ae8182d,0,,good
visa_398696ede7999397,0,,good
visa_1b7caaa26eac4485,0,,good
visa_7733f4eafe406d70,0,,good
visa_fef81cf15fb7ac33,0,,good
visa_364a8e693463f053,0,,good
visa_70e7f1fe98b85058,0,,good
visa_b1f56a41f47ecc9b,0,,good
visa_67b0f2cf930570c0,0,,good
visa_eedc964981aa8510,0,,good
visa_7c2abfe94d80892e,0,,good
visa_378f0e49a2427ba3,0,,good
visa_3e08257ce36b1ff1,0,,good
visa_854168114fbe7466,0,,good
visa_8dbba5770b1b2766,0,,good
visa_bf818fff94c8585a,0,,good
visa_2d9046ec737e6ddf,0,,good
visa_5f399f9bd0696d61,0,,good
visa_ddc6f0750c99a407,0,,good
visa_d38dc6f78ff3993e,0,,good
visa_1057c6344a2c33b1,0,,good
visa_ef026ecacbd1c6f6,0,,good
visa_31fa1e99b8e2a6c0,0,,good
visa_26353509e30d7be5,0,,good
visa_9f5d9ef2bae1c6f8,0,,good
visa_d6dc455b7261b9d0,0,,good
visa_af73937f7da0a6b3,0,,good
visa_ddbaf905215383bf,0,,good
visa_81d6566608e2853f,0,,good
visa_b917105a31809508,0,,good
visa_f3ac9f33e79eb4f8,0,,good
visa_79ef27089f8272b6,0,,good
visa_90ea2a3b9668008f,0,,good
visa_9dcd9695259ecb66,0,,good
visa_0cecb574121eeb7b,0,,good
visa_9121bba30600822e,0,,good
visa_84b06551483a298f,0,,good
visa_ee3117e2cfe2d4ac,0,,good
visa_4c73aa2d6c310112,0,,good
visa_9a0934a4d5ac5cda,0,,good
visa_c120c3f37df25b59,0,,good
visa_e3fc31bedb936b02,0,,good
visa_94594e674b2cf46b,0,,good
visa_9453a675cabfd3d3,0,,good
visa_97814a511c611ca4,0,,good
visa_8fa5b5ffedd33476,0,,good
visa_8195b8bd9704eb57,0,,good
visa_e6e6736f1aa6a8c7,0,,good
visa_08f72c6734b444c8,0,,good
visa_4086d5526cdcb17d,0,,good
visa_f42ec2e0fa3977c7,0,,good
visa_c3b90dc8dceb55a8,0,,good
visa_42ea12b30aec05cc,0,,good
visa_9cef473ad7ccdbfc,0,,good
visa_2a698f2054c6af45,0,,good
visa_67fda54e71ec9083,0,,good
visa_b507264288ab3e9b,0,,good
visa_a258ea86f68d387e,0,,good
visa_7232ab8942b799c6,0,,good
visa_a8cf4eb5319bf58d,0,,good
visa_b22f78f57e24c3c9,0,,good
visa_d1612993eee55626,0,,good
visa_e60d261632a5c332,0,,good
visa_a6e427c80c663f2e,0,,good
visa_bf0c4c544b035967,0,,good
visa_c64f14e11b9639a4,0,,good
visa_c4dd46d1a32d0272,0,,good
visa_abe5b66b3e3df70b,0,,good
visa_3645047cb78b66b2,0,,good
visa_6ca4f4bb670ead36,0,,good
visa_0af26b966015f67d,0,,good
visa_db3e9139acc8cb7f,0,,good
visa_82cfe1d5109097bf,0,,good
visa_dfe446460b9c62a4,0,,good
visa_15419b14487ec7e4,0,,good
visa_388b09e0cdf056c6,0,,good
visa_d99ae0b687052e89,0,,good
visa_f91336a7737e9350,0,,good
visa_b7113ce8b2ba2556,0,,good
visa_b3915f3ea4bef959,0,,good
visa_9d1a2ce7901eae89,0,,good
visa_3720f0d3c746bb86,0,,good
visa_9c7d9ef68448c2df,0,,good
visa_90ed7dc9291fd8e9,0,,good
visa_d62e6544fe8d7718,0,,good
visa_c87e3ff6ae475299,0,,good
visa_7bd1e819aba34342,0,,good
visa_e99b14dd2c5dad9d,0,,good
visa_e31357e726a0a64e,0,,good
visa_ca45ee09bf5d248c,0,,good
visa_ec5d42246f60919f,0,,good
visa_74d9e09528d24597,0,,good
visa_a120c5ecf261149f,0,,good
visa_24f27da7ddbf203f,0,,good
visa_6b2d27966227bec0,0,,good
visa_e764de1bac9c97e3,0,,good
visa_b6b795272403f651,0,,good
visa_459b25fb10d4017c,0,,good
visa_19a8547c97b00ea1,0,,good
visa_a70201ed6d37da85,0,,good
visa_b556bab4087dd22a,0,,good
visa_d60a7eccaafa868c,0,,good
visa_6b0227c163c96774,0,,good
visa_20499bde0a1a1fe2,0,,good
visa_c225bdd81b756851,0,,good
visa_3dbeeb574babf9a3,0,,good
visa_808c3036c1bd4c30,0,,good
visa_d6736fa87bb34355,0,,good
visa_aa8c169cb2564160,0,,good
visa_9e9fb4d083de565e,0,,good
visa_0ffc006741c63878,0,,good
visa_e16f05144f828c43,0,,good
visa_ec99270aa63602fe,0,,good
visa_36807f2e1684495b,0,,good
visa_ba4c53fc45ec1161,0,,good
visa_8e6c8ec331cec9e5,0,,good
visa_d441cb9152966c24,0,,good
visa_c6ae32da06bf078c,0,,good
visa_c4f75d0367ca4b00,0,,good
visa_75762e9a68718db2,0,,good
visa_d2491de2ab40553e,0,,good
visa_882622afee979fc5,0,,good
visa_af5e9c904d936b74,0,,good
visa_a59cebadd0ece96f,0,,good
visa_a5c6f7639fc719a0,0,,good
visa_2042664abb04b3ab,0,,good
visa_642250e336c1c767,0,,good
visa_3363552f2d7eafa1,0,,good
visa_9d1784a2dfd00370,0,,good
visa_e86b2f31862c8f56,0,,good
visa_d9d76aaf44fd4b57,0,,good
visa_b6cb99c0bcdf4637,0,,good
visa_938cf3dd81988844,0,,good
visa_3adb3b1907bea139,0,,good
visa_7244cb41ea337ffc,0,,good
visa_4f5b79f272b4bf45,0,,good
visa_05124c6fbfceb0d1,0,,good
visa_2a4077c573276f57,0,,good
visa_cd0e9d3d55e8400e,0,,good
visa_4bc617cb4d256f31,0,,good
visa_e9e70fb3d0890947,0,,good
visa_3684341b9b3850db,0,,good
visa_e3ffc082d6e8d181,0,,good
visa_e6741d22ae944e73,0,,good
visa_0f7c36c3ee599d2b,0,,good
visa_f33390a53826b557,0,,good
visa_dbcfbcf1f07f66c6,0,,good
visa_598e0431d08d383f,0,,good
visa_5a37d65cb21c4203,0,,good
visa_3f3e5693d29cb906,0,,good
visa_6cba749f34111f0e,0,,good
visa_1a296f68372c0e43,0,,good
visa_8bc15d00a5371908,0,,good
visa_6ef001619c8578a3,0,,good
visa_b0e34a60d9242d70,0,,good
visa_fa5a1db0e751dec1,0,,good
visa_52da08d0020393ca,0,,good
visa_6b726b0c4c66e87c,0,,good
visa_0c2ca35d150e876e,0,,good
visa_f5298f125048b62b,0,,good
visa_45d66bf0272c8485,0,,good
visa_da946c11bb230967,0,,good
visa_c750e466c1fcced1,0,,good
visa_7d17e5ca54b86287,0,,good
visa_dae9b602dcdc2779,0,,good
visa_e7b71daedff907ec,0,,good
visa_ad5f18ce1c587978,0,,good
visa_2221c83abecf0045,0,,good
visa_ec1ba69c45f5da8f,0,,good
visa_adf605393d439e85,0,,good
visa_2a3c598c47a52cb4,0,,good
visa_f3dd4425715fbba6,0,,good
visa_07b8ec2ce16ed614,0,,good
visa_2b3e0a4cb10e5f1d,0,,good
visa_c6f37ec861020d22,0,,good
visa_7892d02ba1f98971,0,,good
visa_9137dadf584e04da,0,,good
visa_3dd20010b14cb76b,0,,good
visa_b70fe7b6b61bdfd5,0,,good
visa_0b1aa29c52049f2f,0,,good
visa_9efebd8c628aa5be,0,,good
visa_f38bfdc33147767c,0,,good
visa_a1f8dc5e0c3b2f66,0,,good
visa_9cc5cbbfbad356be,0,,good
visa_ff9002c2d6b071b5,0,,good
visa_b1fe1128adb85d3b,0,,good
visa_2a6eabf63fae0a2c,0,,good
visa_820c57be13a49f2d,0,,good
visa_06e1d19a83f0a45b,0,,good
visa_333ba3c549bd1c04,0,,good
visa_2ef6873ca24ead57,0,,good
visa_b8c9ac7626094d28,0,,good
visa_f54061e6aba9d93f,0,,good
visa_50883c25d8ba8011,0,,good
visa_f3c4fcbdf16c60ed,0,,good
visa_f16fffeffd317d24,0,,good
visa_8c17ffb4aed362cd,0,,good
visa_dd3a81d3d6108587,0,,good
visa_a2bbcbf5531e70eb,0,,good
visa_1023bf3bce26f788,0,,good
visa_6de0ff5227da1c0e,0,,good
visa_94415ecbc224acb4,0,,good
visa_6c83b212288028fa,0,,good
visa_8f5ffa8d109b1b35,0,,good
visa_89304241220f3803,0,,good
visa_6c9bdd958de64e67,0,,good
visa_b9bf205ff7aa06a9,0,,good
visa_8fe919a55b023f9d,0,,good
visa_796fb445d58216bf,0,,good
visa_4e294a780c494bef,0,,good
visa_20d1ef6f1f312ce0,0,,good
visa_d59ae12deb931a7e,0,,good
visa_40c24ddd191ebb8d,0,,good
visa_b9598caaf55ba461,0,,good
visa_a6de30989debbb7d,0,,good
visa_a5db805250b15dda,0,,good
visa_f8d93c215084607e,0,,good
visa_be0d0d2b7f243d85,0,,good
visa_0a7f000ed6e18c88,0,,good
visa_24310c4c617010a8,0,,good
visa_20dd06e6223f5ff3,0,,good
visa_d045273a74c61a58,0,,good
visa_3a7707ba98110462,0,,good
visa_f9973129cd6e6d03,0,,good
visa_07b3e503c3518034,0,,good
visa_b1c758a66b27bf90,0,,good
visa_3c77ee6d35bbac23,0,,good
visa_1a3ddfcc0f3b1cc2,0,,good
visa_2d2d7f2624cec147,0,,good
visa_94f30490a02000c0,0,,good
visa_2b64151b02252f5e,0,,good
visa_a48a129bd5a3e006,0,,good
visa_fd26b537202ca683,0,,good
visa_e0e83bbce17df883,0,,good
visa_a7e3f4c8bd8ec2b6,0,,good
visa_3b2389ee417bca1d,0,,good
visa_0c4552345718569b,0,,good
visa_051ecfa57601d706,0,,good
visa_46642ed781c57060,0,,good
visa_2217e97fffa9c419,0,,good
visa_478d9fabe552f2af,0,,good
visa_98e64e168a30e63c,0,,good
visa_24d81ae10b69bef2,0,,good
visa_3eeeeaea99e6f686,0,,good
visa_1e481499e4129a10,0,,good
visa_f84411c1f456c806,0,,good
visa_9b2b74de9c7cac43,0,,good
visa_661988685ea7cd5f,0,,good
visa_87a05c8ce2828cbd,0,,good
visa_7ab826330efe42e7,0,,good
visa_6d8b546605286cef,0,,good
visa_1a7046c0aee64ae5,0,,good
visa_7128e93e18f13dfd,0,,good
visa_e64c81d98fdbe56e,0,,good
visa_e8a96bed0cc38840,0,,good
visa_02b9c080597e1b6b,0,,good
visa_26797d96a5896a29,0,,good
visa_7a3a25660f19e652,0,,good
visa_746388fcb5433df3,0,,good
visa_86a9041e6434c04b,0,,good
visa_cabad52e3cadfcad,0,,good
visa_c1e74360b1bc0d3c,0,,good
visa_2d923d481b1b41f5,0,,good
visa_d54e64f14946d378,0,,good
visa_a1e50d09d94d7709,0,,good
visa_0b7f35081803a09f,0,,good
visa_941fb842e77f1d48,0,,good
visa_306182f8c2b82346,0,,good
visa_8eeec6a978183f57,0,,good
visa_00bf7886342be417,0,,good
visa_cf7e40fe8cd29105,0,,good
visa_d10a7636ada51e61,0,,good
visa_6f758a67acc55d25,0,,good
visa_e593c083df8f435e,0,,good
visa_d246bf0652aa3b10,0,,good
visa_0cf98feb15498522,0,,good
visa_1a657af796ebe33e,0,,good
visa_93add9666b340817,0,,good
visa_400d08c42396be38,0,,good
visa_16672c0b55e0d43b,0,,good
visa_26e693599b4b7025,0,,good
visa_3b79114233b029d4,0,,good
visa_1e0352b5a47a7e32,0,,good
visa_b3272c6098b89b4a,0,,good
visa_843e4ca01338fbab,0,,good
visa_603acb68191a1274,0,,good
visa_543b6d4444dffca7,0,,good
visa_8bca572847ea9942,0,,good
visa_de845f39413a1b5f,0,,good
visa_c72870a6916c440c,0,,good
visa_4684d39444862543,0,,good
visa_726252cefc7b21f4,0,,good
visa_9b7c4025238aabb7,0,,good
visa_ba7ecfb9e50c657b,0,,good
visa_376d675f62315c10,0,,good
visa_881bc703153653bc,0,,good
visa_00fbbcb68b388f88,0,,good
visa_61e79747650bdade,0,,good
visa_48c511b26b8e7f83,0,,good
visa_b170b5231b1a2541,0,,good
visa_bbe60a2faf72d191,0,,good
visa_d159b8197bb79dfc,0,,good
visa_bf90b643e951ba10,0,,good
visa_dfe46b782f12ea9d,0,,good
visa_f62eceb0fe6b4ad3,0,,good
visa_71f5d890085005c9,0,,good
visa_f81538c6a54a818c,0,,good
visa_edaff77e4e4eef8d,0,,good
visa_2887f2eaffb5c828,0,,good
visa_43b0207e0c753869,0,,good
visa_16b834628d75c5a0,0,,good
visa_684b004c3224a0ab,0,,good
visa_bb9d516938970c71,0,,good
visa_338374b11ae5bf2b,0,,good
visa_23b8af316760f8dc,0,,good
visa_eb4ea09eeae83410,0,,good
visa_9ab41c40fb0a2fa2,0,,good
visa_9783cbb0d7d9dccc,0,,good
visa_23fa5d03b17d9b8e,0,,good
visa_d439e44e7741ad10,0,,good
visa_a0d0a6cc7106d63f,0,,good
visa_f34c7acd78c9d832,0,,good
visa_9f2ca5079087f287,0,,good
visa_577909a4e0a8ef0e,0,,good
visa_63b779a3f8c9acd8,0,,good
visa_2eb37f4565d14189,0,,good
visa_28c1552170cae4c1,0,,good
visa_a04fc65bde03b4cc,0,,good
visa_e7823ba823bc8eac,0,,good
visa_ba92ab0fcd8b8011,0,,good
visa_e5672fc86844bacb,0,,good
visa_418cd95d69b04a45,0,,good
visa_45fcb9ae25eec8b6,0,,good
visa_04f11aaf8a30a648,0,,good
visa_094306c0309ae908,0,,good
visa_51bbe210447b88d2,0,,good
visa_84a85784ff0ceb1b,0,,good
visa_ea753690b959d160,0,,good
visa_18605724bb91e6e6,0,,good
visa_d57b14783358d943,0,,good
visa_38574b82e8219ac9,0,,good
visa_d949c6641ea1b073,0,,good
visa_338937e47a9bbcc6,0,,good
visa_257bf36d093f8169,0,,good
visa_9b640e61a6d7221b,0,,good
visa_12b4838f7e89fb4a,0,,good
visa_6726f7daa27ce9de,0,,good
visa_df58421c47f842aa,0,,good
visa_38f85f815be31866,0,,good
visa_d1217bddc03046ba,0,,good
visa_9fff5b44ded7574d,0,,good
visa_00f0b3c47a8b5135,0,,good
visa_b906e19319d5e806,0,,good
visa_a6a015045c544fdd,0,,good
visa_51d2d909550c8371,0,,good
visa_d333a3323566b77e,0,,good
visa_29a2c55c7e0e12d8,0,,good
visa_297645687d4c0e5f,0,,good
visa_1ec0ec91e520750f,0,,good
visa_5fa9bbe0ff0b5d6e,0,,good
visa_6d5ec4266313526f,0,,good
visa_d2f1d8c1c15d2ba5,0,,good
visa_c8a39590a2ef12cf,0,,good
visa_ea0fbe613628be2c,0,,good
visa_81b6ed946d9d6234,0,,good
visa_59dfd0a700ec263b,0,,good
visa_79763ccf7b16217a,0,,good
visa_22aee204d76d5cde,0,,good
visa_48bda76642814725,0,,good
visa_57ef8cd2c5ba8382,0,,good
visa_ca1ab4eacd5cf9ed,0,,good
visa_f93fb9d484c39a14,0,,good
visa_b3fa9a1e3e4af865,0,,good
visa_75e76b8d03092767,0,,good
visa_c997b544fecb9944,0,,good
visa_832d92ccb78f9f34,0,,good
visa_aeb345e73a2f1066,0,,good
visa_9d934141915c204a,0,,good
visa_24cb1db44b8b733e,0,,good
visa_add44b1ca65ad9d3,0,,good
visa_0643ab9ba2d18e1c,0,,good
visa_5fa30140a3e4d365,0,,good
visa_c1ea0f6ae7c51c1c,0,,good
visa_8dd36d876540a9e5,0,,good
visa_5795438b1d4fb712,0,,good
visa_1cd93b9c4ee1ee42,0,,good
visa_59c9440a32320892,0,,good
visa_b01944bd3c160c84,0,,good
visa_7c72a1e38befe3ae,0,,good
visa_eaf83628be7b5086,0,,good
visa_74ccbb37585c42df,0,,good
visa_bfab607dad62ff77,0,,good
visa_7efcfef55733cb81,0,,good
visa_4dcd4b5bc3be62d9,0,,good
visa_02fd1384926ccbdc,0,,good
visa_6cca7c680a65ea11,0,,good
visa_03285f321f766ac1,0,,good
visa_f05446b73e40fbe2,0,,good
visa_57a326172b9a725f,0,,good
visa_a4a8dfe0f2ea0cd5,0,,good
visa_f0b68446a3e7d99e,0,,good
visa_9908745dccf93898,0,,good
visa_02513f57c2aef105,0,,good
visa_5c66cd3f2b0808b5,0,,good
visa_daf1fce9b02be994,0,,good
visa_0594a72b4c861485,0,,good
visa_c7b61c9a71b239d5,0,,good
visa_fb2efc2fa48addc9,0,,good
visa_5657aeef304996ef,0,,good
visa_df1faaa7b7a1d9b7,0,,good
visa_9dcd553abe498887,0,,good
visa_ae877582d7795cf9,0,,good
visa_d9afe6aa3c0e067a,0,,good
visa_504af1ffc35cebb8,0,,good
visa_e82898958868a928,0,,good
visa_9f1896c57506e5db,0,,good
visa_a51e9c71e495b995,0,,good
visa_132b6e0c4bff5132,0,,good
visa_f11dcb684ec3ae4a,0,,good
visa_76275e783dc862fd,0,,good
visa_e9526409d3da0371,0,,good
visa_874d860a45203a6c,0,,good
visa_3d5e940a4ddd3c3c,0,,good
visa_3c093d0c8504e62c,0,,good
visa_62fad0d1b9981f9d,0,,good
visa_4a03ab645a916b78,0,,good
visa_fd990228a329738a,0,,good
visa_cba3744b52746e36,0,,good
visa_cb9fdc8a371df5d1,0,,good
visa_313bac380a512f3f,0,,good
visa_44ca96f2e9003c7c,0,,good
visa_db88ad19704366ac,0,,good
visa_0eb9943cb507aa4a,0,,good
visa_570d4271192d571d,0,,good
visa_1555edcec582e475,0,,good
visa_7bdcccd827fec4b7,0,,good
visa_b229ac9d73febf1e,0,,good
visa_31a55702994a2237,0,,good
visa_d3abc110c5c5790e,0,,good
visa_59ca1d1351e2cec3,0,,good
visa_e3c7998ab117e023,0,,good
visa_d725134d4384f9ed,0,,good
visa_c6b6ffcf7b781ad6,0,,good
visa_83eb183f95f787d6,0,,good
visa_610d25c60358e8be,0,,good
visa_bca132eca167e79c,0,,good
visa_ba7e7c0781dedfcb,0,,good
visa_6ae7df00a3879a97,0,,good
visa_196ac4f313343cd9,0,,good
visa_ec9d893d97c2aebd,0,,good
visa_5a6709c768b83c31,0,,good
visa_fd6f3aea2d53191c,0,,good
visa_36333f0a5f481021,0,,good
visa_6174fa455e9b913d,0,,good
visa_ab1e2e8520ce653a,0,,good
visa_e17e1eb7150cf5d7,0,,good
visa_40772fa993aad57e,0,,good
visa_0ed617a5235ea641,0,,good
visa_2d08d3565cc4de57,0,,good
visa_fa0b9bebdde345e2,0,,good
visa_142770f3e246ec18,0,,good
visa_3dafb0146194653d,0,,good
visa_6271549ed34eb376,0,,good
visa_7a1f12ba998e0ada,0,,good
visa_bc2c871ac3f22118,0,,good
visa_a5accf39e4549e1c,0,,good
visa_a7090892511db5b8,0,,good
visa_9c760f404783c0c1,0,,good
visa_72de2106ae012e30,0,,good
visa_05958f2fb7d514cb,0,,good
visa_7fa94564b4631665,0,,good
visa_f291c083b15dcf01,0,,good
visa_dc11a30f6aed50aa,0,,good
visa_7f6583bc035f14e8,0,,good
visa_374dd42f7e73d059,0,,good
visa_9faece0aca6e29d1,0,,good
visa_e521712d04f8d74e,0,,good
visa_94677a06afdec775,0,,good
visa_73b2da59be6e0b11,0,,good
visa_be9afe368d24ffaa,0,,good
visa_95b030509dec2288,0,,good
visa_e1e7b044119c1996,0,,good
visa_51664609562d70df,0,,good
visa_3ebd3166b6572826,0,,good
visa_d2347b0e79d0ac8e,0,,good
visa_c409364662443cff,0,,good
visa_00007143e33b07e9,0,,good
visa_12b2d7ff4b60f07c,0,,good
visa_72f5cc28c9d8e520,0,,good
visa_276ff0bdaf865665,0,,good
visa_a107f606fc44e025,0,,good
visa_271a4e7147401e8a,0,,good
visa_05f8270f99e34de5,0,,good
visa_c8e1e43ab1c019d2,0,,good
visa_236dfb52e2e22684,1,/data/gauss/ldh/myDatasets/VisA/capsules/Data/Masks/Anomaly/000.png,Anomaly
visa_65a490deaebca384,1,/data/gauss/ldh/myDatasets/VisA/capsules/Data/Masks/Anomaly/001.png,Anomaly
visa_1a648131d9c5a348,1,/data/gauss/ldh/myDatasets/VisA/capsules/Data/Masks/Anomaly/002.png,Anomaly
visa_63a54f140126eb02,1,/data/gauss/ldh/myDatasets/VisA/capsules/Data/Masks/Anomaly/003.png,Anomaly
visa_75b642fe66c4ad40,1,/data/gauss/ldh/myDatasets/VisA/capsules/Data/Masks/Anomaly/004.png,Anomaly
visa_ba8de06ce1426f8d,1,/data/gauss/ldh/myDatasets/VisA/capsules/Data/Masks/Anomaly/005.png,Anomaly
visa_03ff82710be03351,1,/data/gauss/ldh/myDatasets/VisA/capsules/Data/Masks/Anomaly/006.png,Anomaly
visa_8d2629e5b2cd9c64,1,/data/gauss/ldh/myDatasets/VisA/capsules/Data/Masks/Anomaly/007.png,Anomaly
visa_5bd6d72f724b0096,1,/data/gauss/ldh/myDatasets/VisA/capsules/Data/Masks/Anomaly/008.png,Anomaly
visa_4ec140dbeb5728e2,1,/data/gauss/ldh/myDatasets/VisA/capsules/Data/Masks/Anomaly/009.png,Anomaly
visa_8a7659a23ff712e8,1,/data/gauss/ldh/myDatasets/VisA/capsules/Data/Masks/Anomaly/010.png,Anomaly
visa_115402d131213d78,1,/data/gauss/ldh/myDatasets/VisA/capsules/Data/Masks/Anomaly/011.png,Anomaly
visa_1c8e318a4a2a8ff9,1,/data/gauss/ldh/myDatasets/VisA/capsules/Data/Masks/Anomaly/012.png,Anomaly
visa_3608bd3e72ca4496,1,/data/gauss/ldh/myDatasets/VisA/capsules/Data/Masks/Anomaly/013.png,Anomaly
visa_7217b0d83a309e59,1,/data/gauss/ldh/myDatasets/VisA/capsules/Data/Masks/Anomaly/014.png,Anomaly
visa_2ee9c88ccdd2fed6,1,/data/gauss/ldh/myDatasets/VisA/capsules/Data/Masks/Anomaly/015.png,Anomaly
visa_fb761a3775599656,1,/data/gauss/ldh/myDatasets/VisA/capsules/Data/Masks/Anomaly/016.png,Anomaly
visa_7bdf8ade160a48f7,1,/data/gauss/ldh/myDatasets/VisA/capsules/Data/Masks/Anomaly/017.png,Anomaly
visa_35885b1a5987456a,1,/data/gauss/ldh/myDatasets/VisA/capsules/Data/Masks/Anomaly/018.png,Anomaly
visa_78ab2ba7555b28dc,1,/data/gauss/ldh/myDatasets/VisA/capsules/Data/Masks/Anomaly/019.png,Anomaly
visa_1d7d356bb573ddb9,1,/data/gauss/ldh/myDatasets/VisA/capsules/Data/Masks/Anomaly/020.png,Anomaly
visa_8dd188b2ba34322d,1,/data/gauss/ldh/myDatasets/VisA/capsules/Data/Masks/Anomaly/021.png,Anomaly
visa_f42f29649e045c1d,1,/data/gauss/ldh/myDatasets/VisA/capsules/Data/Masks/Anomaly/022.png,Anomaly
visa_df0cd3f4a719b117,1,/data/gauss/ldh/myDatasets/VisA/capsules/Data/Masks/Anomaly/023.png,Anomaly
visa_3b9a8c682156d916,1,/data/gauss/ldh/myDatasets/VisA/capsules/Data/Masks/Anomaly/024.png,Anomaly
visa_f747249462afe35a,1,/data/gauss/ldh/myDatasets/VisA/capsules/Data/Masks/Anomaly/025.png,Anomaly
visa_89bef906fbd957e0,1,/data/gauss/ldh/myDatasets/VisA/capsules/Data/Masks/Anomaly/026.png,Anomaly
visa_fcd6a4f1cd131e60,1,/data/gauss/ldh/myDatasets/VisA/capsules/Data/Masks/Anomaly/027.png,Anomaly
visa_20e6c6e27e715212,1,/data/gauss/ldh/myDatasets/VisA/capsules/Data/Masks/Anomaly/028.png,Anomaly
visa_3517b8608722a121,1,/data/gauss/ldh/myDatasets/VisA/capsules/Data/Masks/Anomaly/029.png,Anomaly
visa_7d80e85a4bebb5b8,1,/data/gauss/ldh/myDatasets/VisA/capsules/Data/Masks/Anomaly/030.png,Anomaly
visa_2632bffa3fc4a7d5,1,/data/gauss/ldh/myDatasets/VisA/capsules/Data/Masks/Anomaly/031.png,Anomaly
visa_f95b2c16e67da43c,1,/data/gauss/ldh/myDatasets/VisA/capsules/Data/Masks/Anomaly/032.png,Anomaly
visa_7d348cb559731d50,1,/data/gauss/ldh/myDatasets/VisA/capsules/Data/Masks/Anomaly/033.png,Anomaly
visa_6d22a0265397c0b5,1,/data/gauss/ldh/myDatasets/VisA/capsules/Data/Masks/Anomaly/034.png,Anomaly
visa_7150ae78d9d75c0b,1,/data/gauss/ldh/myDatasets/VisA/capsules/Data/Masks/Anomaly/035.png,Anomaly
visa_88fbcdd2ef3facb4,1,/data/gauss/ldh/myDatasets/VisA/capsules/Data/Masks/Anomaly/036.png,Anomaly
visa_81ef0102879ab950,1,/data/gauss/ldh/myDatasets/VisA/capsules/Data/Masks/Anomaly/037.png,Anomaly
visa_01ac1f020f7fa684,1,/data/gauss/ldh/myDatasets/VisA/capsules/Data/Masks/Anomaly/038.png,Anomaly
visa_8ebc68bd34a5bef8,1,/data/gauss/ldh/myDatasets/VisA/capsules/Data/Masks/Anomaly/039.png,Anomaly
visa_066a02de1ddd804b,1,/data/gauss/ldh/myDatasets/VisA/capsules/Data/Masks/Anomaly/040.png,Anomaly
visa_ea68e33962335b22,1,/data/gauss/ldh/myDatasets/VisA/capsules/Data/Masks/Anomaly/041.png,Anomaly
visa_748e1a31cedc6630,1,/data/gauss/ldh/myDatasets/VisA/capsules/Data/Masks/Anomaly/042.png,Anomaly
visa_4f380d4f5296b1c5,1,/data/gauss/ldh/myDatasets/VisA/capsules/Data/Masks/Anomaly/043.png,Anomaly
visa_2c87cd088bc8834a,1,/data/gauss/ldh/myDatasets/VisA/capsules/Data/Masks/Anomaly/044.png,Anomaly
visa_915d288fe5703f52,1,/data/gauss/ldh/myDatasets/VisA/capsules/Data/Masks/Anomaly/045.png,Anomaly
visa_69bd6c859ed72ee5,1,/data/gauss/ldh/myDatasets/VisA/capsules/Data/Masks/Anomaly/046.png,Anomaly
visa_ddcd2157b8687ab9,1,/data/gauss/ldh/myDatasets/VisA/capsules/Data/Masks/Anomaly/047.png,Anomaly
visa_1b213a2c153b4226,1,/data/gauss/ldh/myDatasets/VisA/capsules/Data/Masks/Anomaly/048.png,Anomaly
visa_6280c56c6375e087,1,/data/gauss/ldh/myDatasets/VisA/capsules/Data/Masks/Anomaly/049.png,Anomaly
visa_f248ff7416dae976,1,/data/gauss/ldh/myDatasets/VisA/capsules/Data/Masks/Anomaly/050.png,Anomaly
visa_e93667f32a0bf535,1,/data/gauss/ldh/myDatasets/VisA/capsules/Data/Masks/Anomaly/051.png,Anomaly
visa_dcbbfe88bc908a0f,1,/data/gauss/ldh/myDatasets/VisA/capsules/Data/Masks/Anomaly/052.png,Anomaly
visa_49f7a2d2271f32ed,1,/data/gauss/ldh/myDatasets/VisA/capsules/Data/Masks/Anomaly/053.png,Anomaly
visa_441538efee7848a2,1,/data/gauss/ldh/myDatasets/VisA/capsules/Data/Masks/Anomaly/054.png,Anomaly
visa_bd636e630c2e445d,1,/data/gauss/ldh/myDatasets/VisA/capsules/Data/Masks/Anomaly/055.png,Anomaly
visa_deb0b2186e20ef9c,1,/data/gauss/ldh/myDatasets/VisA/capsules/Data/Masks/Anomaly/056.png,Anomaly
visa_d62cc380b0581e29,1,/data/gauss/ldh/myDatasets/VisA/capsules/Data/Masks/Anomaly/057.png,Anomaly
visa_35f9525d2a0fa802,1,/data/gauss/ldh/myDatasets/VisA/capsules/Data/Masks/Anomaly/058.png,Anomaly
visa_3503e3332a0a8d9d,1,/data/gauss/ldh/myDatasets/VisA/capsules/Data/Masks/Anomaly/059.png,Anomaly
visa_86b557de2144ae2c,1,/data/gauss/ldh/myDatasets/VisA/capsules/Data/Masks/Anomaly/060.png,Anomaly
visa_b4b341e5f7d70d85,1,/data/gauss/ldh/myDatasets/VisA/capsules/Data/Masks/Anomaly/061.png,Anomaly
visa_b3f58332ea7ac787,1,/data/gauss/ldh/myDatasets/VisA/capsules/Data/Masks/Anomaly/062.png,Anomaly
visa_fb6e6347621910f4,1,/data/gauss/ldh/myDatasets/VisA/capsules/Data/Masks/Anomaly/063.png,Anomaly
visa_d38f0d1f6951c19d,1,/data/gauss/ldh/myDatasets/VisA/capsules/Data/Masks/Anomaly/064.png,Anomaly
visa_5d19e58a76399e84,1,/data/gauss/ldh/myDatasets/VisA/capsules/Data/Masks/Anomaly/065.png,Anomaly
visa_c901b5c45f2444ec,1,/data/gauss/ldh/myDatasets/VisA/capsules/Data/Masks/Anomaly/066.png,Anomaly
visa_3d761558d7ddcbb5,1,/data/gauss/ldh/myDatasets/VisA/capsules/Data/Masks/Anomaly/067.png,Anomaly
visa_1ffc5629d3070966,1,/data/gauss/ldh/myDatasets/VisA/capsules/Data/Masks/Anomaly/068.png,Anomaly
visa_a70f72c75867931d,1,/data/gauss/ldh/myDatasets/VisA/capsules/Data/Masks/Anomaly/069.png,Anomaly
visa_e68f37aaaf3e8c9c,1,/data/gauss/ldh/myDatasets/VisA/capsules/Data/Masks/Anomaly/070.png,Anomaly
visa_faea94f08b380e7d,1,/data/gauss/ldh/myDatasets/VisA/capsules/Data/Masks/Anomaly/071.png,Anomaly
visa_05ac70c0c22be93f,1,/data/gauss/ldh/myDatasets/VisA/capsules/Data/Masks/Anomaly/072.png,Anomaly
visa_1219af339c24f6c7,1,/data/gauss/ldh/myDatasets/VisA/capsules/Data/Masks/Anomaly/073.png,Anomaly
visa_ecc893aac68c1dfb,1,/data/gauss/ldh/myDatasets/VisA/capsules/Data/Masks/Anomaly/074.png,Anomaly
visa_b05dd7ee35d49558,1,/data/gauss/ldh/myDatasets/VisA/capsules/Data/Masks/Anomaly/075.png,Anomaly
visa_ca59649a9fb8bc88,1,/data/gauss/ldh/myDatasets/VisA/capsules/Data/Masks/Anomaly/076.png,Anomaly
visa_33c9c967c890f3fc,1,/data/gauss/ldh/myDatasets/VisA/capsules/Data/Masks/Anomaly/077.png,Anomaly
visa_3e4f0e297bca95f0,1,/data/gauss/ldh/myDatasets/VisA/capsules/Data/Masks/Anomaly/078.png,Anomaly
visa_28afb98bf1466cee,1,/data/gauss/ldh/myDatasets/VisA/capsules/Data/Masks/Anomaly/079.png,Anomaly
visa_0efbe81618e95775,1,/data/gauss/ldh/myDatasets/VisA/capsules/Data/Masks/Anomaly/080.png,Anomaly
visa_99f0dc440c19253c,1,/data/gauss/ldh/myDatasets/VisA/capsules/Data/Masks/Anomaly/081.png,Anomaly
visa_5f36031d1df6146f,1,/data/gauss/ldh/myDatasets/VisA/capsules/Data/Masks/Anomaly/082.png,Anomaly
visa_bba8cd25d25f571e,1,/data/gauss/ldh/myDatasets/VisA/capsules/Data/Masks/Anomaly/083.png,Anomaly
visa_bce2a7cb52f7f93d,1,/data/gauss/ldh/myDatasets/VisA/capsules/Data/Masks/Anomaly/084.png,Anomaly
visa_425fc0fa1f447e89,1,/data/gauss/ldh/myDatasets/VisA/capsules/Data/Masks/Anomaly/085.png,Anomaly
visa_437058c2f255e240,1,/data/gauss/ldh/myDatasets/VisA/capsules/Data/Masks/Anomaly/086.png,Anomaly
visa_0a3c90ec73ef4c2a,1,/data/gauss/ldh/myDatasets/VisA/capsules/Data/Masks/Anomaly/087.png,Anomaly
visa_858aa951b71706f9,1,/data/gauss/ldh/myDatasets/VisA/capsules/Data/Masks/Anomaly/088.png,Anomaly
visa_9756bbf2c60df1f4,1,/data/gauss/ldh/myDatasets/VisA/capsules/Data/Masks/Anomaly/089.png,Anomaly
visa_f8488e142315f344,1,/data/gauss/ldh/myDatasets/VisA/capsules/Data/Masks/Anomaly/090.png,Anomaly
visa_c1927c00673d9383,1,/data/gauss/ldh/myDatasets/VisA/capsules/Data/Masks/Anomaly/091.png,Anomaly
visa_181e61ce34579274,1,/data/gauss/ldh/myDatasets/VisA/capsules/Data/Masks/Anomaly/092.png,Anomaly
visa_c6a4e34bdb46a8ef,1,/data/gauss/ldh/myDatasets/VisA/capsules/Data/Masks/Anomaly/093.png,Anomaly
visa_6e58e495a738dc85,1,/data/gauss/ldh/myDatasets/VisA/capsules/Data/Masks/Anomaly/094.png,Anomaly
visa_35e7ae1a6595f563,1,/data/gauss/ldh/myDatasets/VisA/capsules/Data/Masks/Anomaly/095.png,Anomaly
visa_af347713e63c411b,1,/data/gauss/ldh/myDatasets/VisA/capsules/Data/Masks/Anomaly/096.png,Anomaly
visa_485d38e82b0389b8,1,/data/gauss/ldh/myDatasets/VisA/capsules/Data/Masks/Anomaly/097.png,Anomaly
visa_500e2f451332f911,1,/data/gauss/ldh/myDatasets/VisA/capsules/Data/Masks/Anomaly/098.png,Anomaly
visa_8b436d6086c4babd,1,/data/gauss/ldh/myDatasets/VisA/capsules/Data/Masks/Anomaly/099.png,Anomaly
visa_e6756bc05b9b9542,0,,good
visa_40843aa0883a82c9,0,,good
visa_ade92b3539360c1b,0,,good
visa_74717931cdcd3cae,0,,good
visa_83ca4f85663da996,0,,good
visa_b843bda034141292,0,,good
visa_e483fee4a8af3799,0,,good
visa_4c2acdfbd14b0a31,0,,good
visa_f0bfebdd6f21124d,0,,good
visa_9758a24d08e340b4,0,,good
visa_d8e9d06846cd4dcc,0,,good
visa_6c9a0e5718c2836e,0,,good
visa_91c1afc863264786,0,,good
visa_bb2b397dcb2e908e,0,,good
visa_7d6ee218e51e6929,0,,good
visa_ee0a353f6afff24d,0,,good
visa_8f766a794d526652,0,,good
visa_5b54691b83461a25,0,,good
visa_0f950a6521b3ff4e,0,,good
visa_53a5ea872ec39025,0,,good
visa_53279d963f108f96,0,,good
visa_85323167c02929c5,0,,good
visa_742248c1c1c33a3a,0,,good
visa_098b821b1e11cd7a,0,,good
visa_32a251937454f955,0,,good
visa_2a3e87b966d2e08c,0,,good
visa_6f70ebb70d804d88,0,,good
visa_f79eded56bb1c544,0,,good
visa_7212da233d7fb44a,0,,good
visa_bed1d0bbc093f276,0,,good
visa_e2bb3e54220810f8,0,,good
visa_63ca77ead4ca7249,0,,good
visa_239c145773d01c1f,0,,good
visa_794d9561f3369325,0,,good
visa_df389517c3aee8f2,0,,good
visa_daed5cfb19a9794b,0,,good
visa_3506c4ec3e2613e3,0,,good
visa_7027397aa3e6231e,0,,good
visa_7272433b303d5d17,0,,good
visa_f4c5356260f0a24e,0,,good
visa_ab558d3d5a85cead,0,,good
visa_1eac5419b53e9f7d,0,,good
visa_08c28d148d6711f4,0,,good
visa_1d0a3e00283e469c,0,,good
visa_1364b4e15f528f9a,0,,good
visa_428f00a56ace82cd,0,,good
visa_b1c647ad95f35355,0,,good
visa_5ce97c94fa381dcb,0,,good
visa_0ac7a4fc4dfbf12c,0,,good
visa_b2842642d8e82957,0,,good
visa_2243d5ac5037b430,0,,good
visa_3e1ef078edbe7c5d,0,,good
visa_515718db125f6b04,0,,good
visa_16a46c9a686ce64f,0,,good
visa_49dc43856a9d20eb,0,,good
visa_68ca091eff8bba94,0,,good
visa_8ec1e8690ebc7aa2,0,,good
visa_5c9e7c39e34f64e1,0,,good
visa_9d3edac68a3cba55,0,,good
visa_74a8111e0014f268,0,,good
visa_f5f2a0197e69d8dc,0,,good
visa_1dc6ae8159faf12d,0,,good
visa_e29a55806f08b540,0,,good
visa_43530f9b362559ab,0,,good
visa_d8965981415f05e3,0,,good
visa_9523509db4f9726d,0,,good
visa_2e76f29720d12889,0,,good
visa_067ce84a2ec28930,0,,good
visa_1f7ae4f287489324,0,,good
visa_35cc5b2782f225dd,0,,good
visa_355b967025ec1952,0,,good
visa_1227995c7bf0e069,0,,good
visa_d70659acbacbaa8e,0,,good
visa_39561e15bdfe9d2b,0,,good
visa_227a196a7f22bcb1,0,,good
visa_edf57455794c299c,0,,good
visa_7618ee8c1ba21789,0,,good
visa_b08a4ebab69af612,0,,good
visa_2c07a87da7475015,0,,good
visa_5c135eea4b6a4dab,0,,good
visa_da9c5ac4a1623d29,0,,good
visa_6984c2c0ce4b94a5,0,,good
visa_46e4aa7d0a597618,0,,good
visa_144dbd8d7df4b234,0,,good
visa_6a7f83a4931ea23f,0,,good
visa_acaa6e58e9d22bd1,0,,good
visa_7d87d0ab9edfb162,0,,good
visa_ff5f479d54170a0e,0,,good
visa_f828a49aca3a7476,0,,good
visa_733062534d666503,0,,good
visa_5bae3829297dac5c,0,,good
visa_79edd7b872b52db3,0,,good
visa_b49ecdb9b70395a9,0,,good
visa_5d3d3c0817a9c4a7,0,,good
visa_dc54ff8f7ff01e87,0,,good
visa_ff42b260e4966e83,0,,good
visa_9748df919c0b868b,0,,good
visa_f0c6f63c0b666183,0,,good
visa_f5aca28c06f46879,0,,good
visa_23d0191ae2bd02f0,0,,good
visa_f4c97a86610d1f7a,0,,good
visa_c5f620949876ffec,0,,good
visa_5a758a2a8fbe76ab,0,,good
visa_6b263ffda3a3410a,0,,good
visa_33468e3de8e81f06,0,,good
visa_7f246697450c24d3,0,,good
visa_925800eaebf98567,0,,good
visa_05cf0ab2a5698459,0,,good
visa_cee94e6c27b9fec2,0,,good
visa_4b9d89967e390a6b,0,,good
visa_4f63e358c7f26be5,0,,good
visa_76e806a6e8352cc6,0,,good
visa_c3020ade90367c33,0,,good
visa_ed4ae5c4f1dee26e,0,,good
visa_93466045204e9feb,0,,good
visa_fe045a2f08079f50,0,,good
visa_2a2f2834a3089a22,0,,good
visa_37833cadaba826e0,0,,good
visa_c4c662f38c19bb6a,0,,good
visa_93e3926853671d3d,0,,good
visa_fabcfb4d8524a2a8,0,,good
visa_424dd57cd84344cf,0,,good
visa_e0ec4c3d138c1a6a,0,,good
visa_04a2a6f28d79a7af,0,,good
visa_4596bfd10326448b,0,,good
visa_4594c30bcb7392b4,0,,good
visa_1cc8b43e411adc67,0,,good
visa_a837c30f7885c82e,0,,good
visa_509e268521113b62,0,,good
visa_251682a7613074b6,0,,good
visa_fc9dd399393c089e,0,,good
visa_bb03a2a4d699e0b2,0,,good
visa_8ba106ff79e64930,0,,good
visa_364acb789ed084e0,0,,good
visa_33ba62c4564a0787,0,,good
visa_fc2242f3ede4e8ba,0,,good
visa_7a9d84440fcf297e,0,,good
visa_a4e52257c3b80c72,0,,good
visa_211754ef08711abe,0,,good
visa_10d810b64974a4b7,0,,good
visa_d1a72eed5adb83ae,0,,good
visa_ec595cd2cc8f9c35,0,,good
visa_dd2e77962435ab80,0,,good
visa_891113993344f743,0,,good
visa_62d66f0e57adc2c4,0,,good
visa_5a4e7fe4ba5d4b4f,0,,good
visa_65cc8832d8326b80,0,,good
visa_ba0b0a1c5fa2abda,0,,good
visa_3ace769e285e9b3f,0,,good
visa_67d44a6513730397,0,,good
visa_1663217fb852c0f0,0,,good
visa_8665883834bc6059,0,,good
visa_7580823efbc429a8,0,,good
visa_f8b7a271102230d5,0,,good
visa_771682791c72d555,0,,good
visa_8ea735cbd76284fc,0,,good
visa_f155708a0fa25c67,0,,good
visa_44e495df95cdc564,0,,good
visa_fdecd3847b2af050,0,,good
visa_73c892cecff7e3c9,0,,good
visa_4c9f82e02fca3afa,0,,good
visa_12509c0996d4d6a3,0,,good
visa_49d79c424f264975,0,,good
visa_65d5241a4958614a,0,,good
visa_618a8be0e2f25096,0,,good
visa_4876c3d34577d0ff,0,,good
visa_4b4a0caecf180f49,0,,good
visa_638f1a58349ce93e,0,,good
visa_9dc88dbdbac973d5,0,,good
visa_e696b24754c00f13,0,,good
visa_260aaf55c31120d4,0,,good
visa_9dc27b26ea356cb5,0,,good
visa_1cbd4a6a8d56999a,0,,good
visa_aea6871fd6d832c2,0,,good
visa_c352c7fda7ae0945,0,,good
visa_75202137888fe556,0,,good
visa_737d8ed5fe26cf98,0,,good
visa_0cc8852acc1d71af,0,,good
visa_47424a8fdc7d69f0,0,,good
visa_74e678614009c059,0,,good
visa_da0f5712df858636,0,,good
visa_4cf1a845022307c4,0,,good
visa_21c1c921386ad272,0,,good
visa_b97e395150bcd23b,0,,good
visa_84faf88a070ac3d2,0,,good
visa_e5b4a4f9010b2129,0,,good
visa_441786115fac1949,0,,good
visa_4c89376e1e587513,0,,good
visa_d1a64b5887ee9549,0,,good
visa_886206d7db2fcf86,0,,good
visa_003642d0cfa2cc25,0,,good
visa_1ecfa483dd540b2e,0,,good
visa_8806f4d225aa121f,0,,good
visa_d2939599fd42c8c0,0,,good
visa_ce93dc5ca4ac11d1,0,,good
visa_fa4d3f0881aecd9c,0,,good
visa_340989f00cf1b223,0,,good
visa_a88da77c2d16a0f5,0,,good
visa_7e9478462fc818aa,0,,good
visa_cc06c763dfc79eee,0,,good
visa_56faf33b2498a3cc,0,,good
visa_62a5b8c16d8ee236,0,,good
visa_08e33d8238c340a4,0,,good
visa_8dd2b0b273978209,0,,good
visa_00f3d38d1b8793bd,0,,good
visa_b3c69947a3394a90,0,,good
visa_d6ba5c839dbeb476,0,,good
visa_7a65d6d3fbb4e922,0,,good
visa_b9eeb5f032d899fe,0,,good
visa_d78a20b208a111c9,0,,good
visa_d69f50460609de69,0,,good
visa_2a3362c189d8c310,0,,good
visa_51a149cd5bef648f,0,,good
visa_60cff904157c9148,0,,good
visa_a533a83d8c39ec4e,0,,good
visa_5376fb7024487849,0,,good
visa_201cf636de3bfff7,0,,good
visa_50d40067b32c5d59,0,,good
visa_dca5382c8527432f,0,,good
visa_c6d023f0ae801a27,0,,good
visa_019b5711e3fa66c1,0,,good
visa_bdd564e214f62ce4,0,,good
visa_1cd9b5fab7a6aca5,0,,good
visa_3b6d2bf1252a20a0,0,,good
visa_cce3eada4873365c,0,,good
visa_c3cbd17c8ba67aa9,0,,good
visa_29f9a5a36b987115,0,,good
visa_1204318eaf410f2e,0,,good
visa_0ee2542ef50609b0,0,,good
visa_18c68fd0dee80077,0,,good
visa_0952eb05d6172d92,0,,good
visa_6412e44e6871e76d,0,,good
visa_44abf10b80614445,0,,good
visa_da2c0658790831f8,0,,good
visa_f9a9813e59c4674e,0,,good
visa_a928f919e8325b8a,0,,good
visa_d86ea0ecd97a16d0,0,,good
visa_c8ac1b2ecb7b51cd,0,,good
visa_8bfcb30c1c46e5c6,0,,good
visa_8fc3e3f0c3ff6b5b,0,,good
visa_7d8b1816c4a42bf5,0,,good
visa_ba94d88cc1bd773c,0,,good
visa_875e535bb9fb64fb,0,,good
visa_4ae63c3a80db2d10,0,,good
visa_87a86ee1ea30c533,0,,good
visa_f6844358c506acba,0,,good
visa_36ba1e68bfcc089a,0,,good
visa_71d8d966882cd302,0,,good
visa_206c769e76b9d2e7,0,,good
visa_6a477abbb0dff41f,0,,good
visa_ce26ec4c2a33eaee,0,,good
visa_21de1bf738e8577f,0,,good
visa_efaf563a867bdadf,0,,good
visa_5f8304b860f5f469,0,,good
visa_fe3b3c9b9c9d8c36,0,,good
visa_675a35e092a51151,0,,good
visa_5c670baac5f6250e,0,,good
visa_ee9353490903df17,0,,good
visa_49c2607fb407a753,0,,good
visa_4d1221f3bbc9f1ee,0,,good
visa_6bd961193cce3392,0,,good
visa_f31a8a6e1ee5d76c,0,,good
visa_502e539089b0fe24,0,,good
visa_fdfee1eed20a47b9,0,,good
visa_44c386292c9b4b8b,0,,good
visa_b01c7f54b278cd00,0,,good
visa_b0377efa979c0fc7,0,,good
visa_58a4e6a3ad1c6c75,0,,good
visa_95c781ba8f036fd4,0,,good
visa_9748bed64474152e,0,,good
visa_462986fbedee8519,0,,good
visa_6061b866c7f6bd28,0,,good
visa_da4b5b9931d6f5c1,0,,good
visa_0d63777a695ab9d5,0,,good
visa_4e8b950e64111785,0,,good
visa_7cf4d5297575edff,0,,good
visa_328c2f06c27f82ef,0,,good
visa_03b2c006e2a2534d,0,,good
visa_078e3cff3264df65,0,,good
visa_209f3a3b88a2080e,0,,good
visa_84d2073d4e894d6e,0,,good
visa_e9034ebeeae4ad6b,0,,good
visa_3bbb33f2dbf7e6cf,0,,good
visa_8d2a7bf2df56caf6,0,,good
visa_bb826203c8d5f7d0,0,,good
visa_da7dcddbb7c5e0a7,0,,good
visa_b971b6a200325c23,0,,good
visa_8696a4fde9fa0606,0,,good
visa_2af344adbd68a856,0,,good
visa_528cad82ab649b49,0,,good
visa_146dbeca6092138a,0,,good
visa_3b3c57c1eef8b74d,0,,good
visa_83e2936f03a3e4db,0,,good
visa_f6f122ba7c9e8960,0,,good
visa_b75230cab505f8a9,0,,good
visa_77207ababe0c1a43,0,,good
visa_926918286c19b32e,0,,good
visa_528efbab08f1b302,0,,good
visa_ca41c88efa99806a,0,,good
visa_14db62626b216f9d,0,,good
visa_b1deb49a26a71647,0,,good
visa_074f2fe64414bdc0,0,,good
visa_ff7dc33a93bcc0ca,0,,good
visa_147395218c91feb6,0,,good
visa_9aabb9ec88ba97f4,0,,good
visa_f47a1a6983a1b73f,0,,good
visa_bd00793aa617f783,0,,good
visa_9d67a64206640266,0,,good
visa_af3e2220b4453a40,0,,good
visa_ae24ede62abb76eb,0,,good
visa_9f82e26843b5f392,0,,good
visa_95f438f06b153bcb,0,,good
visa_ff5d40ba4691dc62,0,,good
visa_bafe5d719fe39ae6,0,,good
visa_7873e45224f1bbe8,0,,good
visa_4f9499c19dd16610,0,,good
visa_53a17595909588bb,0,,good
visa_12edfc62ebec129d,0,,good
visa_a4ce76d80ab608d4,0,,good
visa_4d2f6d5e1357fb74,0,,good
visa_e3057c27e035cd22,0,,good
visa_645cd47b5dd06d93,0,,good
visa_f80daa7cfbf68c31,0,,good
visa_c165fbe72dc85f3d,0,,good
visa_09798c6838e7f4f3,0,,good
visa_952159799c0f1d6d,0,,good
visa_c8145bec039ee315,0,,good
visa_a9c04a3ceb388bef,0,,good
visa_c6ea9897fc80c691,0,,good
visa_f021bcbb218d3856,0,,good
visa_823ef31ec5cb1c10,0,,good
visa_3caa402abf96e8ed,0,,good
visa_3c35ba210e24fc47,0,,good
visa_3e2022b18d0eb400,0,,good
visa_d5e670aadaa602d5,0,,good
visa_f130348642950ed2,0,,good
visa_0f7a8f650516374e,0,,good
visa_65797ac0a09848b4,0,,good
visa_90cca32c0c5f19b8,0,,good
visa_44062a2ee583b89a,0,,good
visa_ea705b5922dce704,0,,good
visa_1fc4626bb16e7ee1,0,,good
visa_3b7d1a6f85d1c2df,0,,good
visa_0fa8d170ebc1fc65,0,,good
visa_2e03362d5b6c63d8,0,,good
visa_e39776348e7f3779,0,,good
visa_e6887fb1847e6218,0,,good
visa_0341c8662077ac9b,0,,good
visa_4514a4c676b5c5dc,0,,good
visa_11d4d56d475c9c7f,0,,good
visa_f34ff25d76f6c731,0,,good
visa_2163e3957b335e6b,0,,good
visa_cf2b385dfac3e430,0,,good
visa_0a636c4bb875abd3,0,,good
visa_2d47045599056206,0,,good
visa_ef9e0db5beb40537,0,,good
visa_75b025da85ebbc33,0,,good
visa_cf0d4aff4d514066,0,,good
visa_31a28cee09c9960f,0,,good
visa_09b0daee4228c26b,0,,good
visa_45542be1023c5fe9,0,,good
visa_88a08512dd727d53,0,,good
visa_80c646dd82cba176,0,,good
visa_515aa6bd2976a7ed,0,,good
visa_b0a86a9baf440628,0,,good
visa_c9c3791cc82a4024,0,,good
visa_1cf5aa984e5d8454,0,,good
visa_ca1291dc21d0c52c,0,,good
visa_1c80e85cbbc68a85,0,,good
visa_9a035be01e38b8bf,0,,good
visa_ade43275b421a9ae,0,,good
visa_1a8900a3d7611333,0,,good
visa_2d5d0c7a4054b767,0,,good
visa_282264df95ba960b,0,,good
visa_893048bef9d0716b,0,,good
visa_cc36c9094c6479fb,0,,good
visa_9726398dfbbd93a4,0,,good
visa_3f4d8a8d95d024ed,0,,good
visa_b6dee4709ec8850f,0,,good
visa_3352fc2cb59590be,0,,good
visa_47a488c141bb0fe3,0,,good
visa_6726f8bf983f62d1,0,,good
visa_d3ad60ec18e03c86,0,,good
visa_8d2476e4c707610c,0,,good
visa_98e50a4f356e8576,0,,good
visa_13d72d28affe8c53,0,,good
visa_877e2e9ad242af2f,0,,good
visa_af1c5bf44baa1ee7,0,,good
visa_bf85893a225cb374,0,,good
visa_1ee29cce303e7610,0,,good
visa_e122ee841ce43aaa,0,,good
visa_6c405b5eaa391fbc,0,,good
visa_15cf8520ede0be68,0,,good
visa_d318d48948f113c9,0,,good
visa_82ae98ae3139a1dd,0,,good
visa_8f39008a6f0f3298,0,,good
visa_4d70dc9438263c38,0,,good
visa_66d3948ca20e06cc,0,,good
visa_ed2e5369b7a1e4d8,0,,good
visa_96e53eb2ded26903,0,,good
visa_ff2dc23daf84c2e2,0,,good
visa_24938667a581c79e,0,,good
visa_bc7b9411378c7f66,0,,good
visa_a46e3280171c1efa,0,,good
visa_a6218b1703b195b2,0,,good
visa_9adf1eb8ae339c3e,0,,good
visa_990dd223786fe774,0,,good
visa_9932c3e19fd8283d,0,,good
visa_653dadc439ba8f3a,0,,good
visa_4aa88aac8a786252,0,,good
visa_71b5803543050ca7,0,,good
visa_a730ae138fb70345,0,,good
visa_d61a0ffea5bda238,0,,good
visa_3f0286c93a5d2537,0,,good
visa_3d7e20154f373380,0,,good
visa_db9919a334e556f3,0,,good
visa_4b9199ce130aa920,0,,good
visa_b1dc7d3457374c59,0,,good
visa_6cf8abe2244993a6,0,,good
visa_5c3e2e9c99df3ec1,0,,good
visa_fe743c1d6d008d55,0,,good
visa_ab18875aba871fd3,0,,good
visa_e6f02529e3c12a38,0,,good
visa_5727922cbe416663,0,,good
visa_ed143f18c7d9985e,0,,good
visa_1c376c4850c7ca1f,0,,good
visa_2b1146f28ca977de,0,,good
visa_6e6904d24c4326c3,0,,good
visa_6f0a36265421570d,0,,good
visa_239edc543fb29d45,0,,good
visa_32a6b75c7415e156,0,,good
visa_df3fdd85de0c582d,0,,good
visa_e7ff0d5b124599c8,0,,good
visa_2323b3ed0744d8e3,0,,good
visa_7ac3d9666057263d,0,,good
visa_82cc90c42c174f76,0,,good
visa_23c2397a8aef15fb,0,,good
visa_6c87a7a01c1067d8,0,,good
visa_61f21908d92f49d9,0,,good
visa_b945df976ee7b433,0,,good
visa_cb0d0a8767a69b7b,0,,good
visa_dc74ceb144fd9de9,0,,good
visa_7c9c86bc04de3228,0,,good
visa_8d1fda11900de0bb,0,,good
visa_366862a61d19ed2e,0,,good
visa_41418b53b385f307,0,,good
visa_4680792b3901aa8c,0,,good
visa_975a44f643693dbc,0,,good
visa_2122756ad9cd96c8,0,,good
visa_8dcff5f9a8a8d514,0,,good
visa_55032a96678fe7ea,0,,good
visa_e02f4cb34b36c05c,0,,good
visa_361ff59d2d80f810,0,,good
visa_829ab48091f4e8f9,0,,good
visa_b252b73057716ea9,0,,good
visa_87f4a7265e150294,0,,good
visa_ca01d486a85c2278,0,,good
visa_6ba6c1febca03d5a,0,,good
visa_49519fb587720a8c,0,,good
visa_40ecd0e377f6caa4,0,,good
visa_087130b3ea29e369,0,,good
visa_11082aa3987a8ef9,0,,good
visa_79c3695e6c027df5,0,,good
visa_41b9032264ef8b01,0,,good
visa_902e063193dc6cd6,0,,good
visa_e54686b58eee16cc,0,,good
visa_f80e73395308a9d3,0,,good
visa_b046d369e55d429e,0,,good
visa_faf0ca0fc6fc2be2,0,,good
visa_b070e97a482423bd,0,,good
visa_62fec23ef6211b5b,0,,good
visa_97f8b06a8dbf6f47,0,,good
visa_f3f300acac5da201,0,,good
visa_84f4c0772cfd605a,0,,good
visa_333e95fa13195fff,0,,good
visa_b04c4ba621d31752,0,,good
visa_eea1c21391bc70f0,0,,good
visa_a3c7af90f06097e0,0,,good
visa_8fd241fa2ebd3dd8,0,,good
visa_3ca14505d9528317,0,,good
visa_9dc5d57bee553c48,0,,good
visa_af674659b98aae3f,0,,good
visa_94877a6962940a24,0,,good
visa_9543c76b92d3bf12,0,,good
visa_6240a7cd1cc3fc98,0,,good
visa_80a677a5f5e8fee2,0,,good
visa_01c564091407368a,0,,good
visa_e251c9255519ba4f,0,,good
visa_9e20b17a5269fe74,0,,good
visa_b0651267a0e45130,0,,good
visa_0890e4803e9c1f87,0,,good
visa_45e5cb158c230178,0,,good
visa_4f60efc389eb4ea5,0,,good
visa_3e02009baf9c8c01,0,,good
visa_2d173ffab33cbee1,0,,good
visa_e1c946bd42c4ce05,0,,good
visa_63a9bda72e8eb356,0,,good
visa_5da424053a2501b2,0,,good
visa_1dd32b6811f57d3f,0,,good
visa_405dfe14900b75df,0,,good
visa_2444192dfdce5478,1,/data/gauss/ldh/myDatasets/VisA/cashew/Data/Masks/Anomaly/000.png,Anomaly
visa_dbaeb86d742ad89f,1,/data/gauss/ldh/myDatasets/VisA/cashew/Data/Masks/Anomaly/001.png,Anomaly
visa_1bb10a34e94913b4,1,/data/gauss/ldh/myDatasets/VisA/cashew/Data/Masks/Anomaly/002.png,Anomaly
visa_d499182322ef4b72,1,/data/gauss/ldh/myDatasets/VisA/cashew/Data/Masks/Anomaly/003.png,Anomaly
visa_19a57c5c3f33957d,1,/data/gauss/ldh/myDatasets/VisA/cashew/Data/Masks/Anomaly/004.png,Anomaly
visa_7fd6a9bb3fe39499,1,/data/gauss/ldh/myDatasets/VisA/cashew/Data/Masks/Anomaly/005.png,Anomaly
visa_0392904ef0f1d663,1,/data/gauss/ldh/myDatasets/VisA/cashew/Data/Masks/Anomaly/006.png,Anomaly
visa_3c0ff97fe84dcb19,1,/data/gauss/ldh/myDatasets/VisA/cashew/Data/Masks/Anomaly/007.png,Anomaly
visa_462dd31586e2fc88,1,/data/gauss/ldh/myDatasets/VisA/cashew/Data/Masks/Anomaly/008.png,Anomaly
visa_875537df6b76a5d0,1,/data/gauss/ldh/myDatasets/VisA/cashew/Data/Masks/Anomaly/009.png,Anomaly
visa_d8de10cfcfc87399,1,/data/gauss/ldh/myDatasets/VisA/cashew/Data/Masks/Anomaly/010.png,Anomaly
visa_e8d4fbd94466398e,1,/data/gauss/ldh/myDatasets/VisA/cashew/Data/Masks/Anomaly/011.png,Anomaly
visa_7d85d8cefec8df79,1,/data/gauss/ldh/myDatasets/VisA/cashew/Data/Masks/Anomaly/012.png,Anomaly
visa_db53179db665b370,1,/data/gauss/ldh/myDatasets/VisA/cashew/Data/Masks/Anomaly/013.png,Anomaly
visa_4be7f4dfab97c578,1,/data/gauss/ldh/myDatasets/VisA/cashew/Data/Masks/Anomaly/014.png,Anomaly
visa_b5dbb01423116fa5,1,/data/gauss/ldh/myDatasets/VisA/cashew/Data/Masks/Anomaly/015.png,Anomaly
visa_8524b535edcab784,1,/data/gauss/ldh/myDatasets/VisA/cashew/Data/Masks/Anomaly/016.png,Anomaly
visa_f6855cc2784d90f7,1,/data/gauss/ldh/myDatasets/VisA/cashew/Data/Masks/Anomaly/017.png,Anomaly
visa_3495f0aceda66c35,1,/data/gauss/ldh/myDatasets/VisA/cashew/Data/Masks/Anomaly/018.png,Anomaly
visa_788ddbe05b15bc88,1,/data/gauss/ldh/myDatasets/VisA/cashew/Data/Masks/Anomaly/019.png,Anomaly
visa_e541c09f9933d5ba,1,/data/gauss/ldh/myDatasets/VisA/cashew/Data/Masks/Anomaly/020.png,Anomaly
visa_98aac0ad6cfb3975,1,/data/gauss/ldh/myDatasets/VisA/cashew/Data/Masks/Anomaly/021.png,Anomaly
visa_6421e8e49a42bc1a,1,/data/gauss/ldh/myDatasets/VisA/cashew/Data/Masks/Anomaly/022.png,Anomaly
visa_d9f57f311882dd29,1,/data/gauss/ldh/myDatasets/VisA/cashew/Data/Masks/Anomaly/023.png,Anomaly
visa_b0329173cef61701,1,/data/gauss/ldh/myDatasets/VisA/cashew/Data/Masks/Anomaly/024.png,Anomaly
visa_30ab907bc0b18a44,1,/data/gauss/ldh/myDatasets/VisA/cashew/Data/Masks/Anomaly/025.png,Anomaly
visa_48fafc8a8ed9e4e3,1,/data/gauss/ldh/myDatasets/VisA/cashew/Data/Masks/Anomaly/026.png,Anomaly
visa_b027426695e9d64e,1,/data/gauss/ldh/myDatasets/VisA/cashew/Data/Masks/Anomaly/027.png,Anomaly
visa_94217778e6fe23ab,1,/data/gauss/ldh/myDatasets/VisA/cashew/Data/Masks/Anomaly/028.png,Anomaly
visa_f6c34083915ff2ca,1,/data/gauss/ldh/myDatasets/VisA/cashew/Data/Masks/Anomaly/029.png,Anomaly
visa_5ad62c4af9138455,1,/data/gauss/ldh/myDatasets/VisA/cashew/Data/Masks/Anomaly/030.png,Anomaly
visa_c5b1f63581dce598,1,/data/gauss/ldh/myDatasets/VisA/cashew/Data/Masks/Anomaly/031.png,Anomaly
visa_d83c7eba1689737b,1,/data/gauss/ldh/myDatasets/VisA/cashew/Data/Masks/Anomaly/032.png,Anomaly
visa_3969c652e0a0a0f4,1,/data/gauss/ldh/myDatasets/VisA/cashew/Data/Masks/Anomaly/033.png,Anomaly
visa_ac2b7f59f8c66128,1,/data/gauss/ldh/myDatasets/VisA/cashew/Data/Masks/Anomaly/034.png,Anomaly
visa_4846905d8321a5ed,1,/data/gauss/ldh/myDatasets/VisA/cashew/Data/Masks/Anomaly/035.png,Anomaly
visa_55073a54f0bced7b,1,/data/gauss/ldh/myDatasets/VisA/cashew/Data/Masks/Anomaly/036.png,Anomaly
visa_1d08f637345d0631,1,/data/gauss/ldh/myDatasets/VisA/cashew/Data/Masks/Anomaly/037.png,Anomaly
visa_ea26577989b181ab,1,/data/gauss/ldh/myDatasets/VisA/cashew/Data/Masks/Anomaly/038.png,Anomaly
visa_dbc7ef730ccaed37,1,/data/gauss/ldh/myDatasets/VisA/cashew/Data/Masks/Anomaly/039.png,Anomaly
visa_777433d4c8047b3e,1,/data/gauss/ldh/myDatasets/VisA/cashew/Data/Masks/Anomaly/040.png,Anomaly
visa_3f27a04d164f8af5,1,/data/gauss/ldh/myDatasets/VisA/cashew/Data/Masks/Anomaly/041.png,Anomaly
visa_4b6d57b8d511172d,1,/data/gauss/ldh/myDatasets/VisA/cashew/Data/Masks/Anomaly/042.png,Anomaly
visa_0dd0af6d3c049ea1,1,/data/gauss/ldh/myDatasets/VisA/cashew/Data/Masks/Anomaly/043.png,Anomaly
visa_833e11b34b27784c,1,/data/gauss/ldh/myDatasets/VisA/cashew/Data/Masks/Anomaly/044.png,Anomaly
visa_a7b2d1dc312cdfea,1,/data/gauss/ldh/myDatasets/VisA/cashew/Data/Masks/Anomaly/045.png,Anomaly
visa_bc1eefe2c441e29b,1,/data/gauss/ldh/myDatasets/VisA/cashew/Data/Masks/Anomaly/046.png,Anomaly
visa_1eec6842bde9527a,1,/data/gauss/ldh/myDatasets/VisA/cashew/Data/Masks/Anomaly/047.png,Anomaly
visa_8b897c490edd7569,1,/data/gauss/ldh/myDatasets/VisA/cashew/Data/Masks/Anomaly/048.png,Anomaly
visa_03c70b2c0e915044,1,/data/gauss/ldh/myDatasets/VisA/cashew/Data/Masks/Anomaly/049.png,Anomaly
visa_287f7c0b095deb92,1,/data/gauss/ldh/myDatasets/VisA/cashew/Data/Masks/Anomaly/050.png,Anomaly
visa_b8e637c1701cdd4b,1,/data/gauss/ldh/myDatasets/VisA/cashew/Data/Masks/Anomaly/051.png,Anomaly
visa_582482f8eafc2d87,1,/data/gauss/ldh/myDatasets/VisA/cashew/Data/Masks/Anomaly/052.png,Anomaly
visa_a8e0494a963bb0d3,1,/data/gauss/ldh/myDatasets/VisA/cashew/Data/Masks/Anomaly/053.png,Anomaly
visa_ca8fcf99f7b3e680,1,/data/gauss/ldh/myDatasets/VisA/cashew/Data/Masks/Anomaly/054.png,Anomaly
visa_3564dcd71cbfcec4,1,/data/gauss/ldh/myDatasets/VisA/cashew/Data/Masks/Anomaly/055.png,Anomaly
visa_ed20fc47adb96d1c,1,/data/gauss/ldh/myDatasets/VisA/cashew/Data/Masks/Anomaly/056.png,Anomaly
visa_988097e8f7b41153,1,/data/gauss/ldh/myDatasets/VisA/cashew/Data/Masks/Anomaly/057.png,Anomaly
visa_4bf6e7b196685bf5,1,/data/gauss/ldh/myDatasets/VisA/cashew/Data/Masks/Anomaly/058.png,Anomaly
visa_c45391a7b24fdd4d,1,/data/gauss/ldh/myDatasets/VisA/cashew/Data/Masks/Anomaly/059.png,Anomaly
visa_56de1e822d68601b,1,/data/gauss/ldh/myDatasets/VisA/cashew/Data/Masks/Anomaly/060.png,Anomaly
visa_13c043b57269a957,1,/data/gauss/ldh/myDatasets/VisA/cashew/Data/Masks/Anomaly/061.png,Anomaly
visa_a7609595f1aaec84,1,/data/gauss/ldh/myDatasets/VisA/cashew/Data/Masks/Anomaly/062.png,Anomaly
visa_eefbe1b41bf718db,1,/data/gauss/ldh/myDatasets/VisA/cashew/Data/Masks/Anomaly/063.png,Anomaly
visa_f85ad0dceec96a7c,1,/data/gauss/ldh/myDatasets/VisA/cashew/Data/Masks/Anomaly/064.png,Anomaly
visa_f1d18a3b1daf2019,1,/data/gauss/ldh/myDatasets/VisA/cashew/Data/Masks/Anomaly/065.png,Anomaly
visa_b443b023b92a20f7,1,/data/gauss/ldh/myDatasets/VisA/cashew/Data/Masks/Anomaly/066.png,Anomaly
visa_5d40150e433d9d00,1,/data/gauss/ldh/myDatasets/VisA/cashew/Data/Masks/Anomaly/067.png,Anomaly
visa_44e4907f3dcecb01,1,/data/gauss/ldh/myDatasets/VisA/cashew/Data/Masks/Anomaly/068.png,Anomaly
visa_71deb4e3679692ec,1,/data/gauss/ldh/myDatasets/VisA/cashew/Data/Masks/Anomaly/069.png,Anomaly
visa_75a5f42cd18d027b,1,/data/gauss/ldh/myDatasets/VisA/cashew/Data/Masks/Anomaly/070.png,Anomaly
visa_52987ede027fa2ec,1,/data/gauss/ldh/myDatasets/VisA/cashew/Data/Masks/Anomaly/071.png,Anomaly
visa_4bcc30c93a5899aa,1,/data/gauss/ldh/myDatasets/VisA/cashew/Data/Masks/Anomaly/072.png,Anomaly
visa_da80bbbaab8a1648,1,/data/gauss/ldh/myDatasets/VisA/cashew/Data/Masks/Anomaly/073.png,Anomaly
visa_87dde343759be025,1,/data/gauss/ldh/myDatasets/VisA/cashew/Data/Masks/Anomaly/074.png,Anomaly
visa_796061637204ad2a,1,/data/gauss/ldh/myDatasets/VisA/cashew/Data/Masks/Anomaly/075.png,Anomaly
visa_accedc2456549d6e,1,/data/gauss/ldh/myDatasets/VisA/cashew/Data/Masks/Anomaly/076.png,Anomaly
visa_165b5f5efa938c81,1,/data/gauss/ldh/myDatasets/VisA/cashew/Data/Masks/Anomaly/077.png,Anomaly
visa_14f29298d9ff55fd,1,/data/gauss/ldh/myDatasets/VisA/cashew/Data/Masks/Anomaly/078.png,Anomaly
visa_b9e1df0f51ffd8d3,1,/data/gauss/ldh/myDatasets/VisA/cashew/Data/Masks/Anomaly/079.png,Anomaly
visa_54fec83c4f971ab1,1,/data/gauss/ldh/myDatasets/VisA/cashew/Data/Masks/Anomaly/080.png,Anomaly
visa_8291a5603af27248,1,/data/gauss/ldh/myDatasets/VisA/cashew/Data/Masks/Anomaly/081.png,Anomaly
visa_7376ce6e82893aa5,1,/data/gauss/ldh/myDatasets/VisA/cashew/Data/Masks/Anomaly/082.png,Anomaly
visa_66bc6ab480af7bad,1,/data/gauss/ldh/myDatasets/VisA/cashew/Data/Masks/Anomaly/083.png,Anomaly
visa_98df1d8d40d06b32,1,/data/gauss/ldh/myDatasets/VisA/cashew/Data/Masks/Anomaly/084.png,Anomaly
visa_1f58a9e1e3681e7f,1,/data/gauss/ldh/myDatasets/VisA/cashew/Data/Masks/Anomaly/085.png,Anomaly
visa_3502c0d6aeb1a424,1,/data/gauss/ldh/myDatasets/VisA/cashew/Data/Masks/Anomaly/086.png,Anomaly
visa_f9fbf32776330777,1,/data/gauss/ldh/myDatasets/VisA/cashew/Data/Masks/Anomaly/087.png,Anomaly
visa_f2e0c7add99d9ab7,1,/data/gauss/ldh/myDatasets/VisA/cashew/Data/Masks/Anomaly/088.png,Anomaly
visa_2f9f40cc0c94f62b,1,/data/gauss/ldh/myDatasets/VisA/cashew/Data/Masks/Anomaly/089.png,Anomaly
visa_fa8699e549508790,1,/data/gauss/ldh/myDatasets/VisA/cashew/Data/Masks/Anomaly/090.png,Anomaly
visa_f1f8c5a5d37305cc,1,/data/gauss/ldh/myDatasets/VisA/cashew/Data/Masks/Anomaly/091.png,Anomaly
visa_de1f30d7da5abf75,1,/data/gauss/ldh/myDatasets/VisA/cashew/Data/Masks/Anomaly/092.png,Anomaly
visa_c5fb35d19b1f109f,1,/data/gauss/ldh/myDatasets/VisA/cashew/Data/Masks/Anomaly/093.png,Anomaly
visa_d6ba77b1ad9dbb37,1,/data/gauss/ldh/myDatasets/VisA/cashew/Data/Masks/Anomaly/094.png,Anomaly
visa_92c7d00ffa73b200,1,/data/gauss/ldh/myDatasets/VisA/cashew/Data/Masks/Anomaly/095.png,Anomaly
visa_c9a7423ea4e34c3f,1,/data/gauss/ldh/myDatasets/VisA/cashew/Data/Masks/Anomaly/096.png,Anomaly
visa_a3013fda4055525f,1,/data/gauss/ldh/myDatasets/VisA/cashew/Data/Masks/Anomaly/097.png,Anomaly
visa_eed0ef4c379be2c4,1,/data/gauss/ldh/myDatasets/VisA/cashew/Data/Masks/Anomaly/098.png,Anomaly
visa_c1cbbc8302bfd959,1,/data/gauss/ldh/myDatasets/VisA/cashew/Data/Masks/Anomaly/099.png,Anomaly
visa_c2e356d801d14381,0,,good
visa_1448e678ec93e4a8,0,,good
visa_ac57c66c3dedc318,0,,good
visa_d30e41c739226b00,0,,good
visa_d89f5371dfd11919,0,,good
visa_5692292bd33caa18,0,,good
visa_cf3372b8455556df,0,,good
visa_60805743a0eabaee,0,,good
visa_33b2cf9c73f4e8e1,0,,good
visa_8ac27e930bc9bdfe,0,,good
visa_5b3cd13285c80d39,0,,good
visa_1bd1c6ab3c00df25,0,,good
visa_3714348b32e017a4,0,,good
visa_07fe5f4aa314b940,0,,good
visa_c3272bb4b9074708,0,,good
visa_e546896f795a39c7,0,,good
visa_84d83d3d462e67fd,0,,good
visa_43d9e9a2b7e8a40a,0,,good
visa_897b5e2e7e1cdee4,0,,good
visa_72bfba338ea40613,0,,good
visa_2ddaa9e6d5a18490,0,,good
visa_44b3aa4dc4a76a73,0,,good
visa_efd0a31b4deea7d9,0,,good
visa_8e24f8661d5034cf,0,,good
visa_3a62c6311a2754cc,0,,good
visa_63957ea3f4661341,0,,good
visa_e5e4a12c8e93f41c,0,,good
visa_2426954c5682eab8,0,,good
visa_cdd555b3b32d26c4,0,,good
visa_654c58d0d33631c1,0,,good
visa_6991c90a76ba5dae,0,,good
visa_d8c3bfadb60813d6,0,,good
visa_8827a0572335575f,0,,good
visa_4a7817b0b2f637ae,0,,good
visa_0e9c4547b4bf24fa,0,,good
visa_b4245c39333b1c72,0,,good
visa_c584b0d33dcba77a,0,,good
visa_41fa5b71bab0e420,0,,good
visa_6872a89c38558052,0,,good
visa_ad9a1166c30be9d8,0,,good
visa_ef4670fede32420d,0,,good
visa_4286989fb2dc6d15,0,,good
visa_ed59112adefd7da2,0,,good
visa_8726c54c95c73f3a,0,,good
visa_598ad6a0cb0dc88d,0,,good
visa_84890256160b55e1,0,,good
visa_dd9fb096ecea276f,0,,good
visa_efeef282c3cce606,0,,good
visa_42a6b7850c8bd6d5,0,,good
visa_1089f1c29941dfad,0,,good
visa_662915d0e523c9d0,0,,good
visa_dde85603827772a0,0,,good
visa_f80d757853769586,0,,good
visa_c5845518bbf3464d,0,,good
visa_62e368b68406e8de,0,,good
visa_628ceb7f109b4ae8,0,,good
visa_23bfe50c3afb0211,0,,good
visa_88592d0553167052,0,,good
visa_952388f221d77b8b,0,,good
visa_4a78c39eb813c941,0,,good
visa_cc00a33f28145a80,0,,good
visa_7ac7333407694c20,0,,good
visa_aa03f3649ba40d3c,0,,good
visa_1f9a4511d601b011,0,,good
visa_50ab7aaff2804bac,0,,good
visa_1423bfcd6bce99d5,0,,good
visa_d42ca019b1e57033,0,,good
visa_53b657673c39e979,0,,good
visa_f8391d0488f2deb4,0,,good
visa_2d6cbc341a3f457c,0,,good
visa_709c1490b60a38f1,0,,good
visa_8e914ecfc468f07a,0,,good
visa_3253e9d46574247f,0,,good
visa_1a4e26bae38900ac,0,,good
visa_8fba34d217632e4e,0,,good
visa_a9e8bc874d359636,0,,good
visa_cc88e3ec143a72fb,0,,good
visa_23e667de0032b5b0,0,,good
visa_fe28ac69d795f74a,0,,good
visa_b195556458fda447,0,,good
visa_368f3a8e28d3bc8f,0,,good
visa_809fad8444479196,0,,good
visa_8f99383985c07935,0,,good
visa_9d74b2f459cb782b,0,,good
visa_9871df8d0a3fcbf9,0,,good
visa_516d7965639eb139,0,,good
visa_ebec16f9812cdc5d,0,,good
visa_751d4ce432a7eea1,0,,good
visa_4407e345e562bd69,0,,good
visa_edd72f005f45a298,0,,good
visa_b8184a5609f26318,0,,good
visa_278bd386e6c64894,0,,good
visa_30651043a4d098cb,0,,good
visa_f36ddcecd76e8a7e,0,,good
visa_f410069a77997f83,0,,good
visa_d1ca7185bffe5ca7,0,,good
visa_4f4b34c8d211970f,0,,good
visa_b54d17545ab1f0ac,0,,good
visa_17330b1396558ac7,0,,good
visa_1c29a4d75ea361d3,0,,good
visa_23ba20bb250c48f5,0,,good
visa_36a274dc2053e9d3,0,,good
visa_57860e6b9eb08d69,0,,good
visa_de83068f85c5fbb6,0,,good
visa_d4f04def316878ca,0,,good
visa_6b4335bc30873568,0,,good
visa_f5341f064df4b07b,0,,good
visa_27564bb918e9f459,0,,good
visa_097ef5d6a3614581,0,,good
visa_89fb8da84c652496,0,,good
visa_6ec0552c6e2a45cc,0,,good
visa_75540d340abbedf3,0,,good
visa_a0582489a95add63,0,,good
visa_99050599c821517f,0,,good
visa_50962f56aa3bd153,0,,good
visa_dd527c7347564f4d,0,,good
visa_69c9d49e1bc5f33d,0,,good
visa_e53ad3a1256340f1,0,,good
visa_1189384372b9f8c2,0,,good
visa_235aca334f769fe7,0,,good
visa_7536216a075fb65b,0,,good
visa_b9cf9c864628fc93,0,,good
visa_1a34fada31ec32a1,0,,good
visa_9c91936404ef5913,0,,good
visa_c15b55421bcc4aa5,0,,good
visa_c4e5c602b2a33891,0,,good
visa_0764ae16ebf47ece,0,,good
visa_4d72f38de1356ce9,0,,good
visa_3b9c1989b630101d,0,,good
visa_63e8306fff6a3218,0,,good
visa_98d0dafad91b6b7b,0,,good
visa_9bec417c9b7175bb,0,,good
visa_9e9b4d7e010a4071,0,,good
visa_644dbfb55407aab9,0,,good
visa_913264ee4b6378c7,0,,good
visa_3c760afeb5e0ae12,0,,good
visa_0baaec8a39535a80,0,,good
visa_74a11b46f129ee5b,0,,good
visa_d823b7ac786d79a8,0,,good
visa_c2592703e8d3ca8a,0,,good
visa_ad8ef4b34e8248de,0,,good
visa_6acaff597e2de367,0,,good
visa_a6dcfaf4a8aa50fe,0,,good
visa_de1e46cf5bb23d00,0,,good
visa_859bd38c13c5c59f,0,,good
visa_73c7821a309526d2,0,,good
visa_27f7f409cd33afe2,0,,good
visa_b2dddd9bf58f63cb,0,,good
visa_8cd13d8673112006,0,,good
visa_3dd4502622bdcbec,0,,good
visa_69ea4a48d45d65c4,0,,good
visa_1711091ac707192c,0,,good
visa_799215ab5834bf3d,0,,good
visa_f96f9a5a2d50270e,0,,good
visa_68e85f06fe459879,0,,good
visa_a1ebf1b30081e9df,0,,good
visa_038ffa066ee53b3e,0,,good
visa_bfabbeb870555e97,0,,good
visa_9fd84a425b8cd4c0,0,,good
visa_ca44f0545803f507,0,,good
visa_6482c2f604b615ce,0,,good
visa_58081a67dc9d42b2,0,,good
visa_4b277d6f44a7120b,0,,good
visa_ecb0458ff31ad9c3,0,,good
visa_6108e237d86bd2c4,0,,good
visa_53d1c58594b4ab83,0,,good
visa_6899a3e42f178e91,0,,good
visa_c10030c1b83db9c9,0,,good
visa_51944c610ae5455c,0,,good
visa_2fcba5793e1d9e69,0,,good
visa_119558690ac8d584,0,,good
visa_0c4c49e596d42f82,0,,good
visa_0e783151bb576d3e,0,,good
visa_f6c6276dc53aa156,0,,good
visa_ec2d557983f0f291,0,,good
visa_a22722ab9f993f78,0,,good
visa_a8f94e4019555727,0,,good
visa_c4683db3e8488f40,0,,good
visa_a10c2a8bc0829d19,0,,good
visa_5efd46422b497fc7,0,,good
visa_41881df16029db93,0,,good
visa_697afdc3475d2e79,0,,good
visa_8d6794754a07587c,0,,good
visa_973daa7f1c7cb066,0,,good
visa_7420a852f8cc5a7b,0,,good
visa_40c2c36414b170cd,0,,good
visa_8373cbfb4726a71e,0,,good
visa_d3c4e35b95c2bc2f,0,,good
visa_806f49966bb08adc,0,,good
visa_4bb0cc29a3d2db39,0,,good
visa_621f3d9ff2a8a464,0,,good
visa_6c0760a955501507,0,,good
visa_7d0c60025d48a232,0,,good
visa_230edb8ec92089c8,0,,good
visa_0700f35251eed0bb,0,,good
visa_242efb67dd7a3d04,0,,good
visa_241e3ba74b2c8bfc,0,,good
visa_6e8a6ec353d6ab3e,0,,good
visa_480a15ae2a2505a9,0,,good
visa_1bad6ef00ee192db,0,,good
visa_392d83faa948181b,0,,good
visa_a02f5fa2708cf5f1,0,,good
visa_612cf922a83ea354,0,,good
visa_c2990941ab183267,0,,good
visa_5f57572a2b074fc7,0,,good
visa_703753920a1cfadd,0,,good
visa_d68e504c57fbb8fe,0,,good
visa_adc1a9ca1dfd7c59,0,,good
visa_4761a2fbfda0f1ce,0,,good
visa_ed287c58ace81039,0,,good
visa_bec3a971c0d38b97,0,,good
visa_e5072e7b5009d0bd,0,,good
visa_7544ad44bdf23f89,0,,good
visa_59b75832aac1cd25,0,,good
visa_7d256c61505e885d,0,,good
visa_527cbc955748a6fa,0,,good
visa_206ef1033b0aa93c,0,,good
visa_4920546c3bacb033,0,,good
visa_8532d37af021b54a,0,,good
visa_4e931dc2f0b13d7a,0,,good
visa_0b4bf2822b035594,0,,good
visa_f4394c5a4d91a3cb,0,,good
visa_c65621ed702a2eb2,0,,good
visa_165f3e803e019e55,0,,good
visa_0af6e74543a12240,0,,good
visa_a490a5ea9486f6f4,0,,good
visa_0e512e8196e792e2,0,,good
visa_fec3d1074d707437,0,,good
visa_9b6cbdbbc5305a0c,0,,good
visa_58909a743bc23445,0,,good
visa_fa87e5699995f6d6,0,,good
visa_b0201b3230a99473,0,,good
visa_ab68ab6859dfb5ba,0,,good
visa_d502444986761c03,0,,good
visa_c8d8001d9d359c7b,0,,good
visa_e627c4739f8789b8,0,,good
visa_840344bcde5aada3,0,,good
visa_dd9c94fc8b8a3fa6,0,,good
visa_acf3ceb04ac7375e,0,,good
visa_faa8c3e25a17ef2a,0,,good
visa_35068314b793aec6,0,,good
visa_94ffd11b9ab30f46,0,,good
visa_4d8dacdaeb4b0141,0,,good
visa_58e639bd4fdb35ff,0,,good
visa_08a14c1e66d05c53,0,,good
visa_88ddea9936733fcd,0,,good
visa_345a4ecd2113319a,0,,good
visa_11f7adec34f014eb,0,,good
visa_0e7cb7b1bc77a778,0,,good
visa_72ce4f2cab1c615a,0,,good
visa_496909f37bdefd9a,0,,good
visa_49eaff92a556a422,0,,good
visa_de848c49aae7ee56,0,,good
visa_f6d392544cccc00c,0,,good
visa_829dcba88bafe95a,0,,good
visa_576a910cc08d9ca7,0,,good
visa_197f98a6e89644b1,0,,good
visa_dc779aafaa3a485f,0,,good
visa_c2888b85af7f9447,0,,good
visa_55d195eabbe2a771,0,,good
visa_e55c7524be5d9bed,0,,good
visa_dd479dcf7546860c,0,,good
visa_18b9367d699d9e79,0,,good
visa_0eb1e51ecb6a6bf4,0,,good
visa_4f294b54d624fc0f,0,,good
visa_3616616c538b530d,0,,good
visa_a75edeb43fb4e5f6,0,,good
visa_a818edec6354e8c1,0,,good
visa_6d2af03cb5ca9851,0,,good
visa_6feeeee4e3e4f530,0,,good
visa_caeadc3af87b4b47,0,,good
visa_c05c11d8a2b0e2c6,0,,good
visa_3a224d9489696122,0,,good
visa_3e67cfdebcf15ade,0,,good
visa_59b2228d1f567ed3,0,,good
visa_0facf902502595ac,0,,good
visa_4fb7b2300756cdbb,0,,good
visa_1091e5d15e94353c,0,,good
visa_72fbeb70caffd45f,0,,good
visa_c47daf2e3ac9c186,0,,good
visa_176b920c68d0d552,0,,good
visa_8c47ba3c5b113e63,0,,good
visa_364c17c2b8182411,0,,good
visa_a39ad711d700d753,0,,good
visa_0d82960434688d88,0,,good
visa_79a27e371bc59645,0,,good
visa_9fbe48393755c765,0,,good
visa_2fe437aa9d71b95e,0,,good
visa_5768a2a42fb9df54,0,,good
visa_699e0098a53bb1dd,0,,good
visa_1048358c5be7de81,0,,good
visa_685dd2085fc0041d,0,,good
visa_3d09385a8a94734e,0,,good
visa_1221fcb07f51fd52,0,,good
visa_5c4a087d3d4e4018,0,,good
visa_1e66beca6b983e1f,0,,good
visa_864e498933eb6700,0,,good
visa_c4104c09e15f1482,0,,good
visa_c0216722264d79d7,0,,good
visa_e6e1045e15543d6d,0,,good
visa_5aae6c3e7f5ca70e,0,,good
visa_8e5a1dc9f1b074cb,0,,good
visa_546293a84a6a21ac,0,,good
visa_22ef75018c70aef7,0,,good
visa_282d742ceb2f32c7,0,,good
visa_4bc5bb63d5bba6da,0,,good
visa_29e38cd77c9557f7,0,,good
visa_987df2d8f58b6a7d,0,,good
visa_551a8e46648b7d75,0,,good
visa_ca5a79a9257a1abb,0,,good
visa_f23cf9c2771e6ea1,0,,good
visa_ace0ba00e7be4c2b,0,,good
visa_9c5459808c72f92a,0,,good
visa_9594fdb75a027a18,0,,good
visa_88631056bd5b813d,0,,good
visa_4a7d7aae23a415ea,0,,good
visa_5f729b346051a0b9,0,,good
visa_74361bf78ec6da27,0,,good
visa_1c3023f53e5fe0e8,0,,good
visa_7a1cf9701c84006b,0,,good
visa_83e1e3fadc0a91b2,0,,good
visa_4d6c92a7d90c5af2,0,,good
visa_aec3052e67653319,0,,good
visa_bff1a91209739c8f,0,,good
visa_674d659f6cb643d8,0,,good
visa_d07697b7600c6b1c,0,,good
visa_1f9e4d83258b49b2,0,,good
visa_771bcb7fb1fcbd47,0,,good
visa_f59caa1743857644,0,,good
visa_4585a201ebb8d5ae,0,,good
visa_182da3e6969b877b,0,,good
visa_aac8d799778f7849,0,,good
visa_8a0ba36401ffb51e,0,,good
visa_9b54352bab2c6017,0,,good
visa_724d970a840128bb,0,,good
visa_8f7187ab82b57f18,0,,good
visa_0b6dba8be3f53bc0,0,,good
visa_91630c067b53e630,0,,good
visa_28fed9938459a49a,0,,good
visa_a09f6eceea2664d8,0,,good
visa_c047ed19c9bb6d9a,0,,good
visa_bbf06c099b1c9f08,0,,good
visa_916b417b0f47ab97,0,,good
visa_ea5142e190f4fab4,0,,good
visa_8b7ae3f14f915c06,0,,good
visa_7443b0a28a80ec00,0,,good
visa_13a11e292eca23bb,0,,good
visa_7058d6b04e3815e9,0,,good
visa_a9132be40a092287,0,,good
visa_77419bfc9b12b2f4,0,,good
visa_4688d3370aaf4059,0,,good
visa_9aac01c46b0e5241,0,,good
visa_fe8b9e452ab0e9a5,0,,good
visa_b40d00a37cff8bcf,0,,good
visa_433d8e698ee271b6,0,,good
visa_53a8692bf389f0fa,0,,good
visa_fc7885b532227766,0,,good
visa_266689eee316cb2f,0,,good
visa_5780d49c50cee7db,0,,good
visa_fdedcdea9e506667,0,,good
visa_4edd4254ad49ea65,0,,good
visa_07561073b2f0511a,0,,good
visa_e5fe48a7517f85c8,0,,good
visa_026159d919da1bc2,0,,good
visa_7592cd309a225834,0,,good
visa_76a636fffbf03c95,0,,good
visa_c184118d71c08941,0,,good
visa_dd5c08e6560d92c2,0,,good
visa_3da927b5b6364765,0,,good
visa_b6e2c3ba8fcd8f87,0,,good
visa_463b8df4ca241b70,0,,good
visa_b947aa2f7d802dcc,0,,good
visa_7bee04132e47a9ac,0,,good
visa_67e47c8fdc1c3de6,0,,good
visa_45fe2b302b11ba49,0,,good
visa_2083cac5d996e98d,0,,good
visa_5cfeb2a174513d01,0,,good
visa_a71b88311b9f3eda,0,,good
visa_693efd4bfdb510fc,0,,good
visa_433ba1a053815ae9,0,,good
visa_31843cd4bcd0b8eb,0,,good
visa_de9cf57c060d4c71,0,,good
visa_55d4fe53b6408792,0,,good
visa_7abe3ac4222b63e0,0,,good
visa_14e6aea1dfa107cf,0,,good
visa_f7fc71630b9502c0,0,,good
visa_2c7945d3c23edd65,0,,good
visa_de6a635bda370dc4,0,,good
visa_929cd133ef11546e,0,,good
visa_fea7191d893367d4,0,,good
visa_659d94e064a412a7,0,,good
visa_00cb0dd4b24afc91,0,,good
visa_c77537f2d8a6a345,0,,good
visa_35b6a9910f1ae8cb,0,,good
visa_f3a52b5c74d33849,0,,good
visa_d1dfefaa6d7a30e4,0,,good
visa_15a80e70f5ce7e55,0,,good
visa_38545f424fcf1226,0,,good
visa_043ba8fc5be0887a,0,,good
visa_bed2d002eaa2a287,0,,good
visa_21d49de91440830b,0,,good
visa_2e55389228959fcc,0,,good
visa_3fd1f01b58082f8a,0,,good
visa_7a06e2394dbfdbf0,0,,good
visa_ce9063bb258f10b4,0,,good
visa_3cc535d575766b13,0,,good
visa_5c3ee5c7d4209d6e,0,,good
visa_1cd4dad6c87e2371,0,,good
visa_fd16cbfd6a276219,0,,good
visa_7b8af4336c11e0de,0,,good
visa_c86514b914da1912,0,,good
visa_c46bb72d405804c6,0,,good
visa_f1c4362ce99bf85a,0,,good
visa_487ab459aa2ed354,0,,good
visa_aa48f28497891752,0,,good
visa_4ee28175cfe86c36,0,,good
visa_585718847dde513b,0,,good
visa_51c04e470a68b58f,0,,good
visa_fe881a9881b63889,0,,good
visa_929f456b9ea6e49b,0,,good
visa_f77041fbc114c4ca,0,,good
visa_3461b81d202661ec,0,,good
visa_8e338c825220c005,0,,good
visa_9bc51229994de0a2,0,,good
visa_0490eb99561e477b,0,,good
visa_d19445ada2be7372,0,,good
visa_63f475aac0b41075,0,,good
visa_ac7014dd35495ea9,0,,good
visa_3cf19e5c531fac97,0,,good
visa_c13c72e194c4c0ff,0,,good
visa_76ea2b358d438d2a,0,,good
visa_f69ffb6c76d76252,0,,good
visa_c06395928156a4f1,0,,good
visa_366f7da0e51f15d8,0,,good
visa_0a3632924dbde9c6,0,,good
visa_27d6324f5de8830b,0,,good
visa_c37b41225d47d6b1,0,,good
visa_fc66120bbf2d24da,0,,good
visa_03a390741f61cda6,0,,good
visa_948db10b72c2a193,0,,good
visa_9b658ebdda81d1e4,0,,good
visa_4c375dcc87096863,0,,good
visa_9cbd8de926ec3054,0,,good
visa_c0350b08ed1cd7d7,0,,good
visa_12e5ba01c710447e,0,,good
visa_982c7474d312d4f2,0,,good
visa_46a3fdd97e7f92d0,0,,good
visa_778b3106e6f5fe39,0,,good
visa_c3e5e3dfa661d096,0,,good
visa_aefd4c36453b302c,0,,good
visa_c6ad48135a5b2025,0,,good
visa_404adbc3c931f704,0,,good
visa_05e16fb7bda2f264,0,,good
visa_642d1de769b67b24,0,,good
visa_81ad5a1f619c3d2a,0,,good
visa_82240361fa04fab4,0,,good
visa_fd061d3486fcf53d,0,,good
visa_ee0ec72dc5f4fb44,0,,good
visa_59b4c9066a4326eb,0,,good
visa_616d91b24af1a081,0,,good
visa_923c6d14b9d6217b,0,,good
visa_81931801a8b6e2ed,0,,good
visa_ef1cdf9908df9ed6,0,,good
visa_e462c893a85d27e3,0,,good
visa_a7909e4bfd3ffa48,0,,good
visa_c8247eb5f942d541,0,,good
visa_62e4538ad56edc83,0,,good
visa_6fe5985cfc5e4e5d,0,,good
visa_254a199e8696454e,0,,good
visa_612dca01107ae7c1,0,,good
visa_5459ede44c835315,0,,good
visa_72f790b722d1d65c,0,,good
visa_c1d5de3f9f9ec0d0,0,,good
visa_b876941dee248e5c,0,,good
visa_3dc1acbe5312c79a,0,,good
visa_ac925dfbbb2d43c6,0,,good
visa_eb0da0f55157b635,0,,good
visa_5152fc94c5f107c3,0,,good
visa_33cde872b5a45300,0,,good
visa_785c982a39b327ad,0,,good
visa_dde34cd731b7b137,0,,good
visa_f971d9e03abde14e,0,,good
visa_e69df1f8010f858b,0,,good
visa_5021cd461a796eae,0,,good
visa_2089b6eb1cc76c03,0,,good
visa_cc3c2378519636b8,0,,good
visa_00a60c8396c916b6,0,,good
visa_da335b02953242d3,0,,good
visa_f2080a5f86bfc511,0,,good
visa_213d8abab121edad,0,,good
visa_e97bd5ee2d411891,0,,good
visa_9c4291f0e018215f,0,,good
visa_98f3f308215ae15f,0,,good
visa_ee5deabbf08f62ff,0,,good
visa_0ec5099092bd15e8,0,,good
visa_7659d7587b4de07d,0,,good
visa_e98c8512c8c9e172,0,,good
visa_a315b9b5b4660017,0,,good
visa_e46ec4443ddcc308,0,,good
visa_1b1ba39e2adafabd,0,,good
visa_29eac27a9a4e3a1f,0,,good
visa_8adc5de46612affe,0,,good
visa_cfb4c59ed0d9730a,0,,good
visa_69ef1aa038283008,1,/data/gauss/ldh/myDatasets/VisA/chewinggum/Data/Masks/Anomaly/000.png,Anomaly
visa_b37a23349695dea4,1,/data/gauss/ldh/myDatasets/VisA/chewinggum/Data/Masks/Anomaly/001.png,Anomaly
visa_e7ea3dbab7052794,1,/data/gauss/ldh/myDatasets/VisA/chewinggum/Data/Masks/Anomaly/002.png,Anomaly
visa_06b5370aed618966,1,/data/gauss/ldh/myDatasets/VisA/chewinggum/Data/Masks/Anomaly/003.png,Anomaly
visa_1beb7513ae1376c7,1,/data/gauss/ldh/myDatasets/VisA/chewinggum/Data/Masks/Anomaly/004.png,Anomaly
visa_b9182ff68b3a0370,1,/data/gauss/ldh/myDatasets/VisA/chewinggum/Data/Masks/Anomaly/005.png,Anomaly
visa_22a36dc70ebcb12c,1,/data/gauss/ldh/myDatasets/VisA/chewinggum/Data/Masks/Anomaly/006.png,Anomaly
visa_e373ee48625ab1aa,1,/data/gauss/ldh/myDatasets/VisA/chewinggum/Data/Masks/Anomaly/007.png,Anomaly
visa_6e00ad9ef990a78f,1,/data/gauss/ldh/myDatasets/VisA/chewinggum/Data/Masks/Anomaly/008.png,Anomaly
visa_6bfed4d7f3e92435,1,/data/gauss/ldh/myDatasets/VisA/chewinggum/Data/Masks/Anomaly/009.png,Anomaly
visa_14ee38c516a22f9e,1,/data/gauss/ldh/myDatasets/VisA/chewinggum/Data/Masks/Anomaly/010.png,Anomaly
visa_2d4847a7de1379b9,1,/data/gauss/ldh/myDatasets/VisA/chewinggum/Data/Masks/Anomaly/011.png,Anomaly
visa_3da0fd85bc7dbb9b,1,/data/gauss/ldh/myDatasets/VisA/chewinggum/Data/Masks/Anomaly/012.png,Anomaly
visa_3b9467857e22648b,1,/data/gauss/ldh/myDatasets/VisA/chewinggum/Data/Masks/Anomaly/013.png,Anomaly
visa_997bf60db8e89f02,1,/data/gauss/ldh/myDatasets/VisA/chewinggum/Data/Masks/Anomaly/014.png,Anomaly
visa_513aa2ad7d809f10,1,/data/gauss/ldh/myDatasets/VisA/chewinggum/Data/Masks/Anomaly/015.png,Anomaly
visa_f39118c6698200b2,1,/data/gauss/ldh/myDatasets/VisA/chewinggum/Data/Masks/Anomaly/016.png,Anomaly
visa_8caa1b90e4bf5be4,1,/data/gauss/ldh/myDatasets/VisA/chewinggum/Data/Masks/Anomaly/017.png,Anomaly
visa_cf89120792126892,1,/data/gauss/ldh/myDatasets/VisA/chewinggum/Data/Masks/Anomaly/018.png,Anomaly
visa_f31601f81c435fc9,1,/data/gauss/ldh/myDatasets/VisA/chewinggum/Data/Masks/Anomaly/019.png,Anomaly
visa_f6e8239bb1e6c5a2,1,/data/gauss/ldh/myDatasets/VisA/chewinggum/Data/Masks/Anomaly/020.png,Anomaly
visa_ee4032538aacda5f,1,/data/gauss/ldh/myDatasets/VisA/chewinggum/Data/Masks/Anomaly/021.png,Anomaly
visa_e5fd819a2ad22bb7,1,/data/gauss/ldh/myDatasets/VisA/chewinggum/Data/Masks/Anomaly/022.png,Anomaly
visa_f86e373c916ad9d5,1,/data/gauss/ldh/myDatasets/VisA/chewinggum/Data/Masks/Anomaly/023.png,Anomaly
visa_033c072fcf581b51,1,/data/gauss/ldh/myDatasets/VisA/chewinggum/Data/Masks/Anomaly/024.png,Anomaly
visa_2c6b1c68b3c968a1,1,/data/gauss/ldh/myDatasets/VisA/chewinggum/Data/Masks/Anomaly/025.png,Anomaly
visa_231b220ec2d61a00,1,/data/gauss/ldh/myDatasets/VisA/chewinggum/Data/Masks/Anomaly/026.png,Anomaly
visa_8c01aa57ebec8226,1,/data/gauss/ldh/myDatasets/VisA/chewinggum/Data/Masks/Anomaly/027.png,Anomaly
visa_299e71e52e5e0647,1,/data/gauss/ldh/myDatasets/VisA/chewinggum/Data/Masks/Anomaly/028.png,Anomaly
visa_592b50ad78d6499d,1,/data/gauss/ldh/myDatasets/VisA/chewinggum/Data/Masks/Anomaly/029.png,Anomaly
visa_4c309cae83a0d0da,1,/data/gauss/ldh/myDatasets/VisA/chewinggum/Data/Masks/Anomaly/030.png,Anomaly
visa_857fed62a462c119,1,/data/gauss/ldh/myDatasets/VisA/chewinggum/Data/Masks/Anomaly/031.png,Anomaly
visa_e12c94dee593e69b,1,/data/gauss/ldh/myDatasets/VisA/chewinggum/Data/Masks/Anomaly/032.png,Anomaly
visa_d56c62ae830fd261,1,/data/gauss/ldh/myDatasets/VisA/chewinggum/Data/Masks/Anomaly/033.png,Anomaly
visa_323d7a66611210cf,1,/data/gauss/ldh/myDatasets/VisA/chewinggum/Data/Masks/Anomaly/034.png,Anomaly
visa_3aa52ad3ec5e1123,1,/data/gauss/ldh/myDatasets/VisA/chewinggum/Data/Masks/Anomaly/035.png,Anomaly
visa_c6a8035870215a08,1,/data/gauss/ldh/myDatasets/VisA/chewinggum/Data/Masks/Anomaly/036.png,Anomaly
visa_0dd46b0dd5a45bea,1,/data/gauss/ldh/myDatasets/VisA/chewinggum/Data/Masks/Anomaly/037.png,Anomaly
visa_e0c08f4ef09bc470,1,/data/gauss/ldh/myDatasets/VisA/chewinggum/Data/Masks/Anomaly/038.png,Anomaly
visa_0a20060a2dcf9b55,1,/data/gauss/ldh/myDatasets/VisA/chewinggum/Data/Masks/Anomaly/039.png,Anomaly
visa_13ac38c969a27222,1,/data/gauss/ldh/myDatasets/VisA/chewinggum/Data/Masks/Anomaly/040.png,Anomaly
visa_960171f08c8aa8c4,1,/data/gauss/ldh/myDatasets/VisA/chewinggum/Data/Masks/Anomaly/041.png,Anomaly
visa_80564659124a1e8b,1,/data/gauss/ldh/myDatasets/VisA/chewinggum/Data/Masks/Anomaly/042.png,Anomaly
visa_8a35390add8e7367,1,/data/gauss/ldh/myDatasets/VisA/chewinggum/Data/Masks/Anomaly/043.png,Anomaly
visa_350cc679d7399102,1,/data/gauss/ldh/myDatasets/VisA/chewinggum/Data/Masks/Anomaly/044.png,Anomaly
visa_dfd7b62f68411243,1,/data/gauss/ldh/myDatasets/VisA/chewinggum/Data/Masks/Anomaly/045.png,Anomaly
visa_8dd63b7cdcb65755,1,/data/gauss/ldh/myDatasets/VisA/chewinggum/Data/Masks/Anomaly/046.png,Anomaly
visa_c6e74846b5c0b3e7,1,/data/gauss/ldh/myDatasets/VisA/chewinggum/Data/Masks/Anomaly/047.png,Anomaly
visa_22177fc8fcaa4024,1,/data/gauss/ldh/myDatasets/VisA/chewinggum/Data/Masks/Anomaly/048.png,Anomaly
visa_3f8ca7c4912af299,1,/data/gauss/ldh/myDatasets/VisA/chewinggum/Data/Masks/Anomaly/049.png,Anomaly
visa_3e245f5020152b17,1,/data/gauss/ldh/myDatasets/VisA/chewinggum/Data/Masks/Anomaly/050.png,Anomaly
visa_cecd982d3e5ee74f,1,/data/gauss/ldh/myDatasets/VisA/chewinggum/Data/Masks/Anomaly/051.png,Anomaly
visa_1367613507b4d93d,1,/data/gauss/ldh/myDatasets/VisA/chewinggum/Data/Masks/Anomaly/052.png,Anomaly
visa_24dbdb83931f13a8,1,/data/gauss/ldh/myDatasets/VisA/chewinggum/Data/Masks/Anomaly/053.png,Anomaly
visa_1e7ab947c67c7460,1,/data/gauss/ldh/myDatasets/VisA/chewinggum/Data/Masks/Anomaly/054.png,Anomaly
visa_5ab79ee3cf33dc5d,1,/data/gauss/ldh/myDatasets/VisA/chewinggum/Data/Masks/Anomaly/055.png,Anomaly
visa_a4510f4260020271,1,/data/gauss/ldh/myDatasets/VisA/chewinggum/Data/Masks/Anomaly/056.png,Anomaly
visa_592e7f72c8ae26f1,1,/data/gauss/ldh/myDatasets/VisA/chewinggum/Data/Masks/Anomaly/057.png,Anomaly
visa_08675481ba804e74,1,/data/gauss/ldh/myDatasets/VisA/chewinggum/Data/Masks/Anomaly/058.png,Anomaly
visa_19496cd9b2a2b21b,1,/data/gauss/ldh/myDatasets/VisA/chewinggum/Data/Masks/Anomaly/059.png,Anomaly
visa_91cf41a6045c574a,1,/data/gauss/ldh/myDatasets/VisA/chewinggum/Data/Masks/Anomaly/060.png,Anomaly
visa_c4b9a3a4bce07330,1,/data/gauss/ldh/myDatasets/VisA/chewinggum/Data/Masks/Anomaly/061.png,Anomaly
visa_ede62b0994503e1f,1,/data/gauss/ldh/myDatasets/VisA/chewinggum/Data/Masks/Anomaly/062.png,Anomaly
visa_fc16f7d7d4064895,1,/data/gauss/ldh/myDatasets/VisA/chewinggum/Data/Masks/Anomaly/063.png,Anomaly
visa_e39a6fdf01377bbe,1,/data/gauss/ldh/myDatasets/VisA/chewinggum/Data/Masks/Anomaly/064.png,Anomaly
visa_b84e36fb8757d37b,1,/data/gauss/ldh/myDatasets/VisA/chewinggum/Data/Masks/Anomaly/065.png,Anomaly
visa_f3aebefd4908d8bc,1,/data/gauss/ldh/myDatasets/VisA/chewinggum/Data/Masks/Anomaly/066.png,Anomaly
visa_05e6e83d25c89460,1,/data/gauss/ldh/myDatasets/VisA/chewinggum/Data/Masks/Anomaly/067.png,Anomaly
visa_2d9ff8f6b981a9b1,1,/data/gauss/ldh/myDatasets/VisA/chewinggum/Data/Masks/Anomaly/068.png,Anomaly
visa_87f095579fb718a1,1,/data/gauss/ldh/myDatasets/VisA/chewinggum/Data/Masks/Anomaly/069.png,Anomaly
visa_edd5f9faad3b0544,1,/data/gauss/ldh/myDatasets/VisA/chewinggum/Data/Masks/Anomaly/070.png,Anomaly
visa_7805f4fa5a176681,1,/data/gauss/ldh/myDatasets/VisA/chewinggum/Data/Masks/Anomaly/071.png,Anomaly
visa_120e22323345f4f9,1,/data/gauss/ldh/myDatasets/VisA/chewinggum/Data/Masks/Anomaly/072.png,Anomaly
visa_1312a15aa8422b87,1,/data/gauss/ldh/myDatasets/VisA/chewinggum/Data/Masks/Anomaly/073.png,Anomaly
visa_7e7ad93b688d870d,1,/data/gauss/ldh/myDatasets/VisA/chewinggum/Data/Masks/Anomaly/074.png,Anomaly
visa_85797ec82e040e20,1,/data/gauss/ldh/myDatasets/VisA/chewinggum/Data/Masks/Anomaly/075.png,Anomaly
visa_e428eb4a33683ece,1,/data/gauss/ldh/myDatasets/VisA/chewinggum/Data/Masks/Anomaly/076.png,Anomaly
visa_3d00f8568e0c87cc,1,/data/gauss/ldh/myDatasets/VisA/chewinggum/Data/Masks/Anomaly/077.png,Anomaly
visa_eddaa6244e7f9e4f,1,/data/gauss/ldh/myDatasets/VisA/chewinggum/Data/Masks/Anomaly/078.png,Anomaly
visa_0266f0fe6d06e8a9,1,/data/gauss/ldh/myDatasets/VisA/chewinggum/Data/Masks/Anomaly/079.png,Anomaly
visa_9ff4e451cbaee24d,1,/data/gauss/ldh/myDatasets/VisA/chewinggum/Data/Masks/Anomaly/080.png,Anomaly
visa_a32f5a4cf19cfac7,1,/data/gauss/ldh/myDatasets/VisA/chewinggum/Data/Masks/Anomaly/081.png,Anomaly
visa_f07cd6956b1dad85,1,/data/gauss/ldh/myDatasets/VisA/chewinggum/Data/Masks/Anomaly/082.png,Anomaly
visa_cf9aeb46a92bef63,1,/data/gauss/ldh/myDatasets/VisA/chewinggum/Data/Masks/Anomaly/083.png,Anomaly
visa_e9f83c203ccdae05,1,/data/gauss/ldh/myDatasets/VisA/chewinggum/Data/Masks/Anomaly/084.png,Anomaly
visa_16836c7b3ccf3184,1,/data/gauss/ldh/myDatasets/VisA/chewinggum/Data/Masks/Anomaly/085.png,Anomaly
visa_dc89f81d12f57f2a,1,/data/gauss/ldh/myDatasets/VisA/chewinggum/Data/Masks/Anomaly/086.png,Anomaly
visa_502c4133d30388f8,1,/data/gauss/ldh/myDatasets/VisA/chewinggum/Data/Masks/Anomaly/087.png,Anomaly
visa_1a948f737dc7694c,1,/data/gauss/ldh/myDatasets/VisA/chewinggum/Data/Masks/Anomaly/088.png,Anomaly
visa_cdfbdc7d6d738934,1,/data/gauss/ldh/myDatasets/VisA/chewinggum/Data/Masks/Anomaly/089.png,Anomaly
visa_958ba60956fec44f,1,/data/gauss/ldh/myDatasets/VisA/chewinggum/Data/Masks/Anomaly/090.png,Anomaly
visa_78e01bbab953304c,1,/data/gauss/ldh/myDatasets/VisA/chewinggum/Data/Masks/Anomaly/091.png,Anomaly
visa_278dfa4bb131f8c9,1,/data/gauss/ldh/myDatasets/VisA/chewinggum/Data/Masks/Anomaly/092.png,Anomaly
visa_c4959bbb6f5f8714,1,/data/gauss/ldh/myDatasets/VisA/chewinggum/Data/Masks/Anomaly/093.png,Anomaly
visa_5eeaf8990183b6d6,1,/data/gauss/ldh/myDatasets/VisA/chewinggum/Data/Masks/Anomaly/094.png,Anomaly
visa_edf274621d6fd117,1,/data/gauss/ldh/myDatasets/VisA/chewinggum/Data/Masks/Anomaly/095.png,Anomaly
visa_a7137691e9504d92,1,/data/gauss/ldh/myDatasets/VisA/chewinggum/Data/Masks/Anomaly/096.png,Anomaly
visa_97570c2733223e9a,1,/data/gauss/ldh/myDatasets/VisA/chewinggum/Data/Masks/Anomaly/097.png,Anomaly
visa_bd1f0d9bd7d9b858,1,/data/gauss/ldh/myDatasets/VisA/chewinggum/Data/Masks/Anomaly/098.png,Anomaly
visa_abc68bf41c5e5bd3,1,/data/gauss/ldh/myDatasets/VisA/chewinggum/Data/Masks/Anomaly/099.png,Anomaly
visa_53db9be788159e95,0,,good
visa_750ae0e470663ad1,0,,good
visa_6164cf13f5c52d25,0,,good
visa_bdf29b65caa0247c,0,,good
visa_165dd2452c9f3680,0,,good
visa_a74455d4d114c933,0,,good
visa_32e139b670f61d6c,0,,good
visa_18e5b4b811412db0,0,,good
visa_58c7aee7ffc0b9d0,0,,good
visa_61be8062252faf79,0,,good
visa_2b134e111e84a8d3,0,,good
visa_b37e3bd0a930b033,0,,good
visa_15ff6ff5565efa83,0,,good
visa_2065da3e7251c19c,0,,good
visa_5d4906a01ade3a99,0,,good
visa_41896ab1bbe02101,0,,good
visa_696fc6d3943c381f,0,,good
visa_66eebdefbe66822e,0,,good
visa_25675625ad27520e,0,,good
visa_ee4febdca4315c51,0,,good
visa_c0d2903bfcbac12b,0,,good
visa_7c8f8ed354784fd4,0,,good
visa_58d6ccc980428845,0,,good
visa_d4698fa4a4ddd3d3,0,,good
visa_77e97d0d3bc522d7,0,,good
visa_83ab0a2afde6ef7a,0,,good
visa_ea02ce1fadf2e41c,0,,good
visa_ef30ddb9c2c39dc8,0,,good
visa_4fd27554117a8f39,0,,good
visa_e5de04667b46b9c6,0,,good
visa_72e38082b7d645d6,0,,good
visa_d32c33263b263d62,0,,good
visa_636a43ea03389a30,0,,good
visa_c5cb006ccd63ca59,0,,good
visa_39d81c2392d645f4,0,,good
visa_23c9f38e60ca3978,0,,good
visa_604f54a1c76c5ed2,0,,good
visa_1cf9601fe97356ba,0,,good
visa_4784bdb22dd9a626,0,,good
visa_311a9855e268b714,0,,good
visa_8c1f9c50578614f7,0,,good
visa_e334517faae3514e,0,,good
visa_b8e08f5ccfa4f0e0,0,,good
visa_eaf6ecb33144416a,0,,good
visa_39e57bdb2da5e9ae,0,,good
visa_d30fe850ca072752,0,,good
visa_4fd72395f78cfaa6,0,,good
visa_cf758437c569708b,0,,good
visa_9b45cf18e980e9db,0,,good
visa_c3f04972aba9bbae,0,,good
visa_974ef42ebe7de4ac,0,,good
visa_9747fb03598a05ef,0,,good
visa_c85bfe053534ab2c,0,,good
visa_3c34687437a13ed2,0,,good
visa_dd9c9c4de7c42b9b,0,,good
visa_41d5ce6a63bb6841,0,,good
visa_f3e6fb128bedab62,0,,good
visa_5324fa91b4ff8828,0,,good
visa_a240dff5cbde8bd4,0,,good
visa_bf9d2c7bc974e6e4,0,,good
visa_93f2aa8efc8883fa,0,,good
visa_9cf97d7592a178d9,0,,good
visa_0edefadbed5fa317,0,,good
visa_e778546293a05a9c,0,,good
visa_293bd61e215714e3,0,,good
visa_3c8061380ff326d3,0,,good
visa_8966c80d00f48efc,0,,good
visa_63fbc1d31def2ea7,0,,good
visa_5d068a9c303c1dba,0,,good
visa_853c46780829e4ed,0,,good
visa_9a3c94f328a537fc,0,,good
visa_4d1c016e0d1edbcd,0,,good
visa_981faf6b3aa6165f,0,,good
visa_137d16305a057a79,0,,good
visa_cdb069f3e1d9817a,0,,good
visa_37bf65d8604eeca8,0,,good
visa_5a574e2aa1261ecf,0,,good
visa_48dd11797bc9a883,0,,good
visa_8c33e6f3de76e81d,0,,good
visa_b532c1a7c525306f,0,,good
visa_7731d0d7c8b75f58,0,,good
visa_2d000286eb92608b,0,,good
visa_f52f6f72ea5fd2d4,0,,good
visa_94f11339b6a6bef8,0,,good
visa_e2db6c3b2bc9c50d,0,,good
visa_ed54d982afac0079,0,,good
visa_f5a0f8d8293fa490,0,,good
visa_86378ea3bd4dd0da,0,,good
visa_670764dfce371fc0,0,,good
visa_5a065b7cb15b0160,0,,good
visa_bc504d434ba41fdc,0,,good
visa_fcc290fc57f0f481,0,,good
visa_5eecbadf5ecb149c,0,,good
visa_954a035730bb3c82,0,,good
visa_22c2cf2f12431e5c,0,,good
visa_560606ddf6202bbe,0,,good
visa_73ec5fa02c2e9150,0,,good
visa_3ecd660af947ec6c,0,,good
visa_73e32c8cd0a33a64,0,,good
visa_db97c18322b63b0e,0,,good
visa_543ffd5cd05ae5b3,0,,good
visa_ca3b0038216861a7,0,,good
visa_4a5bc46df5f62a4f,0,,good
visa_a7d93aff342eb17e,0,,good
visa_4ef603b71b4a632a,0,,good
visa_89749c3b73f97538,0,,good
visa_cde7a3ef009dd0b6,0,,good
visa_c42b4f47fba95b3b,0,,good
visa_586530bc712a7b4c,0,,good
visa_3353bd966384d9e8,0,,good
visa_8581c067c6a63bd5,0,,good
visa_64945d30b309d84c,0,,good
visa_106eb1cacbf25af5,0,,good
visa_744c14c975cd4e4f,0,,good
visa_d77373245556b73d,0,,good
visa_6437d930d5593467,0,,good
visa_71ba5ce09bf54f38,0,,good
visa_15e4801d69f7cb57,0,,good
visa_2a4a374422d4568c,0,,good
visa_8da387e521e5891e,0,,good
visa_af16d1e375df7349,0,,good
visa_6cdaa2660023b87b,0,,good
visa_108cd09e5c238093,0,,good
visa_93631c8dc2c4bd68,0,,good
visa_72cd4968001b3ebe,0,,good
visa_59e5d93c8a8e427c,0,,good
visa_6ee624cba2ecc34e,0,,good
visa_b914e62cac4b75a8,0,,good
visa_4adf2fb297889bd5,0,,good
visa_ddbe68a465aa8244,0,,good
visa_e55b962b6e1d43b6,0,,good
visa_f20bd3b97af16eff,0,,good
visa_47ccf5d23d4394f4,0,,good
visa_32854e5ec885e5fa,0,,good
visa_54227d7c63a71d47,0,,good
visa_b24276b2b06ab93b,0,,good
visa_ad00a12f6debdce8,0,,good
visa_6a47e1a483d049b0,0,,good
visa_40c60b7f3d7d237b,0,,good
visa_e17acfc9231b7a02,0,,good
visa_6b2155403d0d8129,0,,good
visa_7890a285aa8829fd,0,,good
visa_613445d62e007ec8,0,,good
visa_b3307eae0dbf03a1,0,,good
visa_be950f1e9b8e9942,0,,good
visa_02b2fa4052b02290,0,,good
visa_821e8676fa0bf9be,0,,good
visa_fe915ca5251fda3b,0,,good
visa_e191d875d63508e2,0,,good
visa_06fba8908dd76d85,0,,good
visa_144bd15a01181dcb,0,,good
visa_cd253a74825e4785,0,,good
visa_826aa1a438a7e590,0,,good
visa_37bc02bd51c86a34,0,,good
visa_2126830b41ff0c8a,0,,good
visa_f751380d18e766e3,0,,good
visa_888f0b87b13b3d5f,0,,good
visa_2840e23423c3b0fb,0,,good
visa_22d7146f8760cb2b,0,,good
visa_b0591160e4724e51,0,,good
visa_eab345803b07281a,0,,good
visa_6d3ec0d5a1cb5cfc,0,,good
visa_e9bfa011ef71f30c,0,,good
visa_8588ceff23b59afd,0,,good
visa_65f9fa485fafe1b5,0,,good
visa_2a60b0810bd45c7a,0,,good
visa_0aaffbbe6f95c446,0,,good
visa_a70cfec47256e4f9,0,,good
visa_e016f78ae24351e2,0,,good
visa_b25c5ec44f2aa068,0,,good
visa_f914096cc8f22589,0,,good
visa_6060ab4c86f6ef14,0,,good
visa_273dc0ee45a99aad,0,,good
visa_2c237c1c6fdb366d,0,,good
visa_63b1727f20509975,0,,good
visa_4b5b9f84c654413a,0,,good
visa_5e90fb51da88bfae,0,,good
visa_198d69e57fd07f17,0,,good
visa_5b6ac204515608f0,0,,good
visa_1c29a1aa8437513b,0,,good
visa_67f24a2ff7d7f36f,0,,good
visa_799d2dd856e8bc60,0,,good
visa_ef45230553a03fb9,0,,good
visa_094951974d97c314,0,,good
visa_a7fd51f9ab40af85,0,,good
visa_c254a7f97346dd3b,0,,good
visa_a1af2ac15ba3bd0a,0,,good
visa_5ce9f722d6edc89f,0,,good
visa_e3f6134ee214c1d5,0,,good
visa_2c874696ce32ebbf,0,,good
visa_2a505ac8da601adb,0,,good
visa_33e9819e61e29dfb,0,,good
visa_0168835f718c565f,0,,good
visa_5c2094ba4c03d18d,0,,good
visa_9c395113eb549784,0,,good
visa_60b5af4c7fe2edba,0,,good
visa_54534adca732a8dd,0,,good
visa_f0d3d4f0c60a838b,0,,good
visa_353426eae0bca76e,0,,good
visa_894c5bcb2f8d623f,0,,good
visa_5ebe30aac2c57455,0,,good
visa_b6ceec299f34513b,0,,good
visa_c09a367e3e38f4be,0,,good
visa_06eb0e815ee92f79,0,,good
visa_1cd4d0a7a4ff0ff2,0,,good
visa_7c4155b41b544ddf,0,,good
visa_258c198bdcfc74b7,0,,good
visa_bab43e652430da43,0,,good
visa_761722337a5d98d6,0,,good
visa_7371da61ba03432c,0,,good
visa_936a852112ac70f3,0,,good
visa_360a3d5d501efc9a,0,,good
visa_c6bbff5c873eaca7,0,,good
visa_4cde19dcd2b3236d,0,,good
visa_2fd1e0addeb62d54,0,,good
visa_d0aa9448495b2fff,0,,good
visa_6a08fc183ce8384e,0,,good
visa_5df51c960e19046a,0,,good
visa_c99493b1bea3638b,0,,good
visa_1408e33a13aa9093,0,,good
visa_b2fa45cc08dc6ae4,0,,good
visa_160006efdcda79f6,0,,good
visa_bb09fc007c893a2f,0,,good
visa_31f4f09b286fdf51,0,,good
visa_d6b32f12209054c4,0,,good
visa_cf92d93f3afbf846,0,,good
visa_88035a8c11ee3394,0,,good
visa_2ffe130098e4556b,0,,good
visa_d1ce4265fd7614b4,0,,good
visa_f479130c0f8ca94a,0,,good
visa_f081fb700cc6a28b,0,,good
visa_16e5265d3e07830a,0,,good
visa_02866fdbba0c2cf5,0,,good
visa_630133293dd15691,0,,good
visa_fe2485efa13c7017,0,,good
visa_60fb470ae0f9224b,0,,good
visa_8cebeea84e8f7ce9,0,,good
visa_2de94671d823cb15,0,,good
visa_a928eff70f77bc8d,0,,good
visa_e2dfebf7b420357a,0,,good
visa_0fc492980b999590,0,,good
visa_d5cda57bebba4157,0,,good
visa_8515eff864028b26,0,,good
visa_60deff6313db46bd,0,,good
visa_38e0426df8701f6e,0,,good
visa_0b8c958b5df9d86d,0,,good
visa_79e32117ccba0af6,0,,good
visa_ec495af43b3fad92,0,,good
visa_d3b6032125bbd56a,0,,good
visa_f5b29d5b0dc77afb,0,,good
visa_70247d50b7a4025e,0,,good
visa_967b9ef41a2894c2,0,,good
visa_5bb7a4caa5515207,0,,good
visa_43bd2ff3fff0f8d2,0,,good
visa_495fc09c6db3185c,0,,good
visa_787533f5a0ff32de,0,,good
visa_3097c8928b088234,0,,good
visa_97ce8cb32c72b216,0,,good
visa_d9c1b62b1f074266,0,,good
visa_db51fe02e861e7d8,0,,good
visa_ce40e86dd9b4c76a,0,,good
visa_c9584d53ff33fd67,0,,good
visa_d322da92ed1835c6,0,,good
visa_11fd915dac64e9b5,0,,good
visa_c0ecc6bd5203558a,0,,good
visa_cf3044d8d5c329fe,0,,good
visa_437f1904092b8e65,0,,good
visa_acee9c12f196d94c,0,,good
visa_1349c55ace0af1b6,0,,good
visa_2ce00d8bf7dd061e,0,,good
visa_d6e8f050c6d907ea,0,,good
visa_bffe78af9ac17acf,0,,good
visa_bdaf02759f01e697,0,,good
visa_de3d43bf83bd6300,0,,good
visa_300620238a6a11f6,0,,good
visa_34c0571c9b390eba,0,,good
visa_208ce8032f85cb23,0,,good
visa_884042dca36284d3,0,,good
visa_087bebb094cc73eb,0,,good
visa_bdea64ca7cc3f1d9,0,,good
visa_310b435e98bab25b,0,,good
visa_83d79373a634ec4c,0,,good
visa_193cca9c3daccf66,0,,good
visa_7daea824c616cfdb,0,,good
visa_b1c6ebc6ba2ffa01,0,,good
visa_5893d263d0110d43,0,,good
visa_575695b9c7b1891a,0,,good
visa_833c459b43073581,0,,good
visa_747a2486086b8092,0,,good
visa_6d68b3acf06b283e,0,,good
visa_64b24dcfbc388fc4,0,,good
visa_9f56616d5fec3cca,0,,good
visa_9b977068aa3e1fa6,0,,good
visa_c70f3d1f4f750b62,0,,good
visa_57425ad41dd221a8,0,,good
visa_ca211aaef175f479,0,,good
visa_4b2993cf44650352,0,,good
visa_ecbaf5fa21e3e97f,0,,good
visa_c3c07f6999d0aaa0,0,,good
visa_e96ed1a15f30a0aa,0,,good
visa_787b92e6b5c2098c,0,,good
visa_2f9e9344aa73f4f7,0,,good
visa_8e260037942af304,0,,good
visa_6b129fee9cf3332e,0,,good
visa_41b890333637742d,0,,good
visa_b5955e4d94d1ec6c,0,,good
visa_9a07ab075dd905c4,0,,good
visa_ee15feec1de76208,0,,good
visa_cab8d493bca64b47,0,,good
visa_c5e632532db0bc08,0,,good
visa_2da9fa31808cc5b6,0,,good
visa_8a6d539bf9b68d2b,0,,good
visa_5491d97394076097,0,,good
visa_baa099f9a52b2913,0,,good
visa_dbbf04bbfebdc3f5,0,,good
visa_511873b46d599a35,0,,good
visa_07d3789457a96a0b,0,,good
visa_9fb089c916c625ce,0,,good
visa_f9dc203b52d28244,0,,good
visa_317cd558ac9c490b,0,,good
visa_a6b484d810500775,0,,good
visa_760aa72819e70b0e,0,,good
visa_aaceb47102c9c775,0,,good
visa_31d4113058b2b644,0,,good
visa_01fe3ea1741e7670,0,,good
visa_ce740b4d8ca1fbaf,0,,good
visa_27924dee80fcb067,0,,good
visa_8cefeb6cf683400d,0,,good
visa_d3e7d470831766de,0,,good
visa_cbdcd814e55334dd,0,,good
visa_3a0d6d48e18729bc,0,,good
visa_554c40912ff7cf5b,0,,good
visa_c1ad74e3f98d4baa,0,,good
visa_959f20b63d04b84b,0,,good
visa_4c8d7b51a4741413,0,,good
visa_875e4f8f1d3c31de,0,,good
visa_9b2075e6c974928a,0,,good
visa_38c66f8ebd2ae0c9,0,,good
visa_d2612811384426a0,0,,good
visa_1b21b170fae45c00,0,,good
visa_ba29743db24a6a97,0,,good
visa_26a7f4e8176e6fac,0,,good
visa_97fd1587c1b63d60,0,,good
visa_62da974586843f7a,0,,good
visa_121a8bb5ad7ef44c,0,,good
visa_f9b447129c680835,0,,good
visa_883de19aa7857b58,0,,good
visa_4100d62c7e1deb85,0,,good
visa_04e6bd12451f5c1c,0,,good
visa_8e9793bd1cc02574,0,,good
visa_45790c5b4744716b,0,,good
visa_d39308a468492343,0,,good
visa_e6eee2d67d0fd63e,0,,good
visa_dde6915dd1eeb2f7,0,,good
visa_60dcea57b6d1aa9e,0,,good
visa_1e0c3e80e476734f,0,,good
visa_fe81d801c651d0ea,0,,good
visa_d5a91627e572d2a7,0,,good
visa_568fda5c1dd45cf9,0,,good
visa_852b8d4d01ab97d8,0,,good
visa_fea30822dfce8a8d,0,,good
visa_ee7440fc788ed1ac,0,,good
visa_bca258e02b1025ad,0,,good
visa_f10fd135d12cb7bf,0,,good
visa_5f1b139f2c71cb32,0,,good
visa_8bbc4c86bc3d4ab1,0,,good
visa_605ee4528acebf94,0,,good
visa_ff195e095ca2f4d2,0,,good
visa_b0202aeacee6af91,0,,good
visa_8b08d0bfe3f6a054,0,,good
visa_b6074bb09e86966e,0,,good
visa_81c6729ebd40d956,0,,good
visa_4c584642097445bb,0,,good
visa_7a7a9965e19bd430,0,,good
visa_4310d3b67a185cca,0,,good
visa_d8dbd06c520fd04f,0,,good
visa_5aa7ffddf3c22295,0,,good
visa_8cdbe53233a643ed,0,,good
visa_d46b56a733675118,0,,good
visa_59090d4c312c44dd,0,,good
visa_c21c6da28b0aa2e8,0,,good
visa_d47cedc152a5faa8,0,,good
visa_fe364bde3fa7163e,0,,good
visa_fed9ed9e9fc16140,0,,good
visa_d1c55df0b34972de,0,,good
visa_ffc79c708c86dcac,0,,good
visa_18b9f6413d451fa8,0,,good
visa_ae495387a530147a,0,,good
visa_5a5bffe442e57878,0,,good
visa_abdecab3f186db6c,0,,good
visa_0b1913d15b4fb216,0,,good
visa_6975f79e3660139a,0,,good
visa_e7a7d8e170b6ad18,0,,good
visa_588e29447dfd3750,0,,good
visa_e9b714ac0dbc28de,0,,good
visa_fc86fa24becee6fe,0,,good
visa_c0b7f3c3b7ee89ab,0,,good
visa_a84670f907c52cfc,0,,good
visa_d3c3b74ce8477b98,0,,good
visa_59d9581d7898d9d8,0,,good
visa_c1249b50ba966001,0,,good
visa_1551ed77604fa065,0,,good
visa_a5bd3c23b1ae8d3f,0,,good
visa_957b3fd4ec7598c4,0,,good
visa_facc039531618397,0,,good
visa_ac9cc1a6d4e17e7e,0,,good
visa_4327b89b2238b4e9,0,,good
visa_8f79a67ec77aa233,0,,good
visa_7aa6ab9486d85a9f,0,,good
visa_fdab43dfe5cafe87,0,,good
visa_9d6dc6e779950743,0,,good
visa_d680d70e39fb636d,0,,good
visa_7503b9d92d008aa0,0,,good
visa_143cc4c01cbc0075,0,,good
visa_9f65760f83bacc5d,0,,good
visa_dd786ed7e96d5c63,0,,good
visa_8581da09a2783fc9,0,,good
visa_cfa4740f1838d933,0,,good
visa_29d390bba4eed8fa,0,,good
visa_60a3e43667d60021,0,,good
visa_40c3ae15df9e4a9b,0,,good
visa_bb643360b6ee8db1,0,,good
visa_cbb9098af8087090,0,,good
visa_445931b85e09220b,0,,good
visa_508464da80d8373a,0,,good
visa_d7e7ee6369446506,0,,good
visa_211f9daa849af28d,0,,good
visa_acde2fa489732b9b,0,,good
visa_87d18f753f50460b,0,,good
visa_ff3fb802ff5fddad,0,,good
visa_bb5670c462c910f4,0,,good
visa_983341729ce3f10a,0,,good
visa_f116116fd7de7051,0,,good
visa_5b3cf8f9dbd1ae7f,0,,good
visa_5c6d08cfa4bc09b2,0,,good
visa_d38d035bcd5d894a,0,,good
visa_595346d6fb4c01e0,0,,good
visa_b5e240552a96b1fa,0,,good
visa_a338871204bb62e3,0,,good
visa_a3a5d1a5eae45cc0,0,,good
visa_ed85ecf1992316e6,0,,good
visa_0fd3e8cd79342eab,0,,good
visa_9d1cda8d7ea7031b,0,,good
visa_d8d4aaf046adc014,0,,good
visa_a3d688287714cf7d,0,,good
visa_3459b5cf2cc853ec,0,,good
visa_12f40787f9bc5a88,0,,good
visa_b03d764439577366,0,,good
visa_b8223959fcc7285f,0,,good
visa_2011fdd6e7c9cc66,0,,good
visa_9e648cb8b216bc5c,0,,good
visa_d53de679d7e526a8,0,,good
visa_099e33e916158910,0,,good
visa_2ef628e9850f3657,0,,good
visa_2cf6eb50b7f9ada2,0,,good
visa_5dfa2ea3b76befd2,0,,good
visa_3feed6ebced4f905,0,,good
visa_aa0cedfef95d1ded,0,,good
visa_1e1603746151ca2e,0,,good
visa_2b2d74d2886432cb,0,,good
visa_a5bf2cad9765de9a,0,,good
visa_436dc75988c73985,0,,good
visa_2a0635cad26ba841,0,,good
visa_6ab872adac17db62,0,,good
visa_5f396abc0ec62850,0,,good
visa_420218f6359576b1,0,,good
visa_2746eda597d1c8c1,0,,good
visa_446a411712b5c7e6,0,,good
visa_3c348402db504343,0,,good
visa_b349ed8f9eb2f260,0,,good
visa_f785e720554ed9e5,0,,good
visa_cabd2a1f9b639f46,0,,good
visa_a838bd02051776ea,0,,good
visa_cf5ac0b68f4ee140,0,,good
visa_282aec7ced8d6e45,0,,good
visa_6ec611dab1e9105b,0,,good
visa_0e6d97e84b5e26a4,0,,good
visa_889a601cce8f0592,0,,good
visa_9a54b22d560d8de6,0,,good
visa_9601b9c0c6589607,0,,good
visa_a9c4629da2f2bb7f,0,,good
visa_9499f6e838eb34b2,0,,good
visa_d5628cb45f4e75bd,0,,good
visa_2cb94c5deed2cef1,0,,good
visa_b5a3076f39b245c8,0,,good
visa_8a49bee220faa3e9,0,,good
visa_2a85e221f3868475,0,,good
visa_7fdda609dd03688b,0,,good
visa_ea81f6595963141f,0,,good
visa_2aa2704fe71a5b50,0,,good
visa_66e647c02f1a1866,0,,good
visa_340c9a6a699fe80f,0,,good
visa_36885c5b2173b090,0,,good
visa_83b3137c5baf76fc,0,,good
visa_54a760a360c31d0c,0,,good
visa_29400c4bb88fb177,0,,good
visa_066dc30ab77f6d6f,0,,good
visa_87b493d61c553440,0,,good
visa_fb877b298b756910,0,,good
visa_6c880b349fa2fbd1,0,,good
visa_17922fcdcc8fea6d,1,/data/gauss/ldh/myDatasets/VisA/fryum/Data/Masks/Anomaly/000.png,Anomaly
visa_fc0c0bcf5215b25b,1,/data/gauss/ldh/myDatasets/VisA/fryum/Data/Masks/Anomaly/001.png,Anomaly
visa_b2fc719cffec3ab7,1,/data/gauss/ldh/myDatasets/VisA/fryum/Data/Masks/Anomaly/002.png,Anomaly
visa_8c960676b62db7a3,1,/data/gauss/ldh/myDatasets/VisA/fryum/Data/Masks/Anomaly/003.png,Anomaly
visa_78afebadbd287ef3,1,/data/gauss/ldh/myDatasets/VisA/fryum/Data/Masks/Anomaly/004.png,Anomaly
visa_ad63f4b853165a3f,1,/data/gauss/ldh/myDatasets/VisA/fryum/Data/Masks/Anomaly/005.png,Anomaly
visa_41753deb5977df16,1,/data/gauss/ldh/myDatasets/VisA/fryum/Data/Masks/Anomaly/006.png,Anomaly
visa_cf4ef460bec0cc56,1,/data/gauss/ldh/myDatasets/VisA/fryum/Data/Masks/Anomaly/007.png,Anomaly
visa_d263d2957123e450,1,/data/gauss/ldh/myDatasets/VisA/fryum/Data/Masks/Anomaly/008.png,Anomaly
visa_b56a74ddbf637002,1,/data/gauss/ldh/myDatasets/VisA/fryum/Data/Masks/Anomaly/009.png,Anomaly
visa_d4cd9b2d219398c5,1,/data/gauss/ldh/myDatasets/VisA/fryum/Data/Masks/Anomaly/010.png,Anomaly
visa_aadff6fe20287cca,1,/data/gauss/ldh/myDatasets/VisA/fryum/Data/Masks/Anomaly/011.png,Anomaly
visa_c03aa3e37c799b93,1,/data/gauss/ldh/myDatasets/VisA/fryum/Data/Masks/Anomaly/012.png,Anomaly
visa_4c2f28c94a03760e,1,/data/gauss/ldh/myDatasets/VisA/fryum/Data/Masks/Anomaly/013.png,Anomaly
visa_42204d531d1a81b2,1,/data/gauss/ldh/myDatasets/VisA/fryum/Data/Masks/Anomaly/014.png,Anomaly
visa_b35c8a6edcc64b7d,1,/data/gauss/ldh/myDatasets/VisA/fryum/Data/Masks/Anomaly/015.png,Anomaly
visa_34fd0f73da20da9b,1,/data/gauss/ldh/myDatasets/VisA/fryum/Data/Masks/Anomaly/016.png,Anomaly
visa_7cadd890e4a62653,1,/data/gauss/ldh/myDatasets/VisA/fryum/Data/Masks/Anomaly/017.png,Anomaly
visa_8134b092dff845c7,1,/data/gauss/ldh/myDatasets/VisA/fryum/Data/Masks/Anomaly/018.png,Anomaly
visa_a89fcb010452212c,1,/data/gauss/ldh/myDatasets/VisA/fryum/Data/Masks/Anomaly/019.png,Anomaly
visa_992bf6a2176e9a80,1,/data/gauss/ldh/myDatasets/VisA/fryum/Data/Masks/Anomaly/020.png,Anomaly
visa_5dc8bc389cfc6270,1,/data/gauss/ldh/myDatasets/VisA/fryum/Data/Masks/Anomaly/021.png,Anomaly
visa_d34dea94695dbbdd,1,/data/gauss/ldh/myDatasets/VisA/fryum/Data/Masks/Anomaly/022.png,Anomaly
visa_90841867d4490695,1,/data/gauss/ldh/myDatasets/VisA/fryum/Data/Masks/Anomaly/023.png,Anomaly
visa_6fc6e504a53aa3e1,1,/data/gauss/ldh/myDatasets/VisA/fryum/Data/Masks/Anomaly/024.png,Anomaly
visa_141870111ee7ab58,1,/data/gauss/ldh/myDatasets/VisA/fryum/Data/Masks/Anomaly/025.png,Anomaly
visa_3a2420da4b3ea33a,1,/data/gauss/ldh/myDatasets/VisA/fryum/Data/Masks/Anomaly/026.png,Anomaly
visa_1d2909b664f89d55,1,/data/gauss/ldh/myDatasets/VisA/fryum/Data/Masks/Anomaly/027.png,Anomaly
visa_8fc035c47b9d0deb,1,/data/gauss/ldh/myDatasets/VisA/fryum/Data/Masks/Anomaly/028.png,Anomaly
visa_3811598e4cc6a262,1,/data/gauss/ldh/myDatasets/VisA/fryum/Data/Masks/Anomaly/029.png,Anomaly
visa_2907fb78b222369d,1,/data/gauss/ldh/myDatasets/VisA/fryum/Data/Masks/Anomaly/030.png,Anomaly
visa_59f6b01d967694e2,1,/data/gauss/ldh/myDatasets/VisA/fryum/Data/Masks/Anomaly/031.png,Anomaly
visa_7d1779b728d94a17,1,/data/gauss/ldh/myDatasets/VisA/fryum/Data/Masks/Anomaly/032.png,Anomaly
visa_c4461c5e59d7ec9e,1,/data/gauss/ldh/myDatasets/VisA/fryum/Data/Masks/Anomaly/033.png,Anomaly
visa_89f3c907bb414c1c,1,/data/gauss/ldh/myDatasets/VisA/fryum/Data/Masks/Anomaly/034.png,Anomaly
visa_2e5bec32b428c8e6,1,/data/gauss/ldh/myDatasets/VisA/fryum/Data/Masks/Anomaly/035.png,Anomaly
visa_8ae01bc4449fdea8,1,/data/gauss/ldh/myDatasets/VisA/fryum/Data/Masks/Anomaly/036.png,Anomaly
visa_b3844e393fa90bb8,1,/data/gauss/ldh/myDatasets/VisA/fryum/Data/Masks/Anomaly/037.png,Anomaly
visa_90e29e16fa2aed2b,1,/data/gauss/ldh/myDatasets/VisA/fryum/Data/Masks/Anomaly/038.png,Anomaly
visa_c449b08650b03a61,1,/data/gauss/ldh/myDatasets/VisA/fryum/Data/Masks/Anomaly/039.png,Anomaly
visa_d33648f6280a7c46,1,/data/gauss/ldh/myDatasets/VisA/fryum/Data/Masks/Anomaly/040.png,Anomaly
visa_b3ba19aae65bf354,1,/data/gauss/ldh/myDatasets/VisA/fryum/Data/Masks/Anomaly/041.png,Anomaly
visa_c7c3e3ea24414abb,1,/data/gauss/ldh/myDatasets/VisA/fryum/Data/Masks/Anomaly/042.png,Anomaly
visa_5f8a1b75e5e0eacf,1,/data/gauss/ldh/myDatasets/VisA/fryum/Data/Masks/Anomaly/043.png,Anomaly
visa_4b69caac3b20e48a,1,/data/gauss/ldh/myDatasets/VisA/fryum/Data/Masks/Anomaly/044.png,Anomaly
visa_a2d14d68cd55a09f,1,/data/gauss/ldh/myDatasets/VisA/fryum/Data/Masks/Anomaly/045.png,Anomaly
visa_a2a8353f09bd02ab,1,/data/gauss/ldh/myDatasets/VisA/fryum/Data/Masks/Anomaly/046.png,Anomaly
visa_cd28e3ab47492315,1,/data/gauss/ldh/myDatasets/VisA/fryum/Data/Masks/Anomaly/047.png,Anomaly
visa_b069956a69f9dfea,1,/data/gauss/ldh/myDatasets/VisA/fryum/Data/Masks/Anomaly/048.png,Anomaly
visa_7dab1d6be8609e45,1,/data/gauss/ldh/myDatasets/VisA/fryum/Data/Masks/Anomaly/049.png,Anomaly
visa_684eaac765303c62,1,/data/gauss/ldh/myDatasets/VisA/fryum/Data/Masks/Anomaly/050.png,Anomaly
visa_000f41162b8f5955,1,/data/gauss/ldh/myDatasets/VisA/fryum/Data/Masks/Anomaly/051.png,Anomaly
visa_94e405c58954836c,1,/data/gauss/ldh/myDatasets/VisA/fryum/Data/Masks/Anomaly/052.png,Anomaly
visa_64876a8c89cd8b91,1,/data/gauss/ldh/myDatasets/VisA/fryum/Data/Masks/Anomaly/053.png,Anomaly
visa_11c0a3ab6a15be2c,1,/data/gauss/ldh/myDatasets/VisA/fryum/Data/Masks/Anomaly/054.png,Anomaly
visa_075cd680cc955e51,1,/data/gauss/ldh/myDatasets/VisA/fryum/Data/Masks/Anomaly/055.png,Anomaly
visa_85bcc66c92f62290,1,/data/gauss/ldh/myDatasets/VisA/fryum/Data/Masks/Anomaly/056.png,Anomaly
visa_ae1fd6fbb91416e4,1,/data/gauss/ldh/myDatasets/VisA/fryum/Data/Masks/Anomaly/057.png,Anomaly
visa_828b23b7d9ad9ad7,1,/data/gauss/ldh/myDatasets/VisA/fryum/Data/Masks/Anomaly/058.png,Anomaly
visa_7062b6c8ded437d6,1,/data/gauss/ldh/myDatasets/VisA/fryum/Data/Masks/Anomaly/059.png,Anomaly
visa_d918a16846dda341,1,/data/gauss/ldh/myDatasets/VisA/fryum/Data/Masks/Anomaly/060.png,Anomaly
visa_f55558e2f0a39c57,1,/data/gauss/ldh/myDatasets/VisA/fryum/Data/Masks/Anomaly/061.png,Anomaly
visa_54f74885e97e2bea,1,/data/gauss/ldh/myDatasets/VisA/fryum/Data/Masks/Anomaly/062.png,Anomaly
visa_40e5fbb071b6f27c,1,/data/gauss/ldh/myDatasets/VisA/fryum/Data/Masks/Anomaly/063.png,Anomaly
visa_7b903e7be0a8f9fc,1,/data/gauss/ldh/myDatasets/VisA/fryum/Data/Masks/Anomaly/064.png,Anomaly
visa_633a432498fae16f,1,/data/gauss/ldh/myDatasets/VisA/fryum/Data/Masks/Anomaly/065.png,Anomaly
visa_c4c8e24ba27df9eb,1,/data/gauss/ldh/myDatasets/VisA/fryum/Data/Masks/Anomaly/066.png,Anomaly
visa_8ae6799546d81ab5,1,/data/gauss/ldh/myDatasets/VisA/fryum/Data/Masks/Anomaly/067.png,Anomaly
visa_e24a04c92d28243b,1,/data/gauss/ldh/myDatasets/VisA/fryum/Data/Masks/Anomaly/068.png,Anomaly
visa_1f2f671736ce20f2,1,/data/gauss/ldh/myDatasets/VisA/fryum/Data/Masks/Anomaly/069.png,Anomaly
visa_4e5b32258554b1ee,1,/data/gauss/ldh/myDatasets/VisA/fryum/Data/Masks/Anomaly/070.png,Anomaly
visa_e0f207953400fced,1,/data/gauss/ldh/myDatasets/VisA/fryum/Data/Masks/Anomaly/071.png,Anomaly
visa_a5db799c8cb207bd,1,/data/gauss/ldh/myDatasets/VisA/fryum/Data/Masks/Anomaly/072.png,Anomaly
visa_6bf90236bb29ec0c,1,/data/gauss/ldh/myDatasets/VisA/fryum/Data/Masks/Anomaly/073.png,Anomaly
visa_5db22d7a9e3771e6,1,/data/gauss/ldh/myDatasets/VisA/fryum/Data/Masks/Anomaly/074.png,Anomaly
visa_4e93358659350b51,1,/data/gauss/ldh/myDatasets/VisA/fryum/Data/Masks/Anomaly/075.png,Anomaly
visa_e12c588c20678377,1,/data/gauss/ldh/myDatasets/VisA/fryum/Data/Masks/Anomaly/076.png,Anomaly
visa_44ea45cd5e789e70,1,/data/gauss/ldh/myDatasets/VisA/fryum/Data/Masks/Anomaly/077.png,Anomaly
visa_3f27cb39a18403bf,1,/data/gauss/ldh/myDatasets/VisA/fryum/Data/Masks/Anomaly/078.png,Anomaly
visa_8ad9c129e0f7582a,1,/data/gauss/ldh/myDatasets/VisA/fryum/Data/Masks/Anomaly/079.png,Anomaly
visa_d7b2de3134d6f6be,1,/data/gauss/ldh/myDatasets/VisA/fryum/Data/Masks/Anomaly/080.png,Anomaly
visa_ece020dd4299ff22,1,/data/gauss/ldh/myDatasets/VisA/fryum/Data/Masks/Anomaly/081.png,Anomaly
visa_4f4df625e6c7d2b2,1,/data/gauss/ldh/myDatasets/VisA/fryum/Data/Masks/Anomaly/082.png,Anomaly
visa_6f8a268da7a390bf,1,/data/gauss/ldh/myDatasets/VisA/fryum/Data/Masks/Anomaly/083.png,Anomaly
visa_cfefc70f649276c6,1,/data/gauss/ldh/myDatasets/VisA/fryum/Data/Masks/Anomaly/084.png,Anomaly
visa_75c60457baf54b77,1,/data/gauss/ldh/myDatasets/VisA/fryum/Data/Masks/Anomaly/085.png,Anomaly
visa_f6553c9b38bde397,1,/data/gauss/ldh/myDatasets/VisA/fryum/Data/Masks/Anomaly/086.png,Anomaly
visa_d8c615f7bddadb2a,1,/data/gauss/ldh/myDatasets/VisA/fryum/Data/Masks/Anomaly/087.png,Anomaly
visa_d408d04a70eb4f3c,1,/data/gauss/ldh/myDatasets/VisA/fryum/Data/Masks/Anomaly/088.png,Anomaly
visa_5693d6351de11989,1,/data/gauss/ldh/myDatasets/VisA/fryum/Data/Masks/Anomaly/089.png,Anomaly
visa_f2a54db818af547e,1,/data/gauss/ldh/myDatasets/VisA/fryum/Data/Masks/Anomaly/090.png,Anomaly
visa_3904e3e3b3ac568f,1,/data/gauss/ldh/myDatasets/VisA/fryum/Data/Masks/Anomaly/091.png,Anomaly
visa_e04d84a568f8754b,1,/data/gauss/ldh/myDatasets/VisA/fryum/Data/Masks/Anomaly/092.png,Anomaly
visa_d6de101bd4d68aa6,1,/data/gauss/ldh/myDatasets/VisA/fryum/Data/Masks/Anomaly/093.png,Anomaly
visa_45e712e226b21526,1,/data/gauss/ldh/myDatasets/VisA/fryum/Data/Masks/Anomaly/094.png,Anomaly
visa_ad0be274fbe00bd6,1,/data/gauss/ldh/myDatasets/VisA/fryum/Data/Masks/Anomaly/095.png,Anomaly
visa_b53e98e85236a560,1,/data/gauss/ldh/myDatasets/VisA/fryum/Data/Masks/Anomaly/096.png,Anomaly
visa_f9a50cda8c4f76a1,1,/data/gauss/ldh/myDatasets/VisA/fryum/Data/Masks/Anomaly/097.png,Anomaly
visa_d214d587e810ef8a,1,/data/gauss/ldh/myDatasets/VisA/fryum/Data/Masks/Anomaly/098.png,Anomaly
visa_2a8319d4c443e997,1,/data/gauss/ldh/myDatasets/VisA/fryum/Data/Masks/Anomaly/099.png,Anomaly
visa_65103f54369bfa98,0,,good
visa_1872284d75aeadcf,0,,good
visa_8874c873fa837378,0,,good
visa_5e8f6abc8f6f7fe0,0,,good
visa_c0cc073cacd60796,0,,good
visa_5d35c76b13be7098,0,,good
visa_3ab484479b57cd07,0,,good
visa_2730a7f8a868b470,0,,good
visa_62f65ae130bf590e,0,,good
visa_d9daecf67684d6ac,0,,good
visa_4eacb4bb9d022c6d,0,,good
visa_d83679b94bcfecdc,0,,good
visa_93b12264621b6ccc,0,,good
visa_e6ed92462465796d,0,,good
visa_dcf6c8afaa17959f,0,,good
visa_9b9b732b801019de,0,,good
visa_285f8e6b15575d64,0,,good
visa_72e8126bbea7ac65,0,,good
visa_8cf28841ae3836ee,0,,good
visa_7cdd9210eeeab453,0,,good
visa_38a238d6655b32ae,0,,good
visa_731ba8c9c417c031,0,,good
visa_0299b8693a0c2bf6,0,,good
visa_9e06fed788f15dc5,0,,good
visa_671313c41ce93c18,0,,good
visa_287e1f443aead5c8,0,,good
visa_fb42939d775f9319,0,,good
visa_09d3f7e47779f1dd,0,,good
visa_7733f1eb080999dd,0,,good
visa_0b183a40b1c2afa8,0,,good
visa_64a1127e2047f32f,0,,good
visa_6bc4c4345e4fb007,0,,good
visa_2bb8a7afce20ebcc,0,,good
visa_23023007e49874d5,0,,good
visa_dbef185a285b2460,0,,good
visa_5075e58535123eae,0,,good
visa_3af9983d85f83129,0,,good
visa_4944d46c5e1985c8,0,,good
visa_efb0eaffcfd5bea5,0,,good
visa_f151351d88f65875,0,,good
visa_8fc5bc2683eedf7f,0,,good
visa_4af8d759c4f41e7e,0,,good
visa_46e4f095e36fd869,0,,good
visa_b7cca7d5547500d4,0,,good
visa_45507c33396431e7,0,,good
visa_076f6a04c5f3994d,0,,good
visa_0b25bb9165cdb1a4,0,,good
visa_7bc3c511839f13dd,0,,good
visa_3ee22760ae6f0972,0,,good
visa_2a218cf89efaeacd,0,,good
visa_b9768e6e257cbcb8,0,,good
visa_b82479f4baf8c1c2,0,,good
visa_9eed58e284e2c7c7,0,,good
visa_7fe06e6c66325a5d,0,,good
visa_a57309ac88ea51ea,0,,good
visa_1b8e3036ae248aa3,0,,good
visa_056f2ec75c0ba02a,0,,good
visa_9bcee5236d0a0c7c,0,,good
visa_1c892071ec81c3f4,0,,good
visa_b4f9f3eef618f41e,0,,good
visa_ed4ab0b2470e649d,0,,good
visa_9c0f84d7eb514cb4,0,,good
visa_61ed30b40b27ef19,0,,good
visa_829a4ea274ffc971,0,,good
visa_34da7f64a1f68c84,0,,good
visa_b6747e911695ac9c,0,,good
visa_62c76e6dd83725e5,0,,good
visa_2de186b94e42e0fc,0,,good
visa_7f479eb71d348028,0,,good
visa_82272ebc177a7b7b,0,,good
visa_11eddb5f8b081127,0,,good
visa_fc77ee862870a694,0,,good
visa_c998f6c5e97226d7,0,,good
visa_88a5ec762bbae46e,0,,good
visa_01ba501ab8b1063a,0,,good
visa_29266692f9dd2675,0,,good
visa_70a2106edd721f9f,0,,good
visa_177d8ed5c766d919,0,,good
visa_bb0cf5cafbcbdec8,0,,good
visa_609efb681ebdf031,0,,good
visa_873949cef9ae6d67,0,,good
visa_da2ae887307df9fc,0,,good
visa_22137d90f776a6f3,0,,good
visa_d6d14a8dadbbb151,0,,good
visa_a05ec96ca2e2b0d4,0,,good
visa_28bffc9bf986087a,0,,good
visa_5220955980fc1159,0,,good
visa_f921eabdfc8df7cb,0,,good
visa_c23496e9c16ded05,0,,good
visa_197210b29e2f1e23,0,,good
visa_e874f84240185c0f,0,,good
visa_6de8a471e16465f0,0,,good
visa_e99d8ac0d62691ce,0,,good
visa_8e81205f59e6409d,0,,good
visa_69a57e92b1fd6c0e,0,,good
visa_1861ed21731af171,0,,good
visa_731316f89e2a1f12,0,,good
visa_2e2ad9d4a78d9a28,0,,good
visa_3c685a38e1a05eae,0,,good
visa_4b6f1b94c5e780d8,0,,good
visa_f7c43fd179fb5b70,0,,good
visa_7ff8ec3cd3592a3a,0,,good
visa_59481831ca86cbd6,0,,good
visa_4ab797e1a3e19291,0,,good
visa_6962e512bc5e6df1,0,,good
visa_1e7bbf41ea703d23,0,,good
visa_b5db91e9c3b43e8c,0,,good
visa_9f8e676f0fc6786e,0,,good
visa_fc751ff21bcfaabc,0,,good
visa_85f6906dca67cf92,0,,good
visa_f0153523435de0b3,0,,good
visa_0e02b91b023dbc40,0,,good
visa_f615beef516b2832,0,,good
visa_685942d5822e26c9,0,,good
visa_57738d0e52d6b157,0,,good
visa_350e5495d9de79b3,0,,good
visa_6ca9ad29b5c057ad,0,,good
visa_b1870bc69dde9ecd,0,,good
visa_423af74576d9e314,0,,good
visa_11891daea24af446,0,,good
visa_218a4f9e200af9b7,0,,good
visa_8eca23284304e538,0,,good
visa_e5c099b7292c5aef,0,,good
visa_0253eb01139b9f91,0,,good
visa_7cd3c20d36320196,0,,good
visa_aab80a3b7c968b3d,0,,good
visa_e44fd0c54eb78563,0,,good
visa_00e78671c77e8b6e,0,,good
visa_8a3897c045e252ef,0,,good
visa_ed23077845d3d1a5,0,,good
visa_e61e98633dc91a85,0,,good
visa_f8c5694cf69fc8d2,0,,good
visa_521318e85fec3913,0,,good
visa_e146bb7101b29424,0,,good
visa_25dd773cd8f35aaf,0,,good
visa_36872e9023e45187,0,,good
visa_2e1792aa2a675aa5,0,,good
visa_f3e687c4b0f74a86,0,,good
visa_62fee3ad2cb0a4c0,0,,good
visa_f2590d5c1584b32a,0,,good
visa_c4b0c1b45cc3594f,0,,good
visa_7666fe7a4ef20117,0,,good
visa_697298be775e6037,0,,good
visa_3a03bf718336af0b,0,,good
visa_48c245526cc48a7a,0,,good
visa_058fc3c0b4e703be,0,,good
visa_e6f25017ae2d7fe9,0,,good
visa_1e8a24224d1b6a76,0,,good
visa_a713e6cdafebae40,0,,good
visa_d18d43e296571f6f,0,,good
visa_7dcc374632a8d834,0,,good
visa_1809f47ebc7371b1,0,,good
visa_502dcea3f7ff23d8,0,,good
visa_e79dd3e31f108ad0,0,,good
visa_81d4c60b4452fee7,0,,good
visa_23dcfc05560aa628,0,,good
visa_e990060643413ff7,0,,good
visa_0d61c8a6d68ab9e6,0,,good
visa_1f0dc80242590358,0,,good
visa_b9bdc8ebf29ffc07,0,,good
visa_98388e01b30cb97c,0,,good
visa_8f44881a156f8427,0,,good
visa_899bee6f8199f3c5,0,,good
visa_cca02401c2391a32,0,,good
visa_79b2610cec43791c,0,,good
visa_17f6dd36567e3c32,0,,good
visa_e19285a29a78c8ba,0,,good
visa_7a19910930991994,0,,good
visa_9d554806035e90a7,0,,good
visa_8a4cc332b9d5d4a8,0,,good
visa_6bce4c65bd366401,0,,good
visa_162a6a715df8dacd,0,,good
visa_d1a4c9873b88fc1f,0,,good
visa_39cf1c42ec321208,0,,good
visa_94e62f6e2b69de79,0,,good
visa_9c71f72f42e051ea,0,,good
visa_bc79e19a9d8be238,0,,good
visa_4e26ed3cfb1bf5c0,0,,good
visa_16b1e8c72310111e,0,,good
visa_6c5139c501ff72d4,0,,good
visa_6fe8e597e28f91cc,0,,good
visa_64028121f3de21ca,0,,good
visa_b13195537ba4fec7,0,,good
visa_ffbc1b4b5853639e,0,,good
visa_76e9e3c4922fff20,0,,good
visa_4ec9f3e155ad242c,0,,good
visa_bdc366a681413c84,0,,good
visa_c2b36d1479da6a21,0,,good
visa_a41e4d80042613aa,0,,good
visa_3d8f75a7db4065d9,0,,good
visa_de3ba1eb99aa1233,0,,good
visa_562373b2d0077753,0,,good
visa_d0a4181e269fc07f,0,,good
visa_011ca31bc1ed6901,0,,good
visa_2abe54ad8f3e2fd6,0,,good
visa_f647be661a815437,0,,good
visa_372abcf68aa0f263,0,,good
visa_7c4b6ab21123e9c7,0,,good
visa_310319b235a2223f,0,,good
visa_7b747a8e5d961725,0,,good
visa_fd2131264b82c6be,0,,good
visa_bbad199dc04acf93,0,,good
visa_57733cee1f8eb248,0,,good
visa_76a3bfd6d0d595cf,0,,good
visa_47d08f8f1534b4c5,0,,good
visa_e5ceabc4d3291c45,0,,good
visa_521c304b20cc9b2b,0,,good
visa_9d79669226334ba2,0,,good
visa_5b34f5cf0308704c,0,,good
visa_21e7acfa026297b1,0,,good
visa_c30318cad6c1a355,0,,good
visa_bae678d25f693516,0,,good
visa_454a44f0cb461fb3,0,,good
visa_34d061c1d7479671,0,,good
visa_c64209261353d233,0,,good
visa_0ab33abaa069a5e5,0,,good
visa_d49a9499ea563fed,0,,good
visa_448282895fa951f3,0,,good
visa_a15525d57ef0cfdb,0,,good
visa_433b1c792784f315,0,,good
visa_9199ceb6aa40cd6e,0,,good
visa_c2c9a58c4f4d4152,0,,good
visa_0ea7f3fd491b57c7,0,,good
visa_249268b777431bff,0,,good
visa_f78cf1521afd5b0c,0,,good
visa_6a3e3340b04cec45,0,,good
visa_f000931799f6da26,0,,good
visa_b9fcfdfea274e889,0,,good
visa_a06a94638bac4bfc,0,,good
visa_0b03b78acd73b0c5,0,,good
visa_52c4697e388b417d,0,,good
visa_6b0db7e419662817,0,,good
visa_c46252a360a59f83,0,,good
visa_0b909695d9e8dca0,0,,good
visa_45cec9040c5aab2d,0,,good
visa_4a7d20fea6617c06,0,,good
visa_9a2c043916a41357,0,,good
visa_fb91966769260c37,0,,good
visa_138b5581b7342872,0,,good
visa_a605a245e7a139b5,0,,good
visa_89e47302c1600eb0,0,,good
visa_affed69c4f09d378,0,,good
visa_716ef0de654cc225,0,,good
visa_f1d7a836e88c97c1,0,,good
visa_efc35642e5384372,0,,good
visa_0329cb64918a879e,0,,good
visa_272b7a1bee9e5e45,0,,good
visa_9da179becf9f0a47,0,,good
visa_434bd50daa7ed72e,0,,good
visa_5e751c236bf2af09,0,,good
visa_5ea69f1f120361c8,0,,good
visa_cc000c1865d0137d,0,,good
visa_0f8701c1740ea57f,0,,good
visa_fa3e938d7d71a9d2,0,,good
visa_f1e2eb75a766f129,0,,good
visa_990296f59ff7a685,0,,good
visa_5e69f34073cc00f1,0,,good
visa_12e6e4aa45e750f9,0,,good
visa_a84f6a3069e6ff71,0,,good
visa_7bd9c1eb6db43c5e,0,,good
visa_656d396da1f5222f,0,,good
visa_378bc6e37eced70a,0,,good
visa_c8d5babc812f997f,0,,good
visa_a4d747b453b5d3dd,0,,good
visa_3ae820a36f1b630b,0,,good
visa_4ca45656af7b89eb,0,,good
visa_14ddb3ef1cfb61cb,0,,good
visa_c4f8d64cf469e6e8,0,,good
visa_5c2c8cecf568fd1e,0,,good
visa_ce79b88d1250e7f6,0,,good
visa_fb78ab690ddeffd8,0,,good
visa_4d00d660368915b9,0,,good
visa_3ee57804e4bfa319,0,,good
visa_ea8909599805fbf1,0,,good
visa_af9ef5578c976b50,0,,good
visa_533becbfbf5821a7,0,,good
visa_c73571737ef895aa,0,,good
visa_90c87e5630545a87,0,,good
visa_92453bc934bfebda,0,,good
visa_f1e54b725037a593,0,,good
visa_4681602656c48e49,0,,good
visa_e8b04400bed5a3a0,0,,good
visa_0fb433f957552c1b,0,,good
visa_0ccfa09bc99dba4f,0,,good
visa_27a23b6053939ecc,0,,good
visa_c0bf7e59c5dc2040,0,,good
visa_33153f76cde11c3d,0,,good
visa_bf87de24cf24595b,0,,good
visa_8b5093d4f9612cc0,0,,good
visa_a68a231b724bb907,0,,good
visa_3e61e5314713a505,0,,good
visa_21dbdc78385c0551,0,,good
visa_dfefc5664a9800f0,0,,good
visa_a9d69702c8dfeac2,0,,good
visa_d100f69ee712c961,0,,good
visa_53070e4a4836721f,0,,good
visa_3e290795f15955be,0,,good
visa_95a25e5629e3eaa9,0,,good
visa_bf5081ba0a3fe20b,0,,good
visa_dd25b407a72656d5,0,,good
visa_d24c9f5b8044d41c,0,,good
visa_53d24cfdeba86268,0,,good
visa_ae6001328295ab92,0,,good
visa_011a32b942848c77,0,,good
visa_ee7b25fc76e766f3,0,,good
visa_a325c309fcf8ade4,0,,good
visa_bf68df73376997ef,0,,good
visa_a197f3c36a59e3c3,0,,good
visa_5b45674989012ba7,0,,good
visa_683d07b831697eb4,0,,good
visa_c6f4892791f4d98a,0,,good
visa_39b58692d219c7b4,0,,good
visa_d749acb959233c3e,0,,good
visa_4f83b9fc0b0d29ce,0,,good
visa_eeb82d0bd1e1fba0,0,,good
visa_48a481fcec98c067,0,,good
visa_7a89b9cbe21ace34,0,,good
visa_df41b206a5fb40eb,0,,good
visa_0bcc34745449b283,0,,good
visa_9fec0761e69a3643,0,,good
visa_6a3d283f299a9ce4,0,,good
visa_94eba777dd0597f8,0,,good
visa_b02b2016c6936acd,0,,good
visa_8e8c3352d5f8b828,0,,good
visa_0f7c79372d2b252e,0,,good
visa_72f0e4c5f595296e,0,,good
visa_7d5541f6037db672,0,,good
visa_249d47f85f2731e4,0,,good
visa_083d1fa4d7089966,0,,good
visa_6470dbf919853c48,0,,good
visa_d788f8bbb31053b7,0,,good
visa_890f943100e9745f,0,,good
visa_7512fb4ca29b7fa4,0,,good
visa_9c743b00da74292e,0,,good
visa_6913c211c631631c,0,,good
visa_17711a1802ae2404,0,,good
visa_3d9183a57aa2df73,0,,good
visa_3fdb05584873e873,0,,good
visa_b9a9a6b1a129a01e,0,,good
visa_8745c7ebb19d5bf1,0,,good
visa_c9cf1ff6e2d751aa,0,,good
visa_c264005cc3412f71,0,,good
visa_579f7f86ff800102,0,,good
visa_73c7371a3f73e435,0,,good
visa_5bd8ac0a2263e98f,0,,good
visa_bee178a436887330,0,,good
visa_4cf57b59c27ff451,0,,good
visa_7e3613626526c44f,0,,good
visa_f912fbb1ac31bc9f,0,,good
visa_7379c1f57678deb0,0,,good
visa_a0d5f309f9b1b6a2,0,,good
visa_d7e97baf548bc764,0,,good
visa_49adae542d50bd1a,0,,good
visa_b70dee00f43c87bc,0,,good
visa_62df08b09ef32c0e,0,,good
visa_60cfc6c57ffd9151,0,,good
visa_4241604399f1455f,0,,good
visa_fd1710f9502dcf98,0,,good
visa_2be4222b0625668f,0,,good
visa_3844e275c06677c3,0,,good
visa_aca98a485c392cd7,0,,good
visa_fc8f4519dc96aff2,0,,good
visa_cb3ae96a8b598b0f,0,,good
visa_53d01d5b55e07ee0,0,,good
visa_a1256e65d3dc7305,0,,good
visa_98df1c7c2913b9d3,0,,good
visa_1cefbdd0a1cb9dfd,0,,good
visa_3de7fad0454b9267,0,,good
visa_1169be5eea6390f8,0,,good
visa_1f40b8bf182f6c49,0,,good
visa_a4ca56e5bc219fd4,0,,good
visa_3dca809422e7a892,0,,good
visa_bfff63128cbcc80e,0,,good
visa_6f4c30bfe44d9512,0,,good
visa_6f98456601819086,0,,good
visa_f3acf4589f13a3fb,0,,good
visa_b96d424edb8b1a73,0,,good
visa_b9188e15d66ded0f,0,,good
visa_da2423441a296e4d,0,,good
visa_760dc59b62bd4f43,0,,good
visa_7130cdf9fe40d10d,0,,good
visa_a54539b621e7cf95,0,,good
visa_a2f6b8780b1b0f07,0,,good
visa_aa71f8b2582da057,0,,good
visa_2d50367d406f0864,0,,good
visa_de3d63e601ac2c42,0,,good
visa_d553623f65a774f7,0,,good
visa_ab57b8e097934c95,0,,good
visa_36e0dc9b17f4f59a,0,,good
visa_c3584391a05047cd,0,,good
visa_c08b4c19d2023597,0,,good
visa_213332037cb2c795,0,,good
visa_1c5cbdad8225a799,0,,good
visa_35d45be68cc95047,0,,good
visa_28c5623ce6047577,0,,good
visa_4e3b9e03d35808fb,0,,good
visa_e89e61863f8ea4ca,0,,good
visa_6d115276de075df4,0,,good
visa_57cd6778f744cf10,0,,good
visa_87752b17c102ee2a,0,,good
visa_57b06f5cb241fb2e,0,,good
visa_3e7866e6fa5b2997,0,,good
visa_b406ea3ba86f49f3,0,,good
visa_2572b73a355d5576,0,,good
visa_f9f2353637c6f6ef,0,,good
visa_ed431b7aba01631d,0,,good
visa_fd33502eb73fe060,0,,good
visa_a8a5f643f8cd21c6,0,,good
visa_a20267528f2d391d,0,,good
visa_121f55d92a4fc916,0,,good
visa_8fccd10673fe806b,0,,good
visa_23dca91ab73c337c,0,,good
visa_9c567fb3d01c4ddc,0,,good
visa_a42600c1ff8ed724,0,,good
visa_e2156023568f6bdd,0,,good
visa_1f69557a0c259059,0,,good
visa_fbe8d0313af497f2,0,,good
visa_3d197fb73bcc6c7a,0,,good
visa_5e5121383afdd471,0,,good
visa_907e8d2acde2f044,0,,good
visa_76978ada27a302c8,0,,good
visa_f5c21e626f014853,0,,good
visa_1ed1835352441f7f,0,,good
visa_27f371adf36939f3,0,,good
visa_914311e5f0aa93a5,0,,good
visa_79118467778d5c0d,0,,good
visa_36fd966ef5e441aa,0,,good
visa_cbf5409a405ffbad,0,,good
visa_a91902f89b9fca26,0,,good
visa_4ac7fb59e4ec8205,0,,good
visa_df6a86c8feed5e5b,0,,good
visa_c77d4c31e470b41b,0,,good
visa_e5272a3f67b94e79,0,,good
visa_db19802840a43c78,0,,good
visa_900c4a0b1f81c206,0,,good
visa_69384203127b14fc,0,,good
visa_3f8633b5d6774a96,0,,good
visa_7c0c16731703fa8d,0,,good
visa_b86f147c26a71342,0,,good
visa_176e1af8243a3da8,0,,good
visa_331e6e2119618de9,0,,good
visa_0ceeb65d5bf6f4fd,0,,good
visa_f88a553e1dd34f8a,0,,good
visa_968b311863c43a14,0,,good
visa_2e2f38f1c3e55649,0,,good
visa_de72e95de00bf09a,0,,good
visa_c1c5cc1793306894,0,,good
visa_aa3985dbc6abec3b,0,,good
visa_d36f8dfc31cc078a,0,,good
visa_ed64043caf3ef019,0,,good
visa_a74dfcd4bf7e35f4,0,,good
visa_76e14eca50c9724e,0,,good
visa_2b8cad9a7caf4329,0,,good
visa_3ed8dde1275e7ac8,0,,good
visa_b620a4f14a8fd05d,0,,good
visa_03fd94735f77c8f3,0,,good
visa_4aa2695787018746,0,,good
visa_864d43f3fe6f267d,0,,good
visa_a52b649e2ad7be53,0,,good
visa_3a0d3555a6efc5b0,0,,good
visa_730063a67857dc54,0,,good
visa_7f6df5c15f52a069,0,,good
visa_26c29f4fea88bd3e,0,,good
visa_6ad6562b4d093d36,0,,good
visa_d170316c62afe635,0,,good
visa_dfcef960aa3af8eb,0,,good
visa_d5cb84e7c9f2854b,0,,good
visa_f62133c41565b51e,0,,good
visa_6f3ba69d2d2d811b,0,,good
visa_cb2e5e1308a16d16,0,,good
visa_95a57669810191f7,0,,good
visa_a9661cb95aa6f1f6,0,,good
visa_89d44ffc304e1ea0,0,,good
visa_d29d0f1e20e17c2b,0,,good
visa_5cf49cec461ef620,0,,good
visa_62a1d9152cc14f84,0,,good
visa_108b8966501c1552,0,,good
visa_0e63b4bef581b21e,0,,good
visa_4a605d2a44e8c2a8,0,,good
visa_7d4d1b5550c15fcc,0,,good
visa_b8af30d582a823c9,0,,good
visa_ba845ac7864c214f,0,,good
visa_911c1818eeabf38d,0,,good
visa_0f71b1c4db02224d,0,,good
visa_c4cdb05f025fe60f,0,,good
visa_20d4822c51409c8f,0,,good
visa_6318bbfa45594178,0,,good
visa_85be3ae18953a3f3,0,,good
visa_9bbdc32df4b63ee8,0,,good
visa_4575a3eda5984dce,0,,good
visa_0b2eb553d5763ae0,0,,good
visa_67a5659b354fd442,0,,good
visa_3f220936cd288572,0,,good
visa_82c4084e6430af77,0,,good
visa_ef580ba29958223c,0,,good
visa_35781d4b4b68d333,0,,good
visa_039f3335505cac77,0,,good
visa_d2c4a1c859ae0a91,0,,good
visa_d53e809b6103d8f0,0,,good
visa_7b404ca188b0b8e8,0,,good
visa_20b9143c5065dcdb,0,,good
visa_c7b08873d0001486,0,,good
visa_5084cd590c22d4e1,0,,good
visa_57218ce6c3651c79,0,,good
visa_ced119484908d9ab,0,,good
visa_1ef3605850f7322b,0,,good
visa_9109960f8c3c45e9,0,,good
visa_07f92e1c764e8ce2,0,,good
visa_9ba4d1ec1ab6d94b,0,,good
visa_a2493d84f025e534,0,,good
visa_55a56fac34688d88,0,,good
visa_fcffc753117491f2,0,,good
visa_ca7aceee7fdf15d2,0,,good
visa_dffdbdbe0b541b28,0,,good
visa_bfda52ec862a351d,0,,good
visa_6dcfcd56064c54e6,0,,good
visa_4670ddd0a2467511,0,,good
visa_351f165688873d38,0,,good
visa_76aab98b7078ce21,0,,good
visa_7a5218a8890fa72f,0,,good
visa_1e80f66984354404,0,,good
visa_9e7448349f39e4d9,0,,good
visa_c0e52a3845686eff,0,,good
visa_e4991392bb031edc,0,,good
visa_e71eefaf9dccbfa7,0,,good
visa_37996706e63233d4,0,,good
visa_6ad8500f4b02f3dd,0,,good
visa_0e88047e967aea16,0,,good
visa_a35de141ee65e0a3,0,,good
visa_5e1546b76cc24089,0,,good
visa_cafa2078c901a324,0,,good
visa_e3216b4b56d5f1e0,0,,good
visa_eb9d1c6a7ba3e6da,0,,good
visa_ba18db37f266beee,0,,good
visa_699f866ba7336c8c,0,,good
visa_0c1f384c823a898f,0,,good
visa_17383f7ffa8ffc82,0,,good
visa_f9693bd3f2e16378,0,,good
visa_d5ef1b2f46e9126d,0,,good
visa_0dc26d091d6add81,0,,good
visa_27338d767977f0ba,0,,good
visa_ea0b3199b266684d,0,,good
visa_d14d80af8213a4d1,0,,good
visa_e0e9a9f9ef458022,0,,good
visa_6dc557a86d6609c4,0,,good
visa_efe3a9661bfa2c6b,0,,good
visa_75f615cb6f404be6,0,,good
visa_df4403d719ae1b05,0,,good
visa_33a60e8f4653ce00,0,,good
visa_337e8757dc46a087,0,,good
visa_ca732d3ded4264cf,0,,good
visa_ea4f0430a7124081,0,,good
visa_3c1fabf533b664e4,0,,good
visa_20f391a5693c3e97,0,,good
visa_e978a8e99de3401e,0,,good
visa_1dcb26faa55006e1,0,,good
visa_dc8db9032f94e0c9,0,,good
visa_5afb20d13cfa6e6a,0,,good
visa_5a9ba03931de7806,0,,good
visa_e98b30ade3153d00,0,,good
visa_c6a6da92e2852b2b,0,,good
visa_d1f36fb5b92696a9,0,,good
visa_166e36611146a5f5,0,,good
visa_e5544b258ec0a280,0,,good
visa_eba528a1995f4877,0,,good
visa_a5653321d9bf464f,0,,good
visa_2f70c1e54571f71f,0,,good
visa_a02ca405a64e2416,0,,good
visa_fc9a7cae4671b4a1,0,,good
visa_8cc92cad694992cd,0,,good
visa_340a773ae5678287,0,,good
visa_0dfd49422efff8c4,0,,good
visa_73f8fcf29498000a,0,,good
visa_0336595b163db49d,0,,good
visa_93e3d54401692946,0,,good
visa_7278c5dd4ab5a1a3,0,,good
visa_d5774e7d023ca7eb,0,,good
visa_3d2275a8c00e513f,0,,good
visa_a2b719d9d7917e39,0,,good
visa_dd37d5ed2250a142,0,,good
visa_257fb8cf8db19062,0,,good
visa_0a79a3c3aeb2e41b,0,,good
visa_3a41cfd474b9c16e,0,,good
visa_8ff8570af6adc01b,0,,good
visa_cf6a47cbb2df1750,0,,good
visa_008b6013e5aa00e1,0,,good
visa_f6a343d6c14fb58f,0,,good
visa_07ebfaef8ae2d5f6,0,,good
visa_8a7afdf3901864a1,0,,good
visa_9ceb352806805135,0,,good
visa_d4447497b74ab0d9,0,,good
visa_a9b95b625d4fbc17,0,,good
visa_429f462ca1d08b6e,0,,good
visa_30a87cb7f419b421,0,,good
visa_1410c980ddc0d6a9,0,,good
visa_0cf160780a63e30d,0,,good
visa_2c2f82c86e14cb6b,0,,good
visa_665f9c9c4986cc13,0,,good
visa_3e34c4b7660bd7ca,0,,good
visa_6f0de3e91e3ce0f8,0,,good
visa_41559d398656d1ba,0,,good
visa_fb1c44ca68721ffb,0,,good
visa_c44ebe861c26d0bf,0,,good
visa_9e353770caadc562,0,,good
visa_25c4f7db4728d15c,0,,good
visa_90519ff2f4bb6da9,0,,good
visa_8c478b4cb3297d34,0,,good
visa_473bb9f2fce72ce3,0,,good
visa_02295472bfa5a182,0,,good
visa_234f907cffeeca41,0,,good
visa_4cc719df02b0a4e5,0,,good
visa_6c66bd324ea03f3b,0,,good
visa_69afe98674cb7559,0,,good
visa_24776380475e3ee3,0,,good
visa_c5cde42bc3f935e8,0,,good
visa_c7c461b67aee53ad,0,,good
visa_8d639ef2a135c54d,0,,good
visa_1283772cfb7ca1c1,0,,good
visa_35ba556a6e63656f,0,,good
visa_8b88377c93dd1be6,0,,good
visa_4e25a8f22a9154b6,0,,good
visa_da6b3552f46e5b77,0,,good
visa_879ca9cd838c4d77,0,,good
visa_6c757d8e58aa499a,0,,good
visa_cd3b247e8c4e9fda,0,,good
visa_52e1afa5803a4fb6,0,,good
visa_b11194a6ce1d4af9,0,,good
visa_f522143d6ec24a6d,0,,good
visa_7b63723ba6414d75,0,,good
visa_2864d292a694ff7f,0,,good
visa_855e26ebc13d230d,0,,good
visa_c40d0954e2da7d3a,0,,good
visa_e35444459c378f2a,0,,good
visa_dde619f39a9ea3c4,0,,good
visa_4cde713e803b5f9c,0,,good
visa_6d72f1ff36d11091,0,,good
visa_227ad9412c7f7ed9,0,,good
visa_590c5ea9950ac723,0,,good
visa_b5b5900165fa4dbb,0,,good
visa_0caf686bc4271c61,0,,good
visa_8e38de524ba16d11,0,,good
visa_8f81c6216aaf5ddb,0,,good
visa_252f5e74d780e464,0,,good
visa_f9cd75aed5b57ebe,0,,good
visa_4ef7bafb8cd31594,0,,good
visa_8717a0f71aac2c44,0,,good
visa_89e376278fc98a10,0,,good
visa_4f41a0a14d2565d1,0,,good
visa_201998170f6ec256,0,,good
visa_cc610ee0788644d3,0,,good
visa_8acbfc1fcaef3da0,0,,good
visa_1d772d791b9801ba,0,,good
visa_a1fe7b6123c57e29,0,,good
visa_a8502752ddce50fc,0,,good
visa_7915c7ecd5f7e130,0,,good
visa_78fb3b46cce98bf6,0,,good
visa_0385e0d68452e9b3,0,,good
visa_09f25a0f7dd94acc,0,,good
visa_9a4416f1175e715a,0,,good
visa_778d4519ada39faf,0,,good
visa_ad524c86eb9a69cf,0,,good
visa_a4108647329a3cba,0,,good
visa_3db5ab14eb7ef8f4,0,,good
visa_ad8752986f5fba82,0,,good
visa_0b03bb6c6a5db918,0,,good
visa_b72c97f2c62dbef6,0,,good
visa_81026cd4706560a0,0,,good
visa_99f110913f5761d1,0,,good
visa_9c3f65a080dec608,0,,good
visa_8932d6acf919d5f9,0,,good
visa_b49274c148dd7329,0,,good
visa_f6e6a22e25c9ecb5,0,,good
visa_5e0e2c147252e9c2,0,,good
visa_dff99954c43db20f,0,,good
visa_ed1e782239a5535d,0,,good
visa_d0d68f639b3c9b66,0,,good
visa_5e5b9f7dd32a05bc,0,,good
visa_cef33fdf2822d64f,0,,good
visa_c43f2b4633bb99a1,0,,good
visa_5ee209b0b0fa48be,0,,good
visa_0cab7033d4c60136,0,,good
visa_67e325008f1a9faf,0,,good
visa_b563366ab54b0a18,0,,good
visa_fc79bde31ade5aca,0,,good
visa_4707906451d2aea9,0,,good
visa_4a3650ea829982d4,0,,good
visa_d2ab6282be06427d,0,,good
visa_404256f963202362,0,,good
visa_a890a1e32417e01f,0,,good
visa_cfd1794d1708384b,0,,good
visa_44d2cb53bcc3061a,0,,good
visa_27cb37b38b2dec85,0,,good
visa_2101a99f5eb92847,0,,good
visa_58a74dfd4927b6a1,0,,good
visa_0c4f27c843a8e273,0,,good
visa_32f4256a7a67f0f0,0,,good
visa_b226d3288544f1b1,0,,good
visa_937e07eb5ae60ca9,0,,good
visa_ee5f42403013e6cf,0,,good
visa_c3a488bf9e923316,0,,good
visa_f73ba32fbd5aac8e,0,,good
visa_a58f3c50a6bc8486,0,,good
visa_31bdc10aeb36269b,0,,good
visa_3e9b9c02d3669ec4,0,,good
visa_0433e917dade7174,0,,good
visa_264149cfc18db87c,0,,good
visa_b02778419ae23382,0,,good
visa_d2fef0f592f84020,0,,good
visa_edfde11f56e3baff,0,,good
visa_027cb7d4c0d0b508,0,,good
visa_8ace5bdae0cb569a,0,,good
visa_b4fdbb7994626ce5,0,,good
visa_a05b889e3bf9bbd1,0,,good
visa_e2a744dc6f87d102,0,,good
visa_2d017296d383d519,0,,good
visa_d401480aa2291d46,0,,good
visa_34c4b8ea196f2e33,0,,good
visa_5e2c02d3bdf75f11,0,,good
visa_6dc129286f69225e,0,,good
visa_5db6b793cb3ff8d6,0,,good
visa_d02126e8bf2b93ec,0,,good
visa_2dba968b2f7ae843,0,,good
visa_dcdd479516c76899,0,,good
visa_2f6565649c248cc4,0,,good
visa_db2bfb9e06f01f42,0,,good
visa_a6a584345c1fa8f8,0,,good
visa_6794a1b4386aa735,0,,good
visa_453e0511ef45b830,0,,good
visa_3d630ae8fcb98daa,0,,good
visa_693a0ef9234690f2,0,,good
visa_a560a1c3748ef9d5,0,,good
visa_7eaa163ae3ebdcc7,0,,good
visa_a5e142fd3dcf876c,0,,good
visa_76bd861ad8aa1e06,0,,good
visa_247f70a771b9a339,0,,good
visa_03111591231fb707,0,,good
visa_d69454e92f490411,0,,good
visa_bee171770e863936,0,,good
visa_89058fb62c02472c,0,,good
visa_3b91489fb6d4a722,0,,good
visa_1e0934081365bd38,0,,good
visa_6f5e2ae0a72987d0,0,,good
visa_ccfa604c55c0dbb0,0,,good
visa_69af3f15ba1a016e,0,,good
visa_012eb20a6c114465,0,,good
visa_77171a4816543457,0,,good
visa_fd2a622f0b947919,0,,good
visa_75bb7b9987f7a31d,0,,good
visa_cd71d6aafb9e54e4,0,,good
visa_fa03e8372500d88c,0,,good
visa_03d82ff8d9509b29,0,,good
visa_372a86515c3f636f,0,,good
visa_3d8e61e75b5a759c,0,,good
visa_c5451a295be1f7b0,0,,good
visa_08bbe414a7c55325,0,,good
visa_f57a378037a3d381,0,,good
visa_59a10a3fc78e6488,0,,good
visa_4357c9f41e08a4f9,0,,good
visa_5eee95d31ae861fd,0,,good
visa_806f30475e26fe2a,0,,good
visa_1020a97a061ecab4,0,,good
visa_09cf637131001d13,0,,good
visa_723e0cbc44551b55,0,,good
visa_280d37c6bd3dffc1,0,,good
visa_1518247268e01427,0,,good
visa_af1a90be0897fd7d,0,,good
visa_30912dac3903b42e,0,,good
visa_55bce5f0a86eefb5,0,,good
visa_5600765e9d001028,0,,good
visa_71bf2c6548872708,0,,good
visa_2991f22a706e70b4,0,,good
visa_2d6da4cb9f4fd8d5,0,,good
visa_9c85715e9e5dcf5a,0,,good
visa_fdda7cd3f42e4df2,0,,good
visa_cb058d7caac1eaf6,0,,good
visa_0a16ac06af9b6f96,0,,good
visa_7d82495c65756bd0,0,,good
visa_4fec2eef5545fe1a,0,,good
visa_05cf7b1ad96edff4,0,,good
visa_3e365216a95c09bd,0,,good
visa_f581aa7eeb056fe5,0,,good
visa_d09bb4e755666a59,0,,good
visa_024ecd25c88dd4ba,0,,good
visa_b49f3e88c773db68,0,,good
visa_1afd46d663a81fa0,0,,good
visa_e5a496e9a2c4e868,0,,good
visa_c4ad1e1febee9094,0,,good
visa_25ae4270f275bbc6,0,,good
visa_24bc2b7cc5c85255,0,,good
visa_2daaa6a0db437404,0,,good
visa_a9c5fbd12e237be4,0,,good
visa_f98acbb441465d48,0,,good
visa_7db4a3806c118566,0,,good
visa_e8586eee89a66758,0,,good
visa_053683f007fe44f1,0,,good
visa_4521a8033a5ead78,0,,good
visa_15766a8f7e8b3d23,0,,good
visa_cb3645701fbd5731,0,,good
visa_b0888a77efad7f6a,0,,good
visa_f84c1ffc28037079,0,,good
visa_4f5839f69a961011,0,,good
visa_08fd9c9c2854e623,0,,good
visa_f47f84c3937a0b1d,0,,good
visa_e9b2e5ec821c9b0d,0,,good
visa_80512fedf7bf6b8e,0,,good
visa_af5e246a8be39afb,0,,good
visa_27ae43e4b3476b31,0,,good
visa_4ad3c5b47b3a1d35,0,,good
visa_f37c1494e23d29bb,0,,good
visa_8242b69a7dbf898e,0,,good
visa_4cda5c558953ad0b,0,,good
visa_b769dfd1af1d2c9c,0,,good
visa_3b759eed0e9f1fc2,0,,good
visa_fcc0d0864dd18f9f,0,,good
visa_5ad480a713f6b377,0,,good
visa_35c489097c3124cb,0,,good
visa_b9e8fcb1d1559a8e,0,,good
visa_a646d4521a3b516f,0,,good
visa_4aef3b54aa6ef3f0,0,,good
visa_e43c77a51f7bffd8,0,,good
visa_62a1109074ec9603,0,,good
visa_c44c340bc6edf0b4,0,,good
visa_7c6c13e40b1c40e6,0,,good
visa_7b37033460c0e50a,0,,good
visa_ef3a6c95a694b121,0,,good
visa_5d5eb8624877f1d8,0,,good
visa_17cb6fbb375b1141,0,,good
visa_7bd4b66ecbee44f2,0,,good
visa_13bf227409002170,0,,good
visa_cd1ea069c540f3d0,0,,good
visa_faa680b408302c62,0,,good
visa_8899e5a51ae6edda,0,,good
visa_b192463d8c9486ee,0,,good
visa_79db703c87f2e7fe,0,,good
visa_7d20fbe4ba22cc60,0,,good
visa_cce8680da1400b53,0,,good
visa_20eaee9ad75a2840,0,,good
visa_481c05969eaa3448,0,,good
visa_2a829c61c57db7a4,0,,good
visa_df98ea1ee28f7ecc,0,,good
visa_4e94cf3a03ba71e6,0,,good
visa_3a0e3f5ffb72dc35,0,,good
visa_48d9399418b3948b,0,,good
visa_bb2681464e732dc2,0,,good
visa_a6bc47ae94edbcc7,0,,good
visa_bc26d7d23b066549,0,,good
visa_7a6c94eb4712ea9b,0,,good
visa_e3e09d96c41c87fb,0,,good
visa_76462e3a7accd85a,0,,good
visa_a92c1798e1b7877c,0,,good
visa_d54e4d08cc04a78c,0,,good
visa_7f30948c0071cf81,0,,good
visa_143f67c75d337a5b,0,,good
visa_d32d9e941c6c47db,0,,good
visa_b3ee46f11583ba29,0,,good
visa_1f3c3960f2f3cf2b,0,,good
visa_a964a585e4ad9480,0,,good
visa_25b8597f741c6d1c,0,,good
visa_1f16936e2a9065ec,0,,good
visa_5f4d71382d7044ac,0,,good
visa_f52fc53e3892d387,0,,good
visa_0152df3bc8271331,0,,good
visa_665dd6cab60c6f93,0,,good
visa_396be76d08a43fb5,0,,good
visa_fd2980bc3890521f,0,,good
visa_0f5041f98703fa80,0,,good
visa_da6513a92914066f,0,,good
visa_2607a4e19cecea1e,0,,good
visa_c6ffa277a329d131,0,,good
visa_d6a17f178cb1f08c,0,,good
visa_bb838e9e31a5a12f,0,,good
visa_c6e2e21f5431569b,0,,good
visa_7330679fec67e4c1,0,,good
visa_5a54001bda03d643,0,,good
visa_912ce1145fbfa643,0,,good
visa_f4f2db09ad342439,0,,good
visa_528cdd540068009c,0,,good
visa_c0628b9c0534c254,0,,good
visa_a3de1032a169fae7,0,,good
visa_0e2f7a39d3d70076,0,,good
visa_d6826cbba535a22d,0,,good
visa_7a81e9800bdbecbd,0,,good
visa_d623acfd7a043d8a,0,,good
visa_689485355c45ca6e,0,,good
visa_4f155d165ab6781e,0,,good
visa_ffdfd28d77837306,0,,good
visa_c7db00bdd4700247,0,,good
visa_bc9d0bad6658d5ca,0,,good
visa_39105f20535eae1f,0,,good
visa_5f55571d579ad3e0,0,,good
visa_e9d54230b62235c3,0,,good
visa_a0e688cab9290c44,0,,good
visa_6d727b6a406262a6,0,,good
visa_f1a7f888be6728a7,0,,good
visa_31447dff27fc662c,0,,good
visa_b1af8f6cbd63fca6,0,,good
visa_0f391eb67ca4810e,0,,good
visa_aea379736539febc,0,,good
visa_e49e0762bcf1f42d,0,,good
visa_69c0d7492a78e7d7,0,,good
visa_ffb1c58b798abd46,0,,good
visa_f722ef6f2b9daa2b,0,,good
visa_26a1d60403619190,0,,good
visa_fd4cfc95848a4ce5,0,,good
visa_02bcb712be66e110,0,,good
visa_6e08665453583f72,0,,good
visa_86f1474b6448954e,0,,good
visa_f93210cd25a73312,0,,good
visa_014bf1464e07acf3,0,,good
visa_bdb132e9f9936dfe,0,,good
visa_67817a8f71336c7f,0,,good
visa_deeb809c3df9341f,0,,good
visa_ef3d064d30720049,0,,good
visa_806ac6c811afabcf,0,,good
visa_d0586f8adf55828f,0,,good
visa_cc734a68d64c5da8,0,,good
visa_dadf303a37e35db8,0,,good
visa_d818a90652f1cd10,0,,good
visa_a1f0f2b237971fae,0,,good
visa_cca0b283e334975c,0,,good
visa_4038de71f0ffae17,0,,good
visa_a581cdc891bf8fd3,0,,good
visa_88522df0be9c2e36,0,,good
visa_e701bef63f679532,0,,good
visa_a08bf399fafce7fa,0,,good
visa_92f5ebfb45411f8d,0,,good
visa_bd98f251d1830424,0,,good
visa_f0ee0abde477e5a8,0,,good
visa_a00c97da30803ec6,0,,good
visa_2c0a36528cab2d32,0,,good
visa_87959931c57b8fa3,0,,good
visa_13f20314ea5bd1ae,0,,good
visa_9ff2a9bac8ac4f29,0,,good
visa_91dfb7918473eb5e,0,,good
visa_9e4c5abdb7a7281c,0,,good
visa_65e8b781beb18921,0,,good
visa_ccb13c2ed32a6dfa,0,,good
visa_c42edfc8fabe64b8,0,,good
visa_17a7e34bff7d25d8,0,,good
visa_1331604bc91aa654,0,,good
visa_3780f83e26e4339a,0,,good
visa_b445719ae7839bde,0,,good
visa_64029e45c68ad8e4,0,,good
visa_560ff3c2e3ef8ea9,0,,good
visa_19cd60571d7d0b12,0,,good
visa_8b74e35a549d0105,0,,good
visa_eac080b059f0db44,0,,good
visa_517bc48c5cbfbfb4,0,,good
visa_df78ce64b96e8667,0,,good
visa_813d0773bccf3eb6,0,,good
visa_e7081c379775aa11,0,,good
visa_cbf567d50b85cd30,0,,good
visa_bbe66c79f8e6dde6,0,,good
visa_f9582ff6f88183cd,0,,good
visa_0c20223af3f050c8,0,,good
visa_407f7bda9f374da2,0,,good
visa_6b32b8ba3565eb77,0,,good
visa_f5fdbebb62adcabf,0,,good
visa_713666c44d9e3a25,0,,good
visa_06f92ec59127c01b,0,,good
visa_7b6ba9d33145b16a,0,,good
visa_fc9fe29dbd0680d3,0,,good
visa_9d1dad11d4825634,0,,good
visa_a97cb7e48d1edb78,0,,good
visa_2a5a7f046b71a164,0,,good
visa_aa185e6a13161850,0,,good
visa_8ba8c529bcbb32f8,0,,good
visa_2455809acd7a698f,0,,good
visa_57bc851a8c9fe8b3,0,,good
visa_e714e537e0146ef1,0,,good
visa_6a9bdf5bc2422c8f,0,,good
visa_6a2e637c9190837f,0,,good
visa_a2d7dd760e6746da,0,,good
visa_bde440765231cc4b,0,,good
visa_9c9c119c36e2493f,0,,good
visa_7bcace6d256fa89c,0,,good
visa_66b1b64d5673914c,0,,good
visa_472b61d72f21f485,0,,good
visa_209ffae10f732bac,0,,good
visa_6b9222ffe70d43c0,0,,good
visa_0f1dc5f2350cb98a,0,,good
visa_a3f635319721cef5,0,,good
visa_0013750b56f65506,0,,good
visa_8900cadc35c29693,0,,good
visa_b0f83469af281f76,0,,good
visa_53085cffa3c02463,0,,good
visa_0a58e8304fe94f21,0,,good
visa_50d0eb2022c53c35,0,,good
visa_84a0b28d5311ccb4,0,,good
visa_d6397c1d892eec53,0,,good
visa_cb922c477dd83011,0,,good
visa_5fc5cc0534abb6ac,0,,good
visa_c37945b1730e22de,0,,good
visa_1f933ec28d307348,0,,good
visa_d9c1f152d709f731,0,,good
visa_0c76790dd69f6b0d,0,,good
visa_bf3e3b4a619d070f,0,,good
visa_379356ca7165d34c,0,,good
visa_d5d2e2e258b662ab,0,,good
visa_07b2881b931e8f32,0,,good
visa_f679b14e12b6a853,1,/data/gauss/ldh/myDatasets/VisA/macaroni1/Data/Masks/Anomaly/000.png,Anomaly
visa_0739352057b289a5,1,/data/gauss/ldh/myDatasets/VisA/macaroni1/Data/Masks/Anomaly/001.png,Anomaly
visa_3ac24f57f0f571e1,1,/data/gauss/ldh/myDatasets/VisA/macaroni1/Data/Masks/Anomaly/002.png,Anomaly
visa_f2f49a44d3b4e61c,1,/data/gauss/ldh/myDatasets/VisA/macaroni1/Data/Masks/Anomaly/003.png,Anomaly
visa_32cfe959e7768b58,1,/data/gauss/ldh/myDatasets/VisA/macaroni1/Data/Masks/Anomaly/004.png,Anomaly
visa_02f74abfd2add1f7,1,/data/gauss/ldh/myDatasets/VisA/macaroni1/Data/Masks/Anomaly/005.png,Anomaly
visa_2d166f1864b4aaa3,1,/data/gauss/ldh/myDatasets/VisA/macaroni1/Data/Masks/Anomaly/006.png,Anomaly
visa_1dc0b6379b901755,1,/data/gauss/ldh/myDatasets/VisA/macaroni1/Data/Masks/Anomaly/007.png,Anomaly
visa_5f3d24a60863df26,1,/data/gauss/ldh/myDatasets/VisA/macaroni1/Data/Masks/Anomaly/008.png,Anomaly
visa_c01997ab792116cc,1,/data/gauss/ldh/myDatasets/VisA/macaroni1/Data/Masks/Anomaly/009.png,Anomaly
visa_932356f199ad5e33,1,/data/gauss/ldh/myDatasets/VisA/macaroni1/Data/Masks/Anomaly/010.png,Anomaly
visa_64e719f2b0546af2,1,/data/gauss/ldh/myDatasets/VisA/macaroni1/Data/Masks/Anomaly/011.png,Anomaly
visa_5b076b0ac620a27c,1,/data/gauss/ldh/myDatasets/VisA/macaroni1/Data/Masks/Anomaly/012.png,Anomaly
visa_a5f2507a57bab870,1,/data/gauss/ldh/myDatasets/VisA/macaroni1/Data/Masks/Anomaly/013.png,Anomaly
visa_5a14f3d5865c75ea,1,/data/gauss/ldh/myDatasets/VisA/macaroni1/Data/Masks/Anomaly/014.png,Anomaly
visa_3df7e29cb78caabd,1,/data/gauss/ldh/myDatasets/VisA/macaroni1/Data/Masks/Anomaly/015.png,Anomaly
visa_6227178d6b4674a0,1,/data/gauss/ldh/myDatasets/VisA/macaroni1/Data/Masks/Anomaly/016.png,Anomaly
visa_3e83b01cdf4e0df8,1,/data/gauss/ldh/myDatasets/VisA/macaroni1/Data/Masks/Anomaly/017.png,Anomaly
visa_d83b91725754ccc1,1,/data/gauss/ldh/myDatasets/VisA/macaroni1/Data/Masks/Anomaly/018.png,Anomaly
visa_8f3d40c5526178c0,1,/data/gauss/ldh/myDatasets/VisA/macaroni1/Data/Masks/Anomaly/019.png,Anomaly
visa_1f18d54847f55a27,1,/data/gauss/ldh/myDatasets/VisA/macaroni1/Data/Masks/Anomaly/020.png,Anomaly
visa_6910fb50b2157053,1,/data/gauss/ldh/myDatasets/VisA/macaroni1/Data/Masks/Anomaly/021.png,Anomaly
visa_dd45c1ef6ad9ee5d,1,/data/gauss/ldh/myDatasets/VisA/macaroni1/Data/Masks/Anomaly/022.png,Anomaly
visa_f07d5dd4283b58b1,1,/data/gauss/ldh/myDatasets/VisA/macaroni1/Data/Masks/Anomaly/023.png,Anomaly
visa_8359ec067bf9997d,1,/data/gauss/ldh/myDatasets/VisA/macaroni1/Data/Masks/Anomaly/024.png,Anomaly
visa_a7298ca3b6c0a578,1,/data/gauss/ldh/myDatasets/VisA/macaroni1/Data/Masks/Anomaly/025.png,Anomaly
visa_dd1901aaa9bcfcc3,1,/data/gauss/ldh/myDatasets/VisA/macaroni1/Data/Masks/Anomaly/026.png,Anomaly
visa_cad5c8d6508a0d2b,1,/data/gauss/ldh/myDatasets/VisA/macaroni1/Data/Masks/Anomaly/027.png,Anomaly
visa_ceee3df032e21f6c,1,/data/gauss/ldh/myDatasets/VisA/macaroni1/Data/Masks/Anomaly/028.png,Anomaly
visa_bbda48dba4817989,1,/data/gauss/ldh/myDatasets/VisA/macaroni1/Data/Masks/Anomaly/029.png,Anomaly
visa_8efe596c167fedcc,1,/data/gauss/ldh/myDatasets/VisA/macaroni1/Data/Masks/Anomaly/030.png,Anomaly
visa_8bda33993cc44bf3,1,/data/gauss/ldh/myDatasets/VisA/macaroni1/Data/Masks/Anomaly/031.png,Anomaly
visa_8e5ca7da40549bec,1,/data/gauss/ldh/myDatasets/VisA/macaroni1/Data/Masks/Anomaly/032.png,Anomaly
visa_fdfe1ff556c7b707,1,/data/gauss/ldh/myDatasets/VisA/macaroni1/Data/Masks/Anomaly/033.png,Anomaly
visa_7029d93aebf57e61,1,/data/gauss/ldh/myDatasets/VisA/macaroni1/Data/Masks/Anomaly/034.png,Anomaly
visa_0f83e75170a50ce4,1,/data/gauss/ldh/myDatasets/VisA/macaroni1/Data/Masks/Anomaly/035.png,Anomaly
visa_f3bb728bdb030533,1,/data/gauss/ldh/myDatasets/VisA/macaroni1/Data/Masks/Anomaly/036.png,Anomaly
visa_f8a988791f9b5f8f,1,/data/gauss/ldh/myDatasets/VisA/macaroni1/Data/Masks/Anomaly/037.png,Anomaly
visa_33a6a922769e10f8,1,/data/gauss/ldh/myDatasets/VisA/macaroni1/Data/Masks/Anomaly/038.png,Anomaly
visa_b6dac6a38adc79ae,1,/data/gauss/ldh/myDatasets/VisA/macaroni1/Data/Masks/Anomaly/039.png,Anomaly
visa_6d54091df8be4d0d,1,/data/gauss/ldh/myDatasets/VisA/macaroni1/Data/Masks/Anomaly/040.png,Anomaly
visa_27d9fe3793c9b2d3,1,/data/gauss/ldh/myDatasets/VisA/macaroni1/Data/Masks/Anomaly/041.png,Anomaly
visa_77d95171641183c9,1,/data/gauss/ldh/myDatasets/VisA/macaroni1/Data/Masks/Anomaly/042.png,Anomaly
visa_687ae3e1a972370e,1,/data/gauss/ldh/myDatasets/VisA/macaroni1/Data/Masks/Anomaly/043.png,Anomaly
visa_13958d1693f80650,1,/data/gauss/ldh/myDatasets/VisA/macaroni1/Data/Masks/Anomaly/044.png,Anomaly
visa_d765f592a78edd06,1,/data/gauss/ldh/myDatasets/VisA/macaroni1/Data/Masks/Anomaly/045.png,Anomaly
visa_df64d755e17ee158,1,/data/gauss/ldh/myDatasets/VisA/macaroni1/Data/Masks/Anomaly/046.png,Anomaly
visa_34629d02c0b083df,1,/data/gauss/ldh/myDatasets/VisA/macaroni1/Data/Masks/Anomaly/047.png,Anomaly
visa_afb955c2a9e96cbe,1,/data/gauss/ldh/myDatasets/VisA/macaroni1/Data/Masks/Anomaly/048.png,Anomaly
visa_5d9b9d65650afd1b,1,/data/gauss/ldh/myDatasets/VisA/macaroni1/Data/Masks/Anomaly/049.png,Anomaly
visa_935b96096be236b9,1,/data/gauss/ldh/myDatasets/VisA/macaroni1/Data/Masks/Anomaly/050.png,Anomaly
visa_63e134bec1e58aab,1,/data/gauss/ldh/myDatasets/VisA/macaroni1/Data/Masks/Anomaly/051.png,Anomaly
visa_83fc7d7dd6eb636a,1,/data/gauss/ldh/myDatasets/VisA/macaroni1/Data/Masks/Anomaly/052.png,Anomaly
visa_11d5e0102fcd5d1b,1,/data/gauss/ldh/myDatasets/VisA/macaroni1/Data/Masks/Anomaly/053.png,Anomaly
visa_c49ff80a9145b7f1,1,/data/gauss/ldh/myDatasets/VisA/macaroni1/Data/Masks/Anomaly/054.png,Anomaly
visa_b0f1cd785422e428,1,/data/gauss/ldh/myDatasets/VisA/macaroni1/Data/Masks/Anomaly/055.png,Anomaly
visa_f39e9f55be88029e,1,/data/gauss/ldh/myDatasets/VisA/macaroni1/Data/Masks/Anomaly/056.png,Anomaly
visa_eca37c01869b0314,1,/data/gauss/ldh/myDatasets/VisA/macaroni1/Data/Masks/Anomaly/057.png,Anomaly
visa_2b65825fba86f737,1,/data/gauss/ldh/myDatasets/VisA/macaroni1/Data/Masks/Anomaly/058.png,Anomaly
visa_5a7e8f2d9f07d4c3,1,/data/gauss/ldh/myDatasets/VisA/macaroni1/Data/Masks/Anomaly/059.png,Anomaly
visa_beb446b4a3943f65,1,/data/gauss/ldh/myDatasets/VisA/macaroni1/Data/Masks/Anomaly/060.png,Anomaly
visa_c4cc838fbec68ce4,1,/data/gauss/ldh/myDatasets/VisA/macaroni1/Data/Masks/Anomaly/061.png,Anomaly
visa_ae474e1803826976,1,/data/gauss/ldh/myDatasets/VisA/macaroni1/Data/Masks/Anomaly/062.png,Anomaly
visa_c88ad7acbe34ccfa,1,/data/gauss/ldh/myDatasets/VisA/macaroni1/Data/Masks/Anomaly/063.png,Anomaly
visa_1299c32bdb2a2083,1,/data/gauss/ldh/myDatasets/VisA/macaroni1/Data/Masks/Anomaly/064.png,Anomaly
visa_5cedbcdecdc7d289,1,/data/gauss/ldh/myDatasets/VisA/macaroni1/Data/Masks/Anomaly/065.png,Anomaly
visa_06467fbb1b55e558,1,/data/gauss/ldh/myDatasets/VisA/macaroni1/Data/Masks/Anomaly/066.png,Anomaly
visa_9530fcb6422abacb,1,/data/gauss/ldh/myDatasets/VisA/macaroni1/Data/Masks/Anomaly/067.png,Anomaly
visa_b5d6dcfcd647560d,1,/data/gauss/ldh/myDatasets/VisA/macaroni1/Data/Masks/Anomaly/068.png,Anomaly
visa_3cd35251caaaf3f1,1,/data/gauss/ldh/myDatasets/VisA/macaroni1/Data/Masks/Anomaly/069.png,Anomaly
visa_2e79bac600e4086b,1,/data/gauss/ldh/myDatasets/VisA/macaroni1/Data/Masks/Anomaly/070.png,Anomaly
visa_9850025599772340,1,/data/gauss/ldh/myDatasets/VisA/macaroni1/Data/Masks/Anomaly/071.png,Anomaly
visa_a3a476363609f9e5,1,/data/gauss/ldh/myDatasets/VisA/macaroni1/Data/Masks/Anomaly/072.png,Anomaly
visa_8918b457a43c7fe1,1,/data/gauss/ldh/myDatasets/VisA/macaroni1/Data/Masks/Anomaly/073.png,Anomaly
visa_adc7e11a3cfc3a87,1,/data/gauss/ldh/myDatasets/VisA/macaroni1/Data/Masks/Anomaly/074.png,Anomaly
visa_8e81d26e87bea599,1,/data/gauss/ldh/myDatasets/VisA/macaroni1/Data/Masks/Anomaly/075.png,Anomaly
visa_bdd3e222f71baa10,1,/data/gauss/ldh/myDatasets/VisA/macaroni1/Data/Masks/Anomaly/076.png,Anomaly
visa_fe97a80bdf54aceb,1,/data/gauss/ldh/myDatasets/VisA/macaroni1/Data/Masks/Anomaly/077.png,Anomaly
visa_2b6a2cb04f685c30,1,/data/gauss/ldh/myDatasets/VisA/macaroni1/Data/Masks/Anomaly/078.png,Anomaly
visa_dfe290505dd6b9df,1,/data/gauss/ldh/myDatasets/VisA/macaroni1/Data/Masks/Anomaly/079.png,Anomaly
visa_659653f31d1bb699,1,/data/gauss/ldh/myDatasets/VisA/macaroni1/Data/Masks/Anomaly/080.png,Anomaly
visa_09ffc20bb37faafc,1,/data/gauss/ldh/myDatasets/VisA/macaroni1/Data/Masks/Anomaly/081.png,Anomaly
visa_b2305ff733d8a662,1,/data/gauss/ldh/myDatasets/VisA/macaroni1/Data/Masks/Anomaly/082.png,Anomaly
visa_f290cb27ce9aed49,1,/data/gauss/ldh/myDatasets/VisA/macaroni1/Data/Masks/Anomaly/083.png,Anomaly
visa_4ac69300ace9e3ff,1,/data/gauss/ldh/myDatasets/VisA/macaroni1/Data/Masks/Anomaly/084.png,Anomaly
visa_e7c8f64b2fe50808,1,/data/gauss/ldh/myDatasets/VisA/macaroni1/Data/Masks/Anomaly/085.png,Anomaly
visa_4d14135f1d50066e,1,/data/gauss/ldh/myDatasets/VisA/macaroni1/Data/Masks/Anomaly/086.png,Anomaly
visa_57536f1bccd344c5,1,/data/gauss/ldh/myDatasets/VisA/macaroni1/Data/Masks/Anomaly/087.png,Anomaly
visa_992c2855fea4a750,1,/data/gauss/ldh/myDatasets/VisA/macaroni1/Data/Masks/Anomaly/088.png,Anomaly
visa_37a04d2c8b110851,1,/data/gauss/ldh/myDatasets/VisA/macaroni1/Data/Masks/Anomaly/089.png,Anomaly
visa_3d3cac950133dd07,1,/data/gauss/ldh/myDatasets/VisA/macaroni1/Data/Masks/Anomaly/090.png,Anomaly
visa_d8869181a8c5add7,1,/data/gauss/ldh/myDatasets/VisA/macaroni1/Data/Masks/Anomaly/091.png,Anomaly
visa_1e96bd0e48b65b45,1,/data/gauss/ldh/myDatasets/VisA/macaroni1/Data/Masks/Anomaly/092.png,Anomaly
visa_f8203d05c68ab74d,1,/data/gauss/ldh/myDatasets/VisA/macaroni1/Data/Masks/Anomaly/093.png,Anomaly
visa_4d3ba65300e4b94a,1,/data/gauss/ldh/myDatasets/VisA/macaroni1/Data/Masks/Anomaly/094.png,Anomaly
visa_33103395d9290bb1,1,/data/gauss/ldh/myDatasets/VisA/macaroni1/Data/Masks/Anomaly/095.png,Anomaly
visa_6a39f2060a930487,1,/data/gauss/ldh/myDatasets/VisA/macaroni1/Data/Masks/Anomaly/096.png,Anomaly
visa_a5e78bb13c76fc00,1,/data/gauss/ldh/myDatasets/VisA/macaroni1/Data/Masks/Anomaly/097.png,Anomaly
visa_b2b041cd7c50fbad,1,/data/gauss/ldh/myDatasets/VisA/macaroni1/Data/Masks/Anomaly/098.png,Anomaly
visa_992941ba58bcacd3,1,/data/gauss/ldh/myDatasets/VisA/macaroni1/Data/Masks/Anomaly/099.png,Anomaly
visa_a638394d93b46ab2,0,,good
visa_08112102b288062a,0,,good
visa_c856d02158262bda,0,,good
visa_a978644cc8f77a92,0,,good
visa_1c8c4fea909e4ac2,0,,good
visa_b884784c8c4ac088,0,,good
visa_4babc316cf7b320b,0,,good
visa_917fa0a8320406d6,0,,good
visa_e454c0c01b8ca747,0,,good
visa_90f2272a711cb6b4,0,,good
visa_aa5e5f94bd3b8e70,0,,good
visa_c0ef6c018a3c9a37,0,,good
visa_801d73db3363c27f,0,,good
visa_2d25a2654683c4fb,0,,good
visa_db36ac2fdb47028f,0,,good
visa_c74cef562933ebe4,0,,good
visa_d6d8f6a683f5339f,0,,good
visa_a2cca2adc86b4441,0,,good
visa_5db3de46d38b5be5,0,,good
visa_4ba23d595eb4aae0,0,,good
visa_689ce1f2d485aca9,0,,good
visa_aafd6661f318a474,0,,good
visa_71b2a7c754515015,0,,good
visa_9bf0f252ef6f6a79,0,,good
visa_de93065488e64799,0,,good
visa_c4bbe910a826ecf8,0,,good
visa_eb5e1fea11c09fe1,0,,good
visa_74807376f9835c74,0,,good
visa_bf82fa752616ca1d,0,,good
visa_54c52fbd4d2a3461,0,,good
visa_e7483b652fa7dc82,0,,good
visa_33002935eb3ce807,0,,good
visa_0bc43173cbf4d643,0,,good
visa_78178dc60852cd75,0,,good
visa_1b45ec39961991ba,0,,good
visa_2937b652229c1dac,0,,good
visa_30fed74d493e38a9,0,,good
visa_e1560e0645ab5d77,0,,good
visa_46e87c22651cf4ab,0,,good
visa_c749fffe81cd4d26,0,,good
visa_4fbf43eeb1b921cb,0,,good
visa_3d4f935cbdd0f73e,0,,good
visa_d35717a3c78c9ac4,0,,good
visa_a4989db8aa0718d5,0,,good
visa_8ac5327aa20a5586,0,,good
visa_410e1fccdb5c1412,0,,good
visa_008a7bffe176a965,0,,good
visa_c1133758dd82be53,0,,good
visa_7e0b1ce7029944e4,0,,good
visa_0b59673782ce8247,0,,good
visa_69cad487d9f3bb19,0,,good
visa_311b766ae2b17bf7,0,,good
visa_1399f43f2db9c095,0,,good
visa_403f510cca1203b6,0,,good
visa_ea10840635620786,0,,good
visa_cc5cde861afe7959,0,,good
visa_ae8d3ce13392dd36,0,,good
visa_8e19d34ffbbcc7bc,0,,good
visa_3e3e769c3e4e7542,0,,good
visa_b5337038ea609aa6,0,,good
visa_8ebdb31e6825afe0,0,,good
visa_f1814d1df66f12b7,0,,good
visa_ce482fa0524d13d5,0,,good
visa_f8b4eb85d4386d29,0,,good
visa_b62c05f041a75827,0,,good
visa_66efbb4bc47c2fa7,0,,good
visa_ad66291295cac09e,0,,good
visa_665b4a049159f9b2,0,,good
visa_c27aef456f7c400e,0,,good
visa_33f3154f2a14016b,0,,good
visa_01ed22b0c5a1ed4f,0,,good
visa_94e76a303e1fd44b,0,,good
visa_c154a24e6d16cd42,0,,good
visa_94978cb42e1080b8,0,,good
visa_3b32979ad65f0a7d,0,,good
visa_6cdf18fec97828f7,0,,good
visa_5d77182a1476bb04,0,,good
visa_d4fefc0d24dd0aa7,0,,good
visa_405b68cbd7f86c9d,0,,good
visa_e5946dbcbd8de6c1,0,,good
visa_76f9b3966afe4732,0,,good
visa_13b42185747755cc,0,,good
visa_676924667b50b5e9,0,,good
visa_9b99693a7be7ae5a,0,,good
visa_76b79ae44517b2e3,0,,good
visa_72f5b96636d0d2d5,0,,good
visa_32cd23ca33479c60,0,,good
visa_9e71e9c464fde2b6,0,,good
visa_9cda1cf1fdb66870,0,,good
visa_afc676933f715def,0,,good
visa_bef8d16636657f6e,0,,good
visa_0cf0b23fddadc6d0,0,,good
visa_62f4c703eb7a6824,0,,good
visa_65103b286d76c60e,0,,good
visa_f0f852080e2ffa15,0,,good
visa_2999cabff0d2f5bd,0,,good
visa_f6484f0a4d14021a,0,,good
visa_6e78e700df91f4da,0,,good
visa_e7d8922e35ca4f29,0,,good
visa_e2c0cd085992b0c9,0,,good
visa_076c875f82328951,0,,good
visa_eec883b07da60c9b,0,,good
visa_50c30cbd646e004f,0,,good
visa_ef4fb81e2b3defd1,0,,good
visa_d78f926986149dee,0,,good
visa_d96e2619e36acf80,0,,good
visa_6c24a675117644bc,0,,good
visa_d39ede5df8a0bc1e,0,,good
visa_4b81ca868e5e1f0d,0,,good
visa_0775c7ba435d732c,0,,good
visa_fb7f99c0988bddc1,0,,good
visa_dd9ac36983140cee,0,,good
visa_47057de3dc360ee4,0,,good
visa_69a2e119c641083b,0,,good
visa_5820c4464769c6f6,0,,good
visa_0c4512204c89b4db,0,,good
visa_6dc29cf0b01ee4d7,0,,good
visa_c238458538c98502,0,,good
visa_d5807ca1b9463736,0,,good
visa_855c3d8cb6ce9319,0,,good
visa_593f83c4a514ea31,0,,good
visa_5bc91ddfdf78c3af,0,,good
visa_bfdde5cf20240cc3,0,,good
visa_ffa6eee676984b60,0,,good
visa_a9a480f76d18315e,0,,good
visa_78f7032ee2b35930,0,,good
visa_bba220413129bef8,0,,good
visa_33a54a5cd16778f2,0,,good
visa_12d4ee870519aeb3,0,,good
visa_647c3d0b62b65f71,0,,good
visa_87cbdc65a99dcb0f,0,,good
visa_ca71d7d3240b39d9,0,,good
visa_e61b8cad901acf2a,0,,good
visa_0e71a407d9b6ce73,0,,good
visa_4759a07782035dbb,0,,good
visa_844ca2a5b8897822,0,,good
visa_2bdd5d4850a0c84b,0,,good
visa_7b4fcfce16984d86,0,,good
visa_6eceb8a04b41eafd,0,,good
visa_a90c4d33d2fa3527,0,,good
visa_a62ce5b53a61f880,0,,good
visa_3d2589125b8a6586,0,,good
visa_abf045630c41852d,0,,good
visa_a7975002e4492a31,0,,good
visa_7cc55e0f110fdf9c,0,,good
visa_783ec72d32a6e81f,0,,good
visa_528770570ed2176b,0,,good
visa_29e3e34ca02126bf,0,,good
visa_e3be89bc8df612c2,0,,good
visa_fc90e0bcfffb191e,0,,good
visa_1349ac983d97e9c1,0,,good
visa_1a83fcaecac5d2e3,0,,good
visa_dfb42f7d0a0fa10f,0,,good
visa_f722da4a83e094b4,0,,good
visa_07d2bda31c77b3df,0,,good
visa_c26b7ec1176677b5,0,,good
visa_308b8757a7e05694,0,,good
visa_648f50bcac05ff3a,0,,good
visa_aeaec60dc85bf95d,0,,good
visa_cf8bf4be414064cd,0,,good
visa_e61a4d1fe7d13b48,0,,good
visa_2c96de4112fa31ea,0,,good
visa_9d79d97db1d8cea2,0,,good
visa_552e85c92f1c4ab0,0,,good
visa_e28c16e3e6f59028,0,,good
visa_52b7afd6d6261783,0,,good
visa_4514b13a4e260c08,0,,good
visa_023652b79eec8fec,0,,good
visa_d42684740f9670f5,0,,good
visa_67e9e3adf7f733fc,0,,good
visa_bef48337f1693c23,0,,good
visa_81b5dee80faf1d72,0,,good
visa_f71426fc4d2c7498,0,,good
visa_41919117dab5ec71,0,,good
visa_e970fe018e130b90,0,,good
visa_683c712c47216453,0,,good
visa_24c45f6fca0b4987,0,,good
visa_3c62638aa2880442,0,,good
visa_fcc8540583821648,0,,good
visa_daafecd28899e6c5,0,,good
visa_5cc685c9f79ee545,0,,good
visa_409353e7cb115652,0,,good
visa_d8edd2b832b97f5d,0,,good
visa_1ee0499da4a336f0,0,,good
visa_7ff788fed5e2d3b2,0,,good
visa_3e575a7b70e81cd5,0,,good
visa_ddbb928fbbeab85c,0,,good
visa_9192eee157a9ec1c,0,,good
visa_4ba399ce37ee775a,0,,good
visa_40f29acb074414c0,0,,good
visa_a0a86b87fd424937,0,,good
visa_270d090944e6ed0f,0,,good
visa_694b2a7234f6a3be,0,,good
visa_9c80ddc83278c6c3,0,,good
visa_b6292df2f55788c0,0,,good
visa_94d13e29a650e159,0,,good
visa_7219552cd214c8cc,0,,good
visa_3b2e317e847d5638,0,,good
visa_151e1754816ebbfc,0,,good
visa_177e644a415ad7fa,0,,good
visa_1671a9a8f5220444,0,,good
visa_980f07942214877b,0,,good
visa_20fded82ebe0e800,0,,good
visa_45520134a9716321,0,,good
visa_7f328405806594bd,0,,good
visa_007885d433c5aa2f,0,,good
visa_d075e9ec8e752f02,0,,good
visa_f9996d8b9a0b496a,0,,good
visa_688e5f919b6ba5ed,0,,good
visa_eca9b0798d965e48,0,,good
visa_e8d36e0ba4714506,0,,good
visa_e9bdc90b5cafe05a,0,,good
visa_4defa0c5f03fa12b,0,,good
visa_8cfc132b98e97ba2,0,,good
visa_9b6c745ff34b0dba,0,,good
visa_6a65f192865836f3,0,,good
visa_1cb88e4dea4b5372,0,,good
visa_34187b799b57fbd8,0,,good
visa_0fccf4fa345c94c6,0,,good
visa_547224bb982b1d8f,0,,good
visa_2e8ff621573748f7,0,,good
visa_ca8c72327a2e0d01,0,,good
visa_cdabcea0afb95f1e,0,,good
visa_e11b1060e877364d,0,,good
visa_b7c31b03a2af2768,0,,good
visa_b9907833269d7362,0,,good
visa_4b7eb9565bcf0fe0,0,,good
visa_309d483d6f23702e,0,,good
visa_ae49fef68876ca82,0,,good
visa_35e1305433e26d63,0,,good
visa_f5248bff8ab126a6,0,,good
visa_68eaa973a470b854,0,,good
visa_46c558196f65c892,0,,good
visa_fd0bdc5d5868e20b,0,,good
visa_67e2bab379b54644,0,,good
visa_4b7b12ce64a07a7f,0,,good
visa_4a3f82480c26a714,0,,good
visa_3138ad0fad73aea9,0,,good
visa_bf5250c5738af1fb,0,,good
visa_78ab4f8c9d035eba,0,,good
visa_f07a6f6e4de1d404,0,,good
visa_f938c7583303b9af,0,,good
visa_aa3a994bd2276835,0,,good
visa_5f5d459506b37c29,0,,good
visa_fb5a89351d31a929,0,,good
visa_4733bcaf9c690d53,0,,good
visa_c6056ac0a2068bdd,0,,good
visa_2edbbfe225c3d98f,0,,good
visa_4fb23722cdc27bad,0,,good
visa_95d48617dd887299,0,,good
visa_310815be3791719b,0,,good
visa_4b0f34c6bae8827f,0,,good
visa_fbe3a8c733d6cc23,0,,good
visa_a3a7524350bc2b1d,0,,good
visa_817dd6150bbe8439,0,,good
visa_d8faad0d6f0d5d11,0,,good
visa_26973cc43d004781,0,,good
visa_3ef22c0bc5656527,0,,good
visa_67f84e09bde51d78,0,,good
visa_12b27f10b0089ebc,0,,good
visa_f20f59ced1fd5f0b,0,,good
visa_34603a742eaa00c2,0,,good
visa_7a28f358ce40641e,0,,good
visa_cbd0699e4fc3903c,0,,good
visa_6d52295d31f7749d,0,,good
visa_c15d71333bb514f5,0,,good
visa_66541a1a53bd7b53,0,,good
visa_35e52429be47f6fe,0,,good
visa_bd88f5dbd3f7193b,0,,good
visa_cbfbe03ed85a9ca3,0,,good
visa_92cada4b2523bc90,0,,good
visa_44a4e04891d833bb,0,,good
visa_ace6190b59236a3e,0,,good
visa_68696173728f0332,0,,good
visa_fd01da381996bcd6,0,,good
visa_ad948e4b7e7f6236,0,,good
visa_4494aeceb2ab35d1,0,,good
visa_a656c5dbf17a1caf,0,,good
visa_86c3bc7a6e3b7fb2,0,,good
visa_79561b1ca2940ae8,0,,good
visa_a7324a1690dffa07,0,,good
visa_d87eca25472b62d6,0,,good
visa_4de51b4bed7c66f9,0,,good
visa_af762db9fae6835e,0,,good
visa_d39a779273787b82,0,,good
visa_02cc9388fbef56c2,0,,good
visa_b88d12062990b45f,0,,good
visa_ad96b21c02b000de,0,,good
visa_bdeff8079669dd33,0,,good
visa_e4c949d327005aa2,0,,good
visa_6c2e9abb46f83a3d,0,,good
visa_3f090e8292fdd780,0,,good
visa_fd8879fa876177c8,0,,good
visa_1ed70bf26378592e,0,,good
visa_6fc6288e19aa2de2,0,,good
visa_a38efe5822b3796a,0,,good
visa_5a4850f4c742e60b,0,,good
visa_d9f74c459cdea0e6,0,,good
visa_4c05b755ec4cc0a5,0,,good
visa_11efa1d8d73866f9,0,,good
visa_652879a9751c1d18,0,,good
visa_f19b5b39ad29c37f,0,,good
visa_1aba69952a374b04,0,,good
visa_d86d4b6646291b92,0,,good
visa_ca28709d530ada43,0,,good
visa_65dc5482e2ab0e04,0,,good
visa_7d2e7cd1f1935c82,0,,good
visa_d54801ded27bae58,0,,good
visa_e099c45a0948a1a1,0,,good
visa_9b5f8062fee85b9c,0,,good
visa_c29d750ff472d7ef,0,,good
visa_24fca3a5c342d49a,0,,good
visa_cf10e8ec2f7678c9,0,,good
visa_efd9ca844265f5c8,0,,good
visa_721c083e603e181b,0,,good
visa_747ddcd014668c80,0,,good
visa_8e0778fa7832df4f,0,,good
visa_44f0887cfab98b53,0,,good
visa_c5596148b3af79de,0,,good
visa_fbe32091baa8ddd6,0,,good
visa_d33cd15b55cd71f0,0,,good
visa_cbfd17f6a8dc3d26,0,,good
visa_1d6de91b24f6ffcd,0,,good
visa_81be89b61acdc5da,0,,good
visa_def68f427979b967,0,,good
visa_744d0380a1150eb2,0,,good
visa_cda44de04a0e4375,0,,good
visa_5d96dc6857730ee1,0,,good
visa_a95c60868129c98d,0,,good
visa_6af82a12af03278d,0,,good
visa_795ec19b0cca8802,0,,good
visa_c37effc5a209822b,0,,good
visa_065d33e1291d25a2,0,,good
visa_334a570d83f362dc,0,,good
visa_77206f974794d5d7,0,,good
visa_d1e3dd2a33224cc8,0,,good
visa_53570038667010ff,0,,good
visa_cb9b3bad3e3cbfbc,0,,good
visa_8c36a8a5b56ae8bd,0,,good
visa_e3c4ac203b7e3b4a,0,,good
visa_25b5893f390dac9b,0,,good
visa_100478beff7cd3cc,0,,good
visa_1cee0b6653608f94,0,,good
visa_a7c8982fdcd36290,0,,good
visa_b861cd025626f62f,0,,good
visa_6cd62d0dd27e2f9e,0,,good
visa_dbd259575b4fde69,0,,good
visa_c621fd75e659c6c2,0,,good
visa_11b1e7946b78be23,0,,good
visa_767a6b8857e40edb,0,,good
visa_751550d8b4c23d7c,0,,good
visa_202260631e531c4d,0,,good
visa_a50acb1ee8f67be8,0,,good
visa_b17cf3df98ee070d,0,,good
visa_6775577abb138827,0,,good
visa_5ef171d590aa9323,0,,good
visa_86776ec0c3479b2d,0,,good
visa_7f3555bd97d6a770,0,,good
visa_0bf7cf6f3ac1c70f,0,,good
visa_b863ba0daa5cdf6b,0,,good
visa_0bf0bc32693df77a,0,,good
visa_c2fff8a3843cbfc6,0,,good
visa_490028fbadbf96e1,0,,good
visa_bea2c4c9632e0870,0,,good
visa_0022152a9da4819b,0,,good
visa_8e00c0f2e89cc6ad,0,,good
visa_3bbdb922f8b9d908,0,,good
visa_22f2adae174ee601,0,,good
visa_e7d66befdc8ecb30,0,,good
visa_079cab7d44187969,0,,good
visa_d69ed7009445c996,0,,good
visa_8ecc13e42821a0d3,0,,good
visa_a700f64a90068324,0,,good
visa_513434e35ec50306,0,,good
visa_22e06c1e271a9b07,0,,good
visa_ad66e47f4a30937d,0,,good
visa_f276c1013f08f3eb,0,,good
visa_5e61fce5aaeeb238,0,,good
visa_eb82c2dce8089bde,0,,good
visa_0bd8c628875f74e0,0,,good
visa_afc617841120d621,0,,good
visa_56f736d3163ea1a1,0,,good
visa_b68011d51525a6a3,0,,good
visa_4764649e8ecccc27,0,,good
visa_a592deec8fb2d3b6,0,,good
visa_b4b36658a53d1697,0,,good
visa_a6f21243c03aefd4,0,,good
visa_4d541a3575318622,0,,good
visa_5bd2f399f975c538,0,,good
visa_32d576fcd9ba2f77,0,,good
visa_8e2f85a67d27829f,0,,good
visa_244e099fbb9a97c0,0,,good
visa_19f4d477b21fe19f,0,,good
visa_528aacc4e12091eb,0,,good
visa_7ea36ef3ff072b35,0,,good
visa_47e320f10230f1e5,0,,good
visa_c292fd7c362f71fe,0,,good
visa_6ddff9e46d095c64,0,,good
visa_0ba0c7c5964f63b9,0,,good
visa_f7e2d9a7ff651d72,0,,good
visa_9a19428f97c23ce0,0,,good
visa_f04e97cc16d6a801,0,,good
visa_094953468268712d,0,,good
visa_5aca73b9b438b93d,0,,good
visa_bce4b76784396882,0,,good
visa_2254e845248081a5,0,,good
visa_9ae67cc83c25b4bb,0,,good
visa_0b848be7adda10e2,0,,good
visa_786863b31b2e69fa,0,,good
visa_c0fa590400c5f8ed,0,,good
visa_dbc6fa06e2650a56,0,,good
visa_25fc48a8d93d2d48,0,,good
visa_b773d726e34df1f8,0,,good
visa_127b595cae02ddbe,0,,good
visa_630a5858677172e3,0,,good
visa_2de76564f6b500b2,0,,good
visa_28ebf8ced5aeddcc,0,,good
visa_036a79c447fe7344,0,,good
visa_4d63a6b1ddde3f1d,0,,good
visa_44f0c32694e02a01,0,,good
visa_7120e1a00be0c235,0,,good
visa_36a8d142fefeaeb1,0,,good
visa_8f792e917b0c3a5d,0,,good
visa_0b7c837b87074af9,0,,good
visa_4e3035cb8b02a9fa,0,,good
visa_e2044f1fae1f1342,0,,good
visa_a066ca8dcd150c92,0,,good
visa_b00483b0c8a28926,0,,good
visa_a3771430d973bb23,0,,good
visa_ca4986d7718a8796,0,,good
visa_2fff2358d6a603bd,0,,good
visa_03fa16875ab3a094,0,,good
visa_046410bba33a3090,0,,good
visa_c24d75a7636e40f3,0,,good
visa_f4f30fb3edfa2ca3,0,,good
visa_80f0a3ccb7ce644e,0,,good
visa_1769a4767a0b1080,0,,good
visa_eed0330934c3b811,0,,good
visa_c999a30c11d0c592,0,,good
visa_5a48fc32aebe4655,0,,good
visa_c3966f4ae033cc1e,0,,good
visa_3dffc80016fb9b39,0,,good
visa_37b9eea8a07d62eb,0,,good
visa_a46752cda24d5353,0,,good
visa_0078389e54acdad6,0,,good
visa_d81f8261987239ee,0,,good
visa_e9a0aeed8cef9596,0,,good
visa_356cb2c3814d67f4,0,,good
visa_eef834daad6ad84e,0,,good
visa_142e530e1b64b83b,0,,good
visa_33e5ed49a3896ec3,0,,good
visa_288198d1141a3376,0,,good
visa_4c8df2008a69e96a,0,,good
visa_bca196915bc0bac9,0,,good
visa_e4b5d0e26bf01f3f,0,,good
visa_1e0f6b12f88f0fb9,0,,good
visa_21294fa774fbaeb0,0,,good
visa_cff2cad68aa4ffe4,0,,good
visa_326e4629eba398dd,0,,good
visa_c0165896290b173e,0,,good
visa_8f40ce5fc6a35017,0,,good
visa_ce6e450422d8b91d,0,,good
visa_3ad21a230d560c0c,0,,good
visa_0d445237c8a8c814,0,,good
visa_4376126c9bc35ee7,0,,good
visa_0a4572e30eac9246,0,,good
visa_c1ee57bf7006ffc6,0,,good
visa_d66dd2c125d0c706,0,,good
visa_ffb800b116f18808,0,,good
visa_4a4e006ea47fc634,0,,good
visa_639b9a626384646f,0,,good
visa_5d4fcd4180e89024,0,,good
visa_3d66021d63221115,0,,good
visa_689eb3daa2541735,0,,good
visa_91384645b979507f,0,,good
visa_c0f208f3d1a70f23,0,,good
visa_c20889e553276006,0,,good
visa_fa7bbba81ac366d3,0,,good
visa_ce3b545c747a9b15,0,,good
visa_4fd941ba8d43082f,0,,good
visa_62ae961c6a18294a,0,,good
visa_e0dc75a9ebb99c78,0,,good
visa_df596d842a9d8d4c,0,,good
visa_ac27848d9889783b,0,,good
visa_24af093754ed9eea,0,,good
visa_ecd39127397347fb,0,,good
visa_b50b39c05f9c4dcf,0,,good
visa_30d9724209ef39c3,0,,good
visa_58d66329db4dd37f,0,,good
visa_eee06b8de05aafae,0,,good
visa_f90e43cb1a237b09,0,,good
visa_e16469a944db2b5e,0,,good
visa_ccc0312566d88a04,0,,good
visa_6e5fe18cebfcfb1f,0,,good
visa_59ff89365274f201,0,,good
visa_c60f9c83dd1cc211,0,,good
visa_4334bfe16d066c68,0,,good
visa_8e533a7ce5ed5326,0,,good
visa_6371fc8b661cdf2b,0,,good
visa_90d66441371cb29a,0,,good
visa_d3bf2a61f3fd57e2,0,,good
visa_9c28117913ae63cd,0,,good
visa_d9a1dc466a4f8bf9,0,,good
visa_51f7acc3d535585e,0,,good
visa_2290a26bee066805,0,,good
visa_48d8127a85633f98,0,,good
visa_9bc4f4cd704702b4,0,,good
visa_4338559bc69c258a,0,,good
visa_849f34a218136d50,0,,good
visa_cd3fe77af1f9ed6f,0,,good
visa_91b107eaa220d148,0,,good
visa_6038e523785a26db,0,,good
visa_012aa1547634ee31,0,,good
visa_1b36747b1ea1ffae,0,,good
visa_addeb510a01877ba,0,,good
visa_df880353ddaef369,0,,good
visa_d90893deb12e5938,0,,good
visa_48c7d1a19746aa27,0,,good
visa_e2516855994332db,0,,good
visa_3e95ecd58dfc638d,0,,good
visa_2e4ad64ccc2a8e21,0,,good
visa_7a82bdc609d9ca78,0,,good
visa_3b0dc4dfe39cfc43,0,,good
visa_d1387197425ab8cf,0,,good
visa_20852329779960b8,0,,good
visa_e0fcfffb16fd9757,0,,good
visa_008600d40a9093ba,0,,good
visa_9ce7616e8e8091a2,0,,good
visa_12e413e316bfbcb6,0,,good
visa_8dfcf1cf8db9fc7d,0,,good
visa_af257196cd92c468,0,,good
visa_fb09522d38d75861,0,,good
visa_921db3d154629354,0,,good
visa_e9d8d9411d4e7778,0,,good
visa_6e7ce95181d383c6,0,,good
visa_e088d33aebcaf333,0,,good
visa_8c40477b9eda79fe,0,,good
visa_bb0bbef2b0b6082f,0,,good
visa_0cae5c35a8fb9044,0,,good
visa_73c105c96e65d6a8,0,,good
visa_d88f24185effd29c,0,,good
visa_b0205d1cdbcea2e0,0,,good
visa_2f897562b05df16d,0,,good
visa_e09230466290a2c8,0,,good
visa_f9da35b264e51ba0,0,,good
visa_3b8ca4fee82fc9f8,0,,good
visa_7049dea37ebb502c,0,,good
visa_e73b3a4dcfbcbb3d,0,,good
visa_d6408602447f7d57,0,,good
visa_939ea7296928afa0,0,,good
visa_a2638d3b6e27d601,0,,good
visa_cf0744cf8afc66eb,0,,good
visa_4616364ef7384678,0,,good
visa_cdc715bc0f5cd6ba,0,,good
visa_c355812f9d097c98,0,,good
visa_d4fd46db18234a01,0,,good
visa_e3757cd4e0ebe3ee,0,,good
visa_36854def47d33619,0,,good
visa_c3173a6829b30c80,0,,good
visa_366a9469b07f0d35,0,,good
visa_0516959be732a5c1,0,,good
visa_6e53347b1d2b8fd8,0,,good
visa_8f374c42b87eeaa0,0,,good
visa_ce781c999c839dd8,0,,good
visa_ea3043897e25a76e,0,,good
visa_5582a29d5e4e91bc,0,,good
visa_3da6dbb7770b2458,0,,good
visa_2c3b4bf94b4c4574,0,,good
visa_1ec5015886004c7f,0,,good
visa_cb41cee3569a8405,0,,good
visa_d046d41a90756828,0,,good
visa_e9770c91826c2644,0,,good
visa_8842fe7ba27f00cd,0,,good
visa_ae569cf29f01277b,0,,good
visa_d0c24a0d268c891e,0,,good
visa_a59a7fba1b2345d3,0,,good
visa_ab78632c5715ed03,0,,good
visa_4ca751905c4706b4,0,,good
visa_d9b7b20daa93d050,0,,good
visa_c52d21d61fb0cd1b,0,,good
visa_9309713127a513db,0,,good
visa_5550c212e8dfc667,0,,good
visa_60dccaf8d2c9b879,0,,good
visa_fc2cea576e67d160,0,,good
visa_a2bc1d628ac19e9a,0,,good
visa_47ad6363e8ee8208,0,,good
visa_86eb87ae8286947f,0,,good
visa_906d5d0e246a4e5e,0,,good
visa_aabd41ba9ece6a12,0,,good
visa_a85f35ab1172357a,0,,good
visa_4e81a15184e3095a,0,,good
visa_24bc3544770378c2,0,,good
visa_4452ebea03bc0c56,0,,good
visa_2f19db25c855eabb,0,,good
visa_4451ada35f6b5f48,0,,good
visa_9f3caf4650fdd17c,0,,good
visa_cadcaa41f7756e20,0,,good
visa_913705da61b308e5,0,,good
visa_515da28d6bf28f8e,0,,good
visa_7a6ac4a9f3e7aa42,0,,good
visa_706d75705b533391,0,,good
visa_47d812139de31249,0,,good
visa_be8d57e8b6df5013,0,,good
visa_7d83889f46912487,0,,good
visa_597303a0a8e63dea,0,,good
visa_da5aa2a1bda43e03,0,,good
visa_1451d5eb6db76e19,0,,good
visa_5dfdd09a90569cc0,0,,good
visa_99fc155877188efc,0,,good
visa_46b54c6e4a607c3c,0,,good
visa_708aa13f43b30ee1,0,,good
visa_88dcb080531f3080,0,,good
visa_1e06495c9b8735e2,0,,good
visa_1b7d1b6009a7896c,0,,good
visa_e2aa940b2c87f259,0,,good
visa_fe06b02192f506d0,0,,good
visa_a316616c16aa464c,0,,good
visa_d6697fcd4b0c42d7,0,,good
visa_1d529c41e73b191a,0,,good
visa_00689fcfb24c8536,0,,good
visa_3f0970c2618d9c08,0,,good
visa_46b5f3e075ec3b1b,0,,good
visa_3bf4029b2a955290,0,,good
visa_ac31209e33f49c00,0,,good
visa_1e6df762378ea4da,0,,good
visa_3e21118a0564d502,0,,good
visa_3e12377c29513a17,0,,good
visa_74c5c5727b435751,0,,good
visa_9e447a237556d937,0,,good
visa_5832f7a255e5dfa2,0,,good
visa_95f10d63469b473e,0,,good
visa_0c4b0d93014c9fcb,0,,good
visa_527ede0b474ef1d4,0,,good
visa_ce61de050aa3fade,0,,good
visa_892ecf91089abf6f,0,,good
visa_1f3a884f220658ac,0,,good
visa_d9e7fcfae45d03a6,0,,good
visa_c109280f0b04e274,0,,good
visa_7afa41a64d7e4a65,0,,good
visa_695849844519354a,0,,good
visa_f327d0b560af880f,0,,good
visa_ea7e5e8e2cdafcc2,0,,good
visa_4aacbdd87f2d16de,0,,good
visa_b523ace6cbd5c9fd,0,,good
visa_05379294f62fd14d,0,,good
visa_953771839b44c483,0,,good
visa_82369b7457ccf018,0,,good
visa_359c5c5345b7cec9,0,,good
visa_3c72d431beb55bff,0,,good
visa_2f016dd6461de66e,0,,good
visa_fd5baff80e893a9a,0,,good
visa_e6f9c6dcc48da0d8,0,,good
visa_ecd6d213ebd455f7,0,,good
visa_20a88cf20b7e299d,0,,good
visa_46846fcda20131c1,0,,good
visa_94f2c72b09e9e7c6,0,,good
visa_882bd253056e1ca9,0,,good
visa_96edfaad94dd02b5,0,,good
visa_036b560540e6bec2,0,,good
visa_14d6de1ca300113a,0,,good
visa_a0741591f23cbc89,0,,good
visa_5d2d09b5cb78934c,0,,good
visa_816fd3b3c8885307,0,,good
visa_534932bb659736ff,0,,good
visa_54ba087cf657f016,0,,good
visa_1f27ad0783fb8995,0,,good
visa_83433758a23dd629,0,,good
visa_e75c921149086ac9,0,,good
visa_96d245243de1af73,0,,good
visa_cd64fbf6fee4d811,0,,good
visa_d8a78fdffb0e6699,0,,good
visa_cb2d904c0e00ad41,0,,good
visa_21d35320cf72f07f,0,,good
visa_1fd23d6b499f21dc,0,,good
visa_f0329987824964d1,0,,good
visa_5e184b262609b2e7,0,,good
visa_f365d945f526f884,0,,good
visa_1b7ef5e432d1b126,0,,good
visa_0293be4dbf29fb24,0,,good
visa_c91425f66acc09a2,0,,good
visa_e0d093ddb0b69362,0,,good
visa_cd3285973667b659,0,,good
visa_e1a1a177a40f1850,0,,good
visa_9bc8b58a050662e2,0,,good
visa_84a36bdfdb692e09,0,,good
visa_6c4b5587e3392d06,0,,good
visa_3c9f2b7febe32401,0,,good
visa_70bbc38598ea389d,0,,good
visa_d5124238245ee421,0,,good
visa_a31128474f13b91c,0,,good
visa_8d62906fe1ea7a9a,0,,good
visa_d06e5eb2dabd3c52,0,,good
visa_94baccd294750333,0,,good
visa_3907f785c29f0a9a,0,,good
visa_40b8936b7cd43608,0,,good
visa_f2163bda15320146,0,,good
visa_4c5ba25cb74f34f4,0,,good
visa_9786d56689284659,0,,good
visa_965359f9e616c6d9,0,,good
visa_4cd2e8619c231377,0,,good
visa_efe9da9e7872ef3a,0,,good
visa_4f68baddf2c8722d,0,,good
visa_81ca6e2dcd9bf1b0,0,,good
visa_f181eee618b7fa46,0,,good
visa_13caaab34c1edc7c,0,,good
visa_597347c5dcd58678,0,,good
visa_aebaa0e809411dc8,0,,good
visa_25cdccea2261a2d5,0,,good
visa_7028812f6cc5bce9,0,,good
visa_331f103869ab0fe6,0,,good
visa_9b72301b25201a0f,0,,good
visa_49aeaef9e13717ec,0,,good
visa_df3f6a66f7814fb2,0,,good
visa_6dc3db8ed02f3739,0,,good
visa_52b2effe9a42efe4,0,,good
visa_db92bd8a3ed83ef0,0,,good
visa_409fa05184b17095,0,,good
visa_11621a8d6ca1a685,0,,good
visa_6aaefbabcde55521,0,,good
visa_425dacc1c00bfc46,0,,good
visa_da93952cca084ca5,0,,good
visa_ae16a3ac762b4738,0,,good
visa_5c5be9bb3c2a7854,0,,good
visa_ec482415ec2ce281,0,,good
visa_3bda3533608d908a,0,,good
visa_a29fec47d98651f8,0,,good
visa_a4944e76cb783719,0,,good
visa_f2904a7b1049a880,0,,good
visa_604e52a734a2f945,0,,good
visa_f4b0c9a869861060,0,,good
visa_7e7b22425b30e221,0,,good
visa_996237c3e9b3e7fe,0,,good
visa_f72bb0f1f48536a9,0,,good
visa_1a52ca20f3a248c6,0,,good
visa_5e6ba0cad55dc0af,0,,good
visa_8c458889c63009bc,0,,good
visa_9824418bdd2b1be6,0,,good
visa_0158ea4f2deef2dd,0,,good
visa_91faaaa0fe5e0633,0,,good
visa_2ff44665ec3e5edd,0,,good
visa_62cfc574977b161a,0,,good
visa_1a058105058443fc,0,,good
visa_983967fd99e4439c,0,,good
visa_e8691fd58d10077f,0,,good
visa_015bd1e44d898b57,0,,good
visa_0c240ba940c53174,0,,good
visa_42cf63d0386d051a,0,,good
visa_8e80567def485c59,0,,good
visa_45a25d2fd3320271,0,,good
visa_b4ebd73c87952e10,0,,good
visa_0dcb402192ea095a,0,,good
visa_709f6864fa927797,0,,good
visa_a6d51071b18a23c5,0,,good
visa_c80251f16d12ef96,0,,good
visa_e48df2ea43324d12,0,,good
visa_d68b03e6ca5114d1,0,,good
visa_3dc8599a7a9fd66d,0,,good
visa_8f9feaeedbb36b90,0,,good
visa_4f9701bfaa609fdc,0,,good
visa_1175cbf572cc2da5,0,,good
visa_fae6b94234c76aaa,0,,good
visa_0f3550496f1d8b50,0,,good
visa_d5a156dfaf987f5d,0,,good
visa_d41ee71cb9052298,0,,good
visa_5fc6e0b6a42d7d2c,0,,good
visa_a40a377bb7e6e78c,0,,good
visa_e4656ccf20fcdb71,0,,good
visa_a91b985844e28f5d,0,,good
visa_32d4f41b6b8028f9,0,,good
visa_6ee54647e21fcf2b,0,,good
visa_745138846c9a628c,0,,good
visa_73f073011b2f410d,0,,good
visa_a27471ccd72f1079,0,,good
visa_36d3dbfba2c24370,0,,good
visa_40d9141b584aeb00,0,,good
visa_1734083943fd007a,0,,good
visa_d6654a56ee576b97,0,,good
visa_5b87082b5144077c,0,,good
visa_7a020c367a354731,0,,good
visa_1204c64f4dc2e54a,0,,good
visa_d069ffc0309cb4db,0,,good
visa_303d1c0e50fc2105,0,,good
visa_38ba960240310e0e,0,,good
visa_8dc023e90198029e,0,,good
visa_d027308486ace497,0,,good
visa_92bc6e42b2e465e7,0,,good
visa_796c61639ae59e34,0,,good
visa_bcacc85bb49233c7,0,,good
visa_3d0e0d2133ce50e8,0,,good
visa_de61793017a75d59,0,,good
visa_e04382712baba12d,0,,good
visa_256bf4e0c53ce120,0,,good
visa_8b13d0f37c9111f3,0,,good
visa_10085a6036a924b1,0,,good
visa_03c0dd631b2209cf,0,,good
visa_f7e57b65b6f462cd,0,,good
visa_5921a0ff7677af52,0,,good
visa_61e5b64b5a35d2d8,0,,good
visa_670e3eb63b40d4ee,0,,good
visa_a138cfba30faf244,0,,good
visa_4ca982dc0c4a78ce,0,,good
visa_b68ae9f546ff92f5,0,,good
visa_d4ba1990229187b0,0,,good
visa_34c732fc36c1c215,0,,good
visa_a75ae7d3e5275889,0,,good
visa_a51951cb23512405,0,,good
visa_53d74c061722c6c9,0,,good
visa_1a7cf0bdd7495dea,0,,good
visa_836eb4e56437681e,0,,good
visa_3c2511a23ca0ece2,0,,good
visa_51689286f5239e23,0,,good
visa_eff1c7d8338dae80,0,,good
visa_9298e139f8e56490,0,,good
visa_bb2abf36503cfd13,0,,good
visa_4faf5203e427c2d9,0,,good
visa_71706bc6d096a597,0,,good
visa_3425cc83a188f5ac,0,,good
visa_18da163a2e7c71d9,0,,good
visa_433ff57112a1435f,0,,good
visa_439da8f89d7cac06,0,,good
visa_37b148f774179bb1,0,,good
visa_136878db15267bce,0,,good
visa_1324ab1b07959771,0,,good
visa_ddcb2ed378352278,0,,good
visa_2df11580f190549c,0,,good
visa_42e62fd68bba87df,0,,good
visa_7e625e50c02f3a71,0,,good
visa_a2382176a8db6f00,0,,good
visa_b512373b78dcfb71,0,,good
visa_707aeef0711a3b6d,0,,good
visa_2bb361d6fadcc302,0,,good
visa_99125078ea13d499,0,,good
visa_d7d2a9e7f2cd75fb,0,,good
visa_e080877a37654932,0,,good
visa_94c07603b451be16,0,,good
visa_3b200fd56ec99066,0,,good
visa_b46170f34921ca74,0,,good
visa_b85bf6d649d618ab,0,,good
visa_636ff4c88a939890,0,,good
visa_f761e6134dee07ff,0,,good
visa_e53f9e30325ad0ac,0,,good
visa_6f945ad76457c110,0,,good
visa_f628a2f738b5182a,0,,good
visa_149e3a0e468b37a0,0,,good
visa_c536574018c7396c,0,,good
visa_8e2395a078ac5396,0,,good
visa_2c4ab22ecc6faa55,0,,good
visa_609a3486d4ebe512,0,,good
visa_209f693fadd02f1b,0,,good
visa_f16ec4dbf6de95a0,0,,good
visa_f6dfef2ef8e58969,0,,good
visa_93dda5af38d54e33,0,,good
visa_7ffa45a98d7be6fd,0,,good
visa_89b7ed31bac601c1,0,,good
visa_c044857d04ea032e,0,,good
visa_c02fbf0a0db347ad,0,,good
visa_f1c8d886847e5a82,0,,good
visa_42f238b84578abd1,0,,good
visa_a681243c7ed701d0,0,,good
visa_ae65ccac69b4c7e1,0,,good
visa_2ebda92ae79667d2,0,,good
visa_7e51a99ba3aa53dc,0,,good
visa_3d7885d6eb86278c,0,,good
visa_71bcfaf4cf54203f,0,,good
visa_be19bc86d6c4389e,0,,good
visa_44d840b4454adbe4,0,,good
visa_4ebce7f0c82dcee5,0,,good
visa_a8c71d2492d854b3,0,,good
visa_c5ae744d0cf51c10,0,,good
visa_6bf52df8e094a2ab,0,,good
visa_8078151bb3dc2f79,0,,good
visa_0424580d79a98c36,0,,good
visa_def38ed1dc49ba95,0,,good
visa_b2a2c28d1b357855,0,,good
visa_bd7afd9bcbb96bd8,0,,good
visa_7d05d853023e7e9a,0,,good
visa_d380ec24d8f129fb,0,,good
visa_43a53de91bb3d0af,0,,good
visa_8c3f7b6b14411356,0,,good
visa_8d53094d7bbaa9c0,0,,good
visa_a5cb58d4a6b7426b,0,,good
visa_01ba16924a9c7dab,0,,good
visa_d84b829a7ca0928c,0,,good
visa_b8c66c09c8fbfc07,0,,good
visa_94c257f6794b1ee2,0,,good
visa_e5f9c6da30e54cea,0,,good
visa_f07fbc62283b3b97,0,,good
visa_0c7d663afeacc332,0,,good
visa_3c6167e92c5f12c4,0,,good
visa_7606cf77bf2ee1e1,0,,good
visa_9234f0ee3b41a85a,0,,good
visa_fdfe5aa6f88c6324,0,,good
visa_7f45873996e6d519,0,,good
visa_e74617008e81b23e,0,,good
visa_debe2144085ce180,0,,good
visa_68c1b229763ed677,0,,good
visa_023cbc1fe8b8d94d,0,,good
visa_1253ba84beef830e,0,,good
visa_4f5fa2c885d2cd5b,0,,good
visa_3e43f521b4cb1d52,0,,good
visa_4c4bdb3c3046a38a,0,,good
visa_f56a5902d481f611,0,,good
visa_2c0596dcb450daaf,0,,good
visa_cd9e22bbb55a1586,0,,good
visa_dc3f1f2de5e624b5,0,,good
visa_4dd380e3000b8af7,0,,good
visa_fae4ff1caecdc4cb,0,,good
visa_b1a5145a605c17eb,0,,good
visa_69107c0bba2453d7,0,,good
visa_a6f31ecbf5b6efe8,0,,good
visa_48be2a6934b939ce,0,,good
visa_59e7983f14410dd6,0,,good
visa_2e47dbbe86a8dd38,0,,good
visa_a66796b8e068907f,0,,good
visa_d09ca363a3b0452b,0,,good
visa_0b9322535feabda2,0,,good
visa_49a6e7b85a56606a,0,,good
visa_2ce8369e1322f05c,0,,good
visa_f5706cf13dfc99ad,0,,good
visa_011795efdf43b404,0,,good
visa_bb4b03bfefc59d51,0,,good
visa_15e202c16ae0471b,0,,good
visa_52daf098e32b27be,0,,good
visa_ab8cfe2dd4d6d672,0,,good
visa_fac3b552c4b932ae,0,,good
visa_f10127b703688545,0,,good
visa_365618ac7063291b,0,,good
visa_7cf27818f5d074c5,0,,good
visa_6b63293c03a81764,0,,good
visa_47d17c65165b64ef,0,,good
visa_91e8e0e11bed7388,0,,good
visa_c854e1884bbe2a4c,0,,good
visa_07242995fb33fc01,0,,good
visa_ea0ab66fc490134a,0,,good
visa_3302e3ace38cd30b,0,,good
visa_0b30c9a117aa2b61,0,,good
visa_f2333942166a0620,0,,good
visa_7f5507f05aa8a1ee,0,,good
visa_7c94a1081433bdfe,0,,good
visa_0462b5876754554d,0,,good
visa_a94156d5c673eb61,0,,good
visa_9815e88bd40a6e73,0,,good
visa_c257dfe3d1e794aa,0,,good
visa_66be055d70a25b96,0,,good
visa_eb693bac0ad7afec,0,,good
visa_88253be49c6657ae,0,,good
visa_c6e9efac21800c38,0,,good
visa_bff9b0229ea62639,0,,good
visa_9105563b4782aa2d,0,,good
visa_dc41bd5126b3d6bd,0,,good
visa_d47aaf2b91880f82,0,,good
visa_779fb524fb1436ce,0,,good
visa_6d22ee3361d98777,0,,good
visa_a17dfeca5f81da15,0,,good
visa_6e5835f466d5443b,0,,good
visa_da7caaa6e200852d,0,,good
visa_577b1301dc5a4f2c,0,,good
visa_ef37cd8aaeebf4bf,0,,good
visa_ebe493cb334ff738,0,,good
visa_54b8d154a1bc57f4,0,,good
visa_73bbd206b0d3c099,0,,good
visa_a32aae0e01c7a4a5,0,,good
visa_ee60885da34074e4,0,,good
visa_761dd9d20b516aab,0,,good
visa_ad6c39ea0489496a,0,,good
visa_c39c636a11b5057f,0,,good
visa_0032a9d1ae82b488,0,,good
visa_014897280ddaa045,0,,good
visa_41c7487a8da85053,0,,good
visa_ad2a1eb65982c0c1,0,,good
visa_0b3185e474b93f4c,0,,good
visa_790e3157b9b59cbe,0,,good
visa_84d21a2864f45488,0,,good
visa_4e5520f9721fd49e,0,,good
visa_44aec810a4eb5c8f,0,,good
visa_be5fbc573deba55e,0,,good
visa_8089e2d7ab1866c1,0,,good
visa_a9b6f10c94459223,0,,good
visa_b59691600e45a3a5,0,,good
visa_11b0e28d9644e9d4,0,,good
visa_ae5446af871db256,0,,good
visa_d609b7d2f1ae135e,0,,good
visa_8b2bd1ca5f7491ac,0,,good
visa_081399836e25c89f,0,,good
visa_911127e0e0e4cf03,0,,good
visa_a8eb341e07b9ca2b,0,,good
visa_edbe2a60417911fb,0,,good
visa_47b1b0aa4cde0eb9,0,,good
visa_36e21e19f5195235,0,,good
visa_2a2364c21448a0bb,0,,good
visa_7d38946b3dea160e,0,,good
visa_49a4a934757760c0,0,,good
visa_30668c956f1a0dce,0,,good
visa_cb728c81ab473cae,0,,good
visa_7cdba3388d52a57a,0,,good
visa_5fc0589eff434e01,0,,good
visa_4af1a523c713d59a,0,,good
visa_858170ef3ac33b4f,0,,good
visa_39c58235bf23d383,0,,good
visa_fcbf6079fe57f6df,0,,good
visa_5e306a834c679f89,1,/data/gauss/ldh/myDatasets/VisA/macaroni2/Data/Masks/Anomaly/000.png,Anomaly
visa_6fa104b5ae7988c3,1,/data/gauss/ldh/myDatasets/VisA/macaroni2/Data/Masks/Anomaly/001.png,Anomaly
visa_9b388ef47ce90c4b,1,/data/gauss/ldh/myDatasets/VisA/macaroni2/Data/Masks/Anomaly/002.png,Anomaly
visa_862b7506f1324754,1,/data/gauss/ldh/myDatasets/VisA/macaroni2/Data/Masks/Anomaly/003.png,Anomaly
visa_0f20532e3dbca7ec,1,/data/gauss/ldh/myDatasets/VisA/macaroni2/Data/Masks/Anomaly/004.png,Anomaly
visa_64b16430f37b57df,1,/data/gauss/ldh/myDatasets/VisA/macaroni2/Data/Masks/Anomaly/005.png,Anomaly
visa_c66695211f102b5c,1,/data/gauss/ldh/myDatasets/VisA/macaroni2/Data/Masks/Anomaly/006.png,Anomaly
visa_f90a9378c8a76983,1,/data/gauss/ldh/myDatasets/VisA/macaroni2/Data/Masks/Anomaly/007.png,Anomaly
visa_7b9424aae5daae83,1,/data/gauss/ldh/myDatasets/VisA/macaroni2/Data/Masks/Anomaly/008.png,Anomaly
visa_527dccb16a802dbc,1,/data/gauss/ldh/myDatasets/VisA/macaroni2/Data/Masks/Anomaly/009.png,Anomaly
visa_7019c28cc3ffa475,1,/data/gauss/ldh/myDatasets/VisA/macaroni2/Data/Masks/Anomaly/010.png,Anomaly
visa_ea08ff3dbaab16c3,1,/data/gauss/ldh/myDatasets/VisA/macaroni2/Data/Masks/Anomaly/011.png,Anomaly
visa_3992521b0cbe4ca9,1,/data/gauss/ldh/myDatasets/VisA/macaroni2/Data/Masks/Anomaly/012.png,Anomaly
visa_967926eff7e3313b,1,/data/gauss/ldh/myDatasets/VisA/macaroni2/Data/Masks/Anomaly/013.png,Anomaly
visa_6880e8f603cf6a28,1,/data/gauss/ldh/myDatasets/VisA/macaroni2/Data/Masks/Anomaly/014.png,Anomaly
visa_fbc6952ce21cb2cb,1,/data/gauss/ldh/myDatasets/VisA/macaroni2/Data/Masks/Anomaly/015.png,Anomaly
visa_381a24e03f13e0f0,1,/data/gauss/ldh/myDatasets/VisA/macaroni2/Data/Masks/Anomaly/016.png,Anomaly
visa_5734a5be288517c6,1,/data/gauss/ldh/myDatasets/VisA/macaroni2/Data/Masks/Anomaly/017.png,Anomaly
visa_ad8b2bd887b2967a,1,/data/gauss/ldh/myDatasets/VisA/macaroni2/Data/Masks/Anomaly/018.png,Anomaly
visa_cc42561c1fc8f11e,1,/data/gauss/ldh/myDatasets/VisA/macaroni2/Data/Masks/Anomaly/019.png,Anomaly
visa_119ac9666292d62b,1,/data/gauss/ldh/myDatasets/VisA/macaroni2/Data/Masks/Anomaly/020.png,Anomaly
visa_ecbc7f054bc616ba,1,/data/gauss/ldh/myDatasets/VisA/macaroni2/Data/Masks/Anomaly/021.png,Anomaly
visa_5e05c2710eb37516,1,/data/gauss/ldh/myDatasets/VisA/macaroni2/Data/Masks/Anomaly/022.png,Anomaly
visa_b5c816d20a94fab0,1,/data/gauss/ldh/myDatasets/VisA/macaroni2/Data/Masks/Anomaly/023.png,Anomaly
visa_4817db3fb07be0c0,1,/data/gauss/ldh/myDatasets/VisA/macaroni2/Data/Masks/Anomaly/024.png,Anomaly
visa_9073d28a685b232a,1,/data/gauss/ldh/myDatasets/VisA/macaroni2/Data/Masks/Anomaly/025.png,Anomaly
visa_c37a6eeacc56c0c6,1,/data/gauss/ldh/myDatasets/VisA/macaroni2/Data/Masks/Anomaly/026.png,Anomaly
visa_17d5eccb6c27d255,1,/data/gauss/ldh/myDatasets/VisA/macaroni2/Data/Masks/Anomaly/027.png,Anomaly
visa_c12c519b88286c7f,1,/data/gauss/ldh/myDatasets/VisA/macaroni2/Data/Masks/Anomaly/028.png,Anomaly
visa_941ca74f2cbc8c65,1,/data/gauss/ldh/myDatasets/VisA/macaroni2/Data/Masks/Anomaly/029.png,Anomaly
visa_e6b8bb9d64688143,1,/data/gauss/ldh/myDatasets/VisA/macaroni2/Data/Masks/Anomaly/030.png,Anomaly
visa_19f15e8f5712bc35,1,/data/gauss/ldh/myDatasets/VisA/macaroni2/Data/Masks/Anomaly/031.png,Anomaly
visa_22124ab027813e9c,1,/data/gauss/ldh/myDatasets/VisA/macaroni2/Data/Masks/Anomaly/032.png,Anomaly
visa_fa4a08689c146486,1,/data/gauss/ldh/myDatasets/VisA/macaroni2/Data/Masks/Anomaly/033.png,Anomaly
visa_fa1694d056a4bbd1,1,/data/gauss/ldh/myDatasets/VisA/macaroni2/Data/Masks/Anomaly/034.png,Anomaly
visa_aaae7add20d2d4fa,1,/data/gauss/ldh/myDatasets/VisA/macaroni2/Data/Masks/Anomaly/035.png,Anomaly
visa_89cfcef409fb59b4,1,/data/gauss/ldh/myDatasets/VisA/macaroni2/Data/Masks/Anomaly/036.png,Anomaly
visa_ded8b253701f9dbb,1,/data/gauss/ldh/myDatasets/VisA/macaroni2/Data/Masks/Anomaly/037.png,Anomaly
visa_53c8abfe32f549b4,1,/data/gauss/ldh/myDatasets/VisA/macaroni2/Data/Masks/Anomaly/038.png,Anomaly
visa_e30475cd92a8874f,1,/data/gauss/ldh/myDatasets/VisA/macaroni2/Data/Masks/Anomaly/039.png,Anomaly
visa_90fb726494e79290,1,/data/gauss/ldh/myDatasets/VisA/macaroni2/Data/Masks/Anomaly/040.png,Anomaly
visa_382c20a63acad46c,1,/data/gauss/ldh/myDatasets/VisA/macaroni2/Data/Masks/Anomaly/041.png,Anomaly
visa_c39ac41e9f8133fc,1,/data/gauss/ldh/myDatasets/VisA/macaroni2/Data/Masks/Anomaly/042.png,Anomaly
visa_6b32005cb313abd6,1,/data/gauss/ldh/myDatasets/VisA/macaroni2/Data/Masks/Anomaly/043.png,Anomaly
visa_4201e2c1006e16c3,1,/data/gauss/ldh/myDatasets/VisA/macaroni2/Data/Masks/Anomaly/044.png,Anomaly
visa_bd860f83ed61ad9c,1,/data/gauss/ldh/myDatasets/VisA/macaroni2/Data/Masks/Anomaly/045.png,Anomaly
visa_2db4d3ccd7e6023e,1,/data/gauss/ldh/myDatasets/VisA/macaroni2/Data/Masks/Anomaly/046.png,Anomaly
visa_a82ffc639fcbacea,1,/data/gauss/ldh/myDatasets/VisA/macaroni2/Data/Masks/Anomaly/047.png,Anomaly
visa_d1e839c96ace4ce5,1,/data/gauss/ldh/myDatasets/VisA/macaroni2/Data/Masks/Anomaly/048.png,Anomaly
visa_dcf70dfd7d43987a,1,/data/gauss/ldh/myDatasets/VisA/macaroni2/Data/Masks/Anomaly/049.png,Anomaly
visa_f3aaaf2264cae6f9,1,/data/gauss/ldh/myDatasets/VisA/macaroni2/Data/Masks/Anomaly/050.png,Anomaly
visa_91a62304c852cf18,1,/data/gauss/ldh/myDatasets/VisA/macaroni2/Data/Masks/Anomaly/051.png,Anomaly
visa_93869bf173bc8c59,1,/data/gauss/ldh/myDatasets/VisA/macaroni2/Data/Masks/Anomaly/052.png,Anomaly
visa_66c32d45bb433f27,1,/data/gauss/ldh/myDatasets/VisA/macaroni2/Data/Masks/Anomaly/053.png,Anomaly
visa_f91ec576a5afe77e,1,/data/gauss/ldh/myDatasets/VisA/macaroni2/Data/Masks/Anomaly/054.png,Anomaly
visa_f508ab2a533598bd,1,/data/gauss/ldh/myDatasets/VisA/macaroni2/Data/Masks/Anomaly/055.png,Anomaly
visa_00921fa7f03583c6,1,/data/gauss/ldh/myDatasets/VisA/macaroni2/Data/Masks/Anomaly/056.png,Anomaly
visa_4600a8877594c897,1,/data/gauss/ldh/myDatasets/VisA/macaroni2/Data/Masks/Anomaly/057.png,Anomaly
visa_4ad0bc14c4c55057,1,/data/gauss/ldh/myDatasets/VisA/macaroni2/Data/Masks/Anomaly/058.png,Anomaly
visa_885dd00236d77dee,1,/data/gauss/ldh/myDatasets/VisA/macaroni2/Data/Masks/Anomaly/059.png,Anomaly
visa_2922872ce3560e24,1,/data/gauss/ldh/myDatasets/VisA/macaroni2/Data/Masks/Anomaly/060.png,Anomaly
visa_87873255211579f4,1,/data/gauss/ldh/myDatasets/VisA/macaroni2/Data/Masks/Anomaly/061.png,Anomaly
visa_4f36685015db7444,1,/data/gauss/ldh/myDatasets/VisA/macaroni2/Data/Masks/Anomaly/062.png,Anomaly
visa_9b153558668993d8,1,/data/gauss/ldh/myDatasets/VisA/macaroni2/Data/Masks/Anomaly/063.png,Anomaly
visa_34b66e1d54dd6168,1,/data/gauss/ldh/myDatasets/VisA/macaroni2/Data/Masks/Anomaly/064.png,Anomaly
visa_d00242fe9e2735bd,1,/data/gauss/ldh/myDatasets/VisA/macaroni2/Data/Masks/Anomaly/065.png,Anomaly
visa_45ac8ad2082d359e,1,/data/gauss/ldh/myDatasets/VisA/macaroni2/Data/Masks/Anomaly/066.png,Anomaly
visa_1112a3280a1e7af5,1,/data/gauss/ldh/myDatasets/VisA/macaroni2/Data/Masks/Anomaly/067.png,Anomaly
visa_a9ca565a5e0ee19a,1,/data/gauss/ldh/myDatasets/VisA/macaroni2/Data/Masks/Anomaly/068.png,Anomaly
visa_f99f5032ce7d16fc,1,/data/gauss/ldh/myDatasets/VisA/macaroni2/Data/Masks/Anomaly/069.png,Anomaly
visa_50b4f2fe3be93b38,1,/data/gauss/ldh/myDatasets/VisA/macaroni2/Data/Masks/Anomaly/070.png,Anomaly
visa_fe560ed95fb2deeb,1,/data/gauss/ldh/myDatasets/VisA/macaroni2/Data/Masks/Anomaly/071.png,Anomaly
visa_b3d2a4d5e4dd8617,1,/data/gauss/ldh/myDatasets/VisA/macaroni2/Data/Masks/Anomaly/072.png,Anomaly
visa_3ca5b0b338f6f013,1,/data/gauss/ldh/myDatasets/VisA/macaroni2/Data/Masks/Anomaly/073.png,Anomaly
visa_6b14818a9662b49a,1,/data/gauss/ldh/myDatasets/VisA/macaroni2/Data/Masks/Anomaly/074.png,Anomaly
visa_ea83d7374fb96b21,1,/data/gauss/ldh/myDatasets/VisA/macaroni2/Data/Masks/Anomaly/075.png,Anomaly
visa_4984649d656131db,1,/data/gauss/ldh/myDatasets/VisA/macaroni2/Data/Masks/Anomaly/076.png,Anomaly
visa_af51bf10413d9fac,1,/data/gauss/ldh/myDatasets/VisA/macaroni2/Data/Masks/Anomaly/077.png,Anomaly
visa_5ee28c507091645e,1,/data/gauss/ldh/myDatasets/VisA/macaroni2/Data/Masks/Anomaly/078.png,Anomaly
visa_634fda11d4e70b1c,1,/data/gauss/ldh/myDatasets/VisA/macaroni2/Data/Masks/Anomaly/079.png,Anomaly
visa_03ab8b923065de02,1,/data/gauss/ldh/myDatasets/VisA/macaroni2/Data/Masks/Anomaly/080.png,Anomaly
visa_c32eb5bb5b6d774d,1,/data/gauss/ldh/myDatasets/VisA/macaroni2/Data/Masks/Anomaly/081.png,Anomaly
visa_10b14d0161b01fd6,1,/data/gauss/ldh/myDatasets/VisA/macaroni2/Data/Masks/Anomaly/082.png,Anomaly
visa_10b6bd5eb2cb50e6,1,/data/gauss/ldh/myDatasets/VisA/macaroni2/Data/Masks/Anomaly/083.png,Anomaly
visa_3c27a62ae4ece9ec,1,/data/gauss/ldh/myDatasets/VisA/macaroni2/Data/Masks/Anomaly/084.png,Anomaly
visa_5d47541a225545d4,1,/data/gauss/ldh/myDatasets/VisA/macaroni2/Data/Masks/Anomaly/085.png,Anomaly
visa_b3a359b19406e691,1,/data/gauss/ldh/myDatasets/VisA/macaroni2/Data/Masks/Anomaly/086.png,Anomaly
visa_552500a4104f01c3,1,/data/gauss/ldh/myDatasets/VisA/macaroni2/Data/Masks/Anomaly/087.png,Anomaly
visa_3a517a8ef7df8037,1,/data/gauss/ldh/myDatasets/VisA/macaroni2/Data/Masks/Anomaly/088.png,Anomaly
visa_aed104f321326965,1,/data/gauss/ldh/myDatasets/VisA/macaroni2/Data/Masks/Anomaly/089.png,Anomaly
visa_677a49f4c49b825d,1,/data/gauss/ldh/myDatasets/VisA/macaroni2/Data/Masks/Anomaly/090.png,Anomaly
visa_413abcbbd0afa8a0,1,/data/gauss/ldh/myDatasets/VisA/macaroni2/Data/Masks/Anomaly/091.png,Anomaly
visa_05bf000c54bd1a21,1,/data/gauss/ldh/myDatasets/VisA/macaroni2/Data/Masks/Anomaly/092.png,Anomaly
visa_6d5d915e4cc07f32,1,/data/gauss/ldh/myDatasets/VisA/macaroni2/Data/Masks/Anomaly/093.png,Anomaly
visa_2cd9a9ccbb4d85bb,1,/data/gauss/ldh/myDatasets/VisA/macaroni2/Data/Masks/Anomaly/094.png,Anomaly
visa_9260a10c6c148ab5,1,/data/gauss/ldh/myDatasets/VisA/macaroni2/Data/Masks/Anomaly/095.png,Anomaly
visa_6e26d011d2094950,1,/data/gauss/ldh/myDatasets/VisA/macaroni2/Data/Masks/Anomaly/096.png,Anomaly
visa_6022c56737b04b0f,1,/data/gauss/ldh/myDatasets/VisA/macaroni2/Data/Masks/Anomaly/097.png,Anomaly
visa_20170defb2027183,1,/data/gauss/ldh/myDatasets/VisA/macaroni2/Data/Masks/Anomaly/098.png,Anomaly
visa_b74de086e2cebd12,1,/data/gauss/ldh/myDatasets/VisA/macaroni2/Data/Masks/Anomaly/099.png,Anomaly
visa_956070f95eb0300f,0,,good
visa_7c9a17d7f5910c24,0,,good
visa_01d1cf2e9bb3e4ce,0,,good
visa_530583b86a6c1cc6,0,,good
visa_2cb286ace0cca0a6,0,,good
visa_41fb6193741e79b2,0,,good
visa_fe72dd77e5fa6057,0,,good
visa_a4bd5e9962bec959,0,,good
visa_a0183fa0e5e33763,0,,good
visa_19cead063ed20330,0,,good
visa_7b15a30378803aa8,0,,good
visa_b1cf41468e329b18,0,,good
visa_b438d8825b590143,0,,good
visa_2c463aa7c2474d79,0,,good
visa_bcf7a69bbe299f05,0,,good
visa_2747350d182d0d58,0,,good
visa_14e76633c48433c7,0,,good
visa_576dd3761ffe18f4,0,,good
visa_20b196b7addcc3f7,0,,good
visa_ab5436fc61c18fc9,0,,good
visa_de9bd47dc4740245,0,,good
visa_1baac7b0c44443e4,0,,good
visa_12bd2f3d7ad7e165,0,,good
visa_2e5dbf6e332246e4,0,,good
visa_fe67334948dad9e0,0,,good
visa_4837868861bed71f,0,,good
visa_945fa78d960c6365,0,,good
visa_1aa94429ee2fc01c,0,,good
visa_772b0fd7eb5a8e76,0,,good
visa_cebaee072a836c51,0,,good
visa_98d0a299cc91a0f1,0,,good
visa_537ef1144aed343f,0,,good
visa_ac51d03eab0d6500,0,,good
visa_95f74c2a6224385f,0,,good
visa_21d20b5bb715fdc1,0,,good
visa_8f0e3eb857df94da,0,,good
visa_17d00a6b13e99887,0,,good
visa_b9a60c962a90f271,0,,good
visa_8f608197f08d65f9,0,,good
visa_e2347308149661fb,0,,good
visa_ce00fed2144f8755,0,,good
visa_ea89fe49b70bb18c,0,,good
visa_9deeccb648674a90,0,,good
visa_4cd6f64bbf505ec4,0,,good
visa_3cefc347d707abba,0,,good
visa_cf3860aaa78b7b84,0,,good
visa_e0105c715b78147c,0,,good
visa_cb654276f66bcbac,0,,good
visa_d18ad81b01a1d5bb,0,,good
visa_8a1d8394921e1fcf,0,,good
visa_feb61e7033f6cf42,0,,good
visa_7a1431a02dddfc9f,0,,good
visa_15920050cfc420a7,0,,good
visa_3d5ffbf9ab0ca9db,0,,good
visa_ea52fe4b21d8257e,0,,good
visa_6564e3ec989704c0,0,,good
visa_68860cf6c29f62f9,0,,good
visa_60cff350eeb7d907,0,,good
visa_366e733cf708cd9a,0,,good
visa_6e1117b3448936e6,0,,good
visa_ac1557df86b3f609,0,,good
visa_5ef950b989a2b6c8,0,,good
visa_a9c0cd15b2281d38,0,,good
visa_9e2bc48f652a52a8,0,,good
visa_9fb785531f7134d3,0,,good
visa_b6495dd722b5141c,0,,good
visa_8060cc1afa164759,0,,good
visa_614ec62e05b60a9c,0,,good
visa_cd6ef1b31056487d,0,,good
visa_aca9b74a13c809d7,0,,good
visa_5bc6ea9fdfda001c,0,,good
visa_1fb20ee8136d9026,0,,good
visa_b020ad13d90b1705,0,,good
visa_f57cb41f26ff23b8,0,,good
visa_95876ae450314e91,0,,good
visa_82da9d55e7c9473b,0,,good
visa_470b4609af920216,0,,good
visa_27e1875a63063c0f,0,,good
visa_2cdad144d962eeff,0,,good
visa_49103507be22254e,0,,good
visa_eb9d5a7859e25ae7,0,,good
visa_259bbc6d590b32c4,0,,good
visa_b8b1d0cac3922ff5,0,,good
visa_1878339fc86d388a,0,,good
visa_3f702bf6dc3a4149,0,,good
visa_ec3e81d263dadbdb,0,,good
visa_f596a09f46f545f2,0,,good
visa_449c68fd9a3fd703,0,,good
visa_73b67d997eccc235,0,,good
visa_47de70edfbbd14db,0,,good
visa_dc7567f05d2a95f9,0,,good
visa_dea8d04e3878d9a7,0,,good
visa_929d9824d537c142,0,,good
visa_0ea5031e839260de,0,,good
visa_5bd552015f1fa3f3,0,,good
visa_dd1f147eca5c0ade,0,,good
visa_6148982171773b8e,0,,good
visa_26d765f60cfe16d9,0,,good
visa_ed64820ce745914f,0,,good
visa_cd4c648d264b462f,0,,good
visa_a81abf347f99b2f2,0,,good
visa_a60f11b3b836f91a,0,,good
visa_5bb41cac4e86f873,0,,good
visa_a6e2bdcab2dda600,0,,good
visa_3c6d7dfbdbb7a2ba,0,,good
visa_c887fabddca42c56,0,,good
visa_a9c9a78efc741714,0,,good
visa_d7e1d094f2decafe,0,,good
visa_93519a3d049f0b26,0,,good
visa_29e9a542f7b57505,0,,good
visa_ec41d12b5bf2c187,0,,good
visa_8fd73b7dc693a89a,0,,good
visa_7ee78f24d68d47c7,0,,good
visa_8ffc48b61c7f716c,0,,good
visa_d38ef5e4c26af70d,0,,good
visa_51d7d570418df604,0,,good
visa_cbe463f774f6775b,0,,good
visa_c481383b6c3ff4cb,0,,good
visa_34b1ee914f4d4ba2,0,,good
visa_7e24ff9a2d173ea1,0,,good
visa_7272e436270adfbf,0,,good
visa_166811a521a1b600,0,,good
visa_7fedf8ba5aa27a7d,0,,good
visa_0da8bff7c5f1c376,0,,good
visa_1018d80ec506d26b,0,,good
visa_516eb4214db9298d,0,,good
visa_ec6444a62875c099,0,,good
visa_f89bd35e22de1934,0,,good
visa_2fd5be43dfe36ad4,0,,good
visa_dc976116e0ed9b2c,0,,good
visa_5bc3f9a9cefed9da,0,,good
visa_06b65ff5b25fa005,0,,good
visa_1fba15b0cac8ff05,0,,good
visa_8725804c57ee445d,0,,good
visa_11a9fd84ec8fb694,0,,good
visa_c5b2983b9f59c573,0,,good
visa_88cb5cb08422aa46,0,,good
visa_0569e83b9cbf3805,0,,good
visa_9059443997e4c8bc,0,,good
visa_cba5dc8202e614d3,0,,good
visa_574eb5327e1429cc,0,,good
visa_3a953c2fc9e0514b,0,,good
visa_ce1e4857947f9125,0,,good
visa_6fa429a26b66aed7,0,,good
visa_baab050917574028,0,,good
visa_858011ac580349f4,0,,good
visa_22b4f12181e7294c,0,,good
visa_5053bb9ee4e4533d,0,,good
visa_ade72dd251bf448d,0,,good
visa_b938996353b052d1,0,,good
visa_6b16f74ab69ad726,0,,good
visa_996238e5cf78ae39,0,,good
visa_8a38d50c1c6cb7bf,0,,good
visa_2c69f5f09de497d3,0,,good
visa_3786535c3c0f0849,0,,good
visa_efcf0f6edeb7c4b9,0,,good
visa_9d1abbf44c3fc593,0,,good
visa_0fd874f59dbf52e7,0,,good
visa_72cd1388bbc52c7d,0,,good
visa_bd1654e9eedeb2d2,0,,good
visa_d39c8d9e768fe453,0,,good
visa_e3455aee30a11b35,0,,good
visa_680faad725aa1c4f,0,,good
visa_1398b9a9c20be240,0,,good
visa_2f865c4e09b0d2eb,0,,good
visa_4bff23070dce421b,0,,good
visa_9da7ecc00d86688e,0,,good
visa_5090bcebfed6e995,0,,good
visa_09177c0a1c0c9e8c,0,,good
visa_185fde3f91898fea,0,,good
visa_1fd35f310662314c,0,,good
visa_d3562d0b0689c4fa,0,,good
visa_b6047208bfca4d00,0,,good
visa_9f29bd7d390949eb,0,,good
visa_2f6d8e2a5a0a5b24,0,,good
visa_b428cdbde0612460,0,,good
visa_ec0828ac82cfc017,0,,good
visa_ed1aaa4f349af4f7,0,,good
visa_a6134cd87ee6344d,0,,good
visa_6e8178ada55d6c3a,0,,good
visa_098a21b802b8875c,0,,good
visa_3ed3029ffe174525,0,,good
visa_8aee69dd3222489b,0,,good
visa_23b379b45a9eed56,0,,good
visa_f421cc2270c7016d,0,,good
visa_1ba06e297a95fd83,0,,good
visa_47c6a4adf9eb648f,0,,good
visa_8eac94f49c8d272d,0,,good
visa_b7b4594b3d87768d,0,,good
visa_046b9d544d2114a1,0,,good
visa_bbbf8ab277c1c03e,0,,good
visa_661cab40324cbdd3,0,,good
visa_687f5f51128bc7bf,0,,good
visa_f711ad46c4ce21c8,0,,good
visa_e662e4bde85c90a8,0,,good
visa_fa2ecc144470ac6d,0,,good
visa_f8e17bd790721e95,0,,good
visa_63f2964f7d2109ef,0,,good
visa_c93bea6453bfcc37,0,,good
visa_6c459530496c02d1,0,,good
visa_f8ce9c41587285d7,0,,good
visa_087dcc4763167ff9,0,,good
visa_f29a1e6c5d36c67e,0,,good
visa_448859a2b00ff097,0,,good
visa_64b07874d5c5997a,0,,good
visa_cef603d8c2fdef74,0,,good
visa_b85190db7000a8cf,0,,good
visa_acfdfeb3a98baee7,0,,good
visa_45e04026a50cff9d,0,,good
visa_6e020a660f724c62,0,,good
visa_22e59de57f016a50,0,,good
visa_5605a22363b9aa2c,0,,good
visa_1715c09cec21f924,0,,good
visa_2e7358425e20ace6,0,,good
visa_685e441484bc6683,0,,good
visa_12538f6f8e5e86b8,0,,good
visa_910cdfb9fd030e21,0,,good
visa_78d308633d77aa26,0,,good
visa_4f2ec15563d821fd,0,,good
visa_78bf14b3bfb562cf,0,,good
visa_47304fb3020caeca,0,,good
visa_a09c9d4e2796699e,0,,good
visa_b86a9068ab6f070c,0,,good
visa_1ea4f10089c5cad0,0,,good
visa_f5d67fba69ed313f,0,,good
visa_daef5d330675859a,0,,good
visa_2062289f84556a73,0,,good
visa_02a214be90909e92,0,,good
visa_d140d3016807d4d8,0,,good
visa_aeb7fc68319efd92,0,,good
visa_d19dfd2e7f9b1885,0,,good
visa_6024315a17e815e5,0,,good
visa_bbb66e35677e71c2,0,,good
visa_ec15a92a1c296ccc,0,,good
visa_f4f50c5a6f2c9b46,0,,good
visa_a44d0884d030c9df,0,,good
visa_f701ee7ba443f550,0,,good
visa_cdacc7b7b7eeecdc,0,,good
visa_5c21453c1be4acc6,0,,good
visa_d5289cbdf3f23c81,0,,good
visa_308d59965aee9723,0,,good
visa_6c8e86c29a0789e4,0,,good
visa_cb6bd44ae49ccaf5,0,,good
visa_f485492c8b3c8da8,0,,good
visa_dcc5f2efa8ac397b,0,,good
visa_301d9ae3f0f3e19a,0,,good
visa_ce074955f2aac440,0,,good
visa_7581b16da9b5eb80,0,,good
visa_3f2e24a5b78bae31,0,,good
visa_7b46a3d390ffe244,0,,good
visa_0d931672fbd4e174,0,,good
visa_8b9d5535dba2d797,0,,good
visa_447c017ba9e81240,0,,good
visa_2106bf9780b36966,0,,good
visa_bd77ee0cb35364b8,0,,good
visa_cc0acdab25b87b05,0,,good
visa_50dfd838c6fc1809,0,,good
visa_e19c85be26e67cf9,0,,good
visa_a6bc6e3de3ec6a64,0,,good
visa_b9f0445f1ff6ac12,0,,good
visa_821572010987ecdf,0,,good
visa_ad35d7d6e3e31f68,0,,good
visa_afc70f134048a2bb,0,,good
visa_2ef7607dfaea1a3a,0,,good
visa_b196ea165d10e07c,0,,good
visa_71821f99f44475b1,0,,good
visa_e6c558cdb89e8978,0,,good
visa_14815a6e1f241946,0,,good
visa_cea2399095895f13,0,,good
visa_6792713d665dedc5,0,,good
visa_9de94032e0fd5e4c,0,,good
visa_70a53d825707e7d3,0,,good
visa_3170d2695d6a64a7,0,,good
visa_c93dfa3979e3808d,0,,good
visa_d94e5035ba1877e0,0,,good
visa_dd4fa1a856ac0d9e,0,,good
visa_59f50e8d4e47c3b2,0,,good
visa_39866a995f3cb3f4,0,,good
visa_14ac5af8e3c7f529,0,,good
visa_8732deaf3f33ef63,0,,good
visa_7ed563785c21b93f,0,,good
visa_6f296305f2c5fbab,0,,good
visa_4ec28dafc963262f,0,,good
visa_cec9e129266bd751,0,,good
visa_0d01cbf5a976b028,0,,good
visa_98581a4eb6c4e014,0,,good
visa_a5bb1bed2de21ae3,0,,good
visa_f1fd8433c525e835,0,,good
visa_60a696bd9c602394,0,,good
visa_a03bbccf706eb48e,0,,good
visa_90869db74270b4b4,0,,good
visa_325954422d975963,0,,good
visa_00d719e5a608109d,0,,good
visa_d2a73ba002e0054e,0,,good
visa_1d4d4699ae4152a7,0,,good
visa_da5d05185d1b85ee,0,,good
visa_9d84e591a258895c,0,,good
visa_a2f7e55d7451c278,0,,good
visa_e4e01691bc180832,0,,good
visa_4dc821e045ac5c65,0,,good
visa_3bc8a5fa32de834e,0,,good
visa_150bcbcbdb582ed2,0,,good
visa_209c50c3e331398b,0,,good
visa_897d03dfb705a4b1,0,,good
visa_ce80af9872f632ad,0,,good
visa_03f83e1fe3872871,0,,good
visa_50fdc13e783d759c,0,,good
visa_6f0d376b15261b8f,0,,good
visa_b9ec1ab1f6feb6a3,0,,good
visa_1c2e52e74b5e3891,0,,good
visa_1e509f79768510ec,0,,good
visa_4876a737b3f5e956,0,,good
visa_e855783988f34175,0,,good
visa_7d8137ef22a1eee1,0,,good
visa_041316fee7a3abbb,0,,good
visa_9d069510dcaa6ae9,0,,good
visa_64a7669807b8e03d,0,,good
visa_7841bc5aa4495058,0,,good
visa_b4a83aa39184665a,0,,good
visa_ee1bd7c74d1f1130,0,,good
visa_5377b277f28c55f6,0,,good
visa_dca48b1673b332af,0,,good
visa_1197662d734d68ed,0,,good
visa_65aba263c3094021,0,,good
visa_2f91fe197942093e,0,,good
visa_021691f4235f75b8,0,,good
visa_12f18594f462b56e,0,,good
visa_05af8baf730172be,0,,good
visa_11a4b757467d0430,0,,good
visa_01788a3efb53b054,0,,good
visa_098aafcee38f881d,0,,good
visa_42b9fa180a7a4bd1,0,,good
visa_3894eaef6343cb29,0,,good
visa_1bcc9b61dc6e9d8f,0,,good
visa_1a1c25e612b08841,0,,good
visa_7806a9978ff123f5,0,,good
visa_8029b50dfef64d89,0,,good
visa_4cb31c6f8a0beab5,0,,good
visa_2c4969aff791ccce,0,,good
visa_dc89650e3bdc782a,0,,good
visa_94d41afd73d23910,0,,good
visa_353a18a43e0b6eca,0,,good
visa_d5917c5ea70002de,0,,good
visa_d956aaa0b3a732e7,0,,good
visa_24d24be0f9629ba0,0,,good
visa_1b1954eda358aaf0,0,,good
visa_580c2b99168f269c,0,,good
visa_5c69e7d93547be1b,0,,good
visa_392d3ee62ec2dc67,0,,good
visa_7c0ec55f22c17012,0,,good
visa_c76aa12bbfa018ae,0,,good
visa_f2897c8de869818e,0,,good
visa_60f3e7b4241154d5,0,,good
visa_cf1f5a07d7280ecc,0,,good
visa_641a8d20bd8fce93,0,,good
visa_c9e686a896fe3d96,0,,good
visa_4c8e8568a14028e3,0,,good
visa_9c90204c1e85ff61,0,,good
visa_7585e004e4e22df3,0,,good
visa_8e45b5544d7ae79f,0,,good
visa_860b75ea73953e67,0,,good
visa_1c61ac17a1fd439d,0,,good
visa_230ced02199c0199,0,,good
visa_eda0d28b397d630f,0,,good
visa_5d18b742b579b9c1,0,,good
visa_2da48c7c20171144,0,,good
visa_8188f0713270a2ad,0,,good
visa_4dfbd9c5d39ec38f,0,,good
visa_3441a20c0aa25776,0,,good
visa_27c575596a777db1,0,,good
visa_e9fa4c2d9f0676eb,0,,good
visa_93fbc298919a2d19,0,,good
visa_3ec962f8f586d2ff,0,,good
visa_2d4f2bfdb0bc2168,0,,good
visa_bb20d13a8f3d1ff0,0,,good
visa_90b2a9d7db7655cd,0,,good
visa_9b19d0be42324e68,0,,good
visa_d75ed0f61ef7bafd,0,,good
visa_6acbdfa259c5a5a8,0,,good
visa_3c0b75cd70319357,0,,good
visa_e95a804e2bbb4d66,0,,good
visa_9152006fd3d50d20,0,,good
visa_8a51f39ea8cde143,0,,good
visa_4b05f5ae0be41d2a,0,,good
visa_96ed3d5d7b618b2a,0,,good
visa_59fa5754cde919ee,0,,good
visa_67d5f94e515c6363,0,,good
visa_436a1eceab0c9a9d,0,,good
visa_70b0bac8dfe9ec84,0,,good
visa_70cdead83ba07c00,0,,good
visa_17d3f21275e76765,0,,good
visa_42d84a6670d609c4,0,,good
visa_ad262301fd1c4592,0,,good
visa_eae118fce8331489,0,,good
visa_66d3d18ee743e3ba,0,,good
visa_37685976127c800c,0,,good
visa_76c434e775e82954,0,,good
visa_67d57cf77241c6cb,0,,good
visa_f4a5aac5119882c1,0,,good
visa_838691623eea79cf,0,,good
visa_cc90b15625d94517,0,,good
visa_72dfdc129e42868b,0,,good
visa_78896498deee52d4,0,,good
visa_5f3c8d73edb95de6,0,,good
visa_778cd0ea49037a2a,0,,good
visa_b8d27e8aecada211,0,,good
visa_1a59d63ae6adc8f9,0,,good
visa_c90e3f6419a218ad,0,,good
visa_411e0a665fd75ce1,0,,good
visa_6031dcd5bae35987,0,,good
visa_bc8bc68c2a4c0548,0,,good
visa_2a2d561a7002fefe,0,,good
visa_29a016bba6884de3,0,,good
visa_6708f1dcaaaa0d74,0,,good
visa_157b60878507306f,0,,good
visa_a66193dcd37ed73b,0,,good
visa_7e7c39179eb79c91,0,,good
visa_96274e9955cc6096,0,,good
visa_241d0d9c018edd88,0,,good
visa_45879642c3fc3e8d,0,,good
visa_c3b1f0b591abfd0e,0,,good
visa_6428eff2e4840647,0,,good
visa_8686a812564165ca,0,,good
visa_fee3e0e007bbc6e3,0,,good
visa_ddc9700c687b9a0d,0,,good
visa_ebe26ff856342a53,0,,good
visa_76ef40e335327879,0,,good
visa_9b2e6656230775ca,0,,good
visa_0b350801aaf5f9f9,0,,good
visa_cbccf80510e80759,0,,good
visa_894a556225ef3432,0,,good
visa_3d9b56ed65884bce,0,,good
visa_2ce74dc5a707f5bd,0,,good
visa_9148a60505be0e0e,0,,good
visa_de00efe339b120c8,0,,good
visa_7c3275aee289fdac,0,,good
visa_204549a930f7fefa,0,,good
visa_65c22d72dc9cc8b2,0,,good
visa_475cb666a95de91d,0,,good
visa_a9b24745210712fd,0,,good
visa_185028835af45dab,0,,good
visa_d8285cc440446a65,0,,good
visa_ff348a6646bcfa0d,0,,good
visa_bf0dba04de56008b,0,,good
visa_06116a1002703aa4,0,,good
visa_6bd828121cc09004,0,,good
visa_843615763ac0782d,0,,good
visa_5702df6c7a677740,0,,good
visa_6581f6d08f768feb,0,,good
visa_8c1298a48032c35c,0,,good
visa_62cfe8b41a2b6d24,0,,good
visa_94c62b0c79ed0cff,0,,good
visa_d04d84d590869dfb,0,,good
visa_95f03be1904c2114,0,,good
visa_a96fc3c334367283,0,,good
visa_d9293a55b727f22d,0,,good
visa_1b568ac248688dbb,0,,good
visa_91a4efc0a70604be,0,,good
visa_00e27d8ce0084e8c,0,,good
visa_08d03891b8f4a1f3,0,,good
visa_1c95725c3cd0ceae,0,,good
visa_d8287695e3aeec64,0,,good
visa_f531d832643988b1,0,,good
visa_9d282ad9e5134bb0,0,,good
visa_b59c833b6f13e86c,0,,good
visa_a04541980a5d5c6f,0,,good
visa_f099e83c79ac36ab,0,,good
visa_4430117dc8517351,0,,good
visa_9d815d37e6abe6a0,0,,good
visa_ede2ad403806ccf7,0,,good
visa_3fa3269c1de7ec65,0,,good
visa_3bbe06ce44f3d93d,0,,good
visa_ef7a916135745d1a,0,,good
visa_a82940683d6f752d,0,,good
visa_f6fa68170e2aaf77,0,,good
visa_76abd7b3ef0e5d8f,0,,good
visa_ca87889ed237e005,0,,good
visa_6ec0a81044ab3e39,0,,good
visa_c66fef0f2f95a077,0,,good
visa_77568587333bb36a,0,,good
visa_cba0f5575f5e44cf,0,,good
visa_b029c0b71b9d5e21,0,,good
visa_41b1a33e7bfe9210,0,,good
visa_9bb18f7ca2b5da04,0,,good
visa_0a3571a411a2d5c3,0,,good
visa_d587005246fe9aab,0,,good
visa_5b4cf26836abdd73,0,,good
visa_37002c2930c3a1ed,0,,good
visa_3c890ad964f42c59,0,,good
visa_4508acbc105db087,0,,good
visa_a2ba7ea4887d596b,0,,good
visa_fd490877f9e1b855,0,,good
visa_fdb3f87375e37db2,0,,good
visa_ecccc30f7c79a676,0,,good
visa_c2084f6d1f210694,0,,good
visa_35f08f40c6e6dcd2,0,,good
visa_f3441437f5b94bfa,0,,good
visa_e8750169a2ab9090,0,,good
visa_1e806737ce516ccb,0,,good
visa_74306d44b2f3e833,0,,good
visa_87239fb8fbde72c0,0,,good
visa_e314a135900de597,0,,good
visa_aec65f18f3cf7343,0,,good
visa_7aa5771a9f8bd495,0,,good
visa_24454bc277d1188c,0,,good
visa_9faa400623fbdd92,0,,good
visa_0c53983fcc13c85e,0,,good
visa_e609d6d74a82bd72,0,,good
visa_11b2a15edc54243d,0,,good
visa_3a6c6b71315f7303,0,,good
visa_02bddba5ba79bc84,0,,good
visa_857c53a2dbb6cd4e,0,,good
visa_8524bd7fd970fcc6,0,,good
visa_4a151114a94bfbd7,0,,good
visa_14dc8b2093953172,0,,good
visa_2e5dc4da3782d95d,0,,good
visa_d204d39664235ab9,0,,good
visa_a6420fb2a565a0ff,0,,good
visa_bd1e68bedb02029a,0,,good
visa_33f7b47ce46645fb,0,,good
visa_5ac02647a66bd564,0,,good
visa_2a39a8f2fbfdc5bd,0,,good
visa_0d653d21d1653b22,0,,good
visa_3909591111f89f35,0,,good
visa_3b1da32552bb0db1,0,,good
visa_f066d3b33b5c688f,0,,good
visa_443e92d6a9d07cf9,0,,good
visa_5c4be052679bb066,0,,good
visa_dfec281d42754fef,0,,good
visa_909ef417819d2dfe,0,,good
visa_00056250f1983555,0,,good
visa_4790f5681a663cca,0,,good
visa_20db674300ef0a6a,0,,good
visa_f425b164e7d86491,0,,good
visa_1667038339661c0f,0,,good
visa_f8b6fbd682d464e6,0,,good
visa_890a4a2a5f8d1620,0,,good
visa_23eb1b27aa9abc65,0,,good
visa_7731d3fd6bd4fcdd,0,,good
visa_fa5a982783ca8660,0,,good
visa_29f348d7d992329e,0,,good
visa_3c331552b5685a74,0,,good
visa_c2924667045febb2,0,,good
visa_be0c5e9a29444272,0,,good
visa_60bec5d43cd90b69,0,,good
visa_d1de2ea60fe40c20,0,,good
visa_14437c0eb4b5db2a,0,,good
visa_55f57e6061f74a03,0,,good
visa_3c9f5a989eeca0bd,0,,good
visa_5ef79a07b7795d27,0,,good
visa_762d060d90337a72,0,,good
visa_afcf679d55615335,0,,good
visa_88ca90c757ebb96a,0,,good
visa_85723583a95a47a9,0,,good
visa_5916f6fa5a7cccfc,0,,good
visa_3db8a904e3dc673c,0,,good
visa_327e9cbd490e1ada,0,,good
visa_63f7f8ae462dbd71,0,,good
visa_739119a5b410e41a,0,,good
visa_cd2e7561c75703f0,0,,good
visa_ac0c665144e65a6c,0,,good
visa_de83ebc902068c4a,0,,good
visa_4db610444ae414d4,0,,good
visa_ea6cc1e188a5fe72,0,,good
visa_965560b21da65e08,0,,good
visa_a4e3eb60dc1da265,0,,good
visa_ee917c560b265930,0,,good
visa_3e3472b22773e17b,0,,good
visa_fcac22e2decb547a,0,,good
visa_1086b89b67645b3a,0,,good
visa_443baa6c76c5df30,0,,good
visa_ee1e4ddc4cfa28bd,0,,good
visa_291fedd2b1411694,0,,good
visa_66eb165153c95fe5,0,,good
visa_33ff9e83cd6d1674,0,,good
visa_6ae4f0cf00b8b34a,0,,good
visa_a7339a3dbe36c581,0,,good
visa_90cf1a591fa94d13,0,,good
visa_b001d240a3b21290,0,,good
visa_9b7685a15731a1a0,0,,good
visa_58de7c3fbfd95743,0,,good
visa_20826cd2d9387043,0,,good
visa_67b4e35303892267,0,,good
visa_874c13bf6dfa752e,0,,good
visa_fe681653c3142074,0,,good
visa_c26fdbd583cac98d,0,,good
visa_47f5563f6cd04c49,0,,good
visa_6f5338f13d95c5fb,0,,good
visa_8df606a2a86d7860,0,,good
visa_a9774c7b6ecd7036,0,,good
visa_55a40b0293480c0b,0,,good
visa_afe89d94dcb2bfbb,0,,good
visa_315980e70f2081c3,0,,good
visa_f5b90887bf6db289,0,,good
visa_aadb0492ff9f8d52,0,,good
visa_0d4bab0aa2fe6755,0,,good
visa_d63771bc55472f44,0,,good
visa_43f46e4af8025ac6,0,,good
visa_bce2ce5b42523472,0,,good
visa_bb90660bfead9055,0,,good
visa_60d1437a962e43ac,0,,good
visa_4b033da73a679bbb,0,,good
visa_dd9ea4e67aaba505,0,,good
visa_91076f9e6f61c27f,0,,good
visa_6b0ec94126712da6,0,,good
visa_e21d1b6005c4b5bb,0,,good
visa_f0d14cdc53a90a42,0,,good
visa_327d1d84608b9aa7,0,,good
visa_17e1a9c150d1ef98,0,,good
visa_d90332ea469f8fc5,0,,good
visa_28b16370ef0d0167,0,,good
visa_f5e6ad735858005e,0,,good
visa_2a50b1b3ffd5ee93,0,,good
visa_4e0d23d3960272f8,0,,good
visa_cb3359eecfdfded5,0,,good
visa_e2a20a12397fd1f5,0,,good
visa_6cca0887e92bcee7,0,,good
visa_f21d24109acbf23c,0,,good
visa_785158215483cf8f,0,,good
visa_3c2a157cc13d06f1,0,,good
visa_1496cc6675dd7791,0,,good
visa_38b673fc0de18afa,0,,good
visa_d5446060457c84ff,0,,good
visa_58144a08f4a4c0e7,0,,good
visa_0464ca4cf007440b,0,,good
visa_9eb3c850351bf2df,0,,good
visa_c6f26467a5f7b6c1,0,,good
visa_da82a1c4fea152a0,0,,good
visa_2e6d164abd2af510,0,,good
visa_c77d6a152bf0dc11,0,,good
visa_81a7f23dc926a630,0,,good
visa_fbe17acabf8c9c8b,0,,good
visa_18e26af2e740ad0f,0,,good
visa_b26a8a970a3d795f,0,,good
visa_0a0deef30ca366b7,0,,good
visa_c723d7198fee3b12,0,,good
visa_2c6598f79bd81e36,0,,good
visa_94007b501bcda3a3,0,,good
visa_7496b6d5b2597626,0,,good
visa_324f397a1077a099,0,,good
visa_8763023371edcc37,0,,good
visa_9d704684e04ccdd7,0,,good
visa_17d1cc8d96a3644f,0,,good
visa_c50d1f5037b62b5e,0,,good
visa_77034784f9192148,0,,good
visa_e08700837c2a1668,0,,good
visa_f9d4d63ac1061911,0,,good
visa_e8096736434f0f7d,0,,good
visa_7d6abf9f273f54a5,0,,good
visa_474a579c94222854,0,,good
visa_6086537c1fb075a7,0,,good
visa_a9242323d943438b,0,,good
visa_5098d09e9efa4048,0,,good
visa_110b927c87f28131,0,,good
visa_c6e1b5f520bfc4db,0,,good
visa_9710c72b920751fc,0,,good
visa_82dc0722bb241a74,0,,good
visa_0aa4cfed3a94a6f5,0,,good
visa_a61e16d65dcb30de,0,,good
visa_42ef1e4be26163c9,0,,good
visa_0ec8d569b7b41189,0,,good
visa_889b5bc2670fadc2,0,,good
visa_c23e1fb2bcb0b35a,0,,good
visa_2abee3ff2c47fd33,0,,good
visa_e1f89c71b866b83b,0,,good
visa_96b1eada75f9180a,0,,good
visa_4d5c900ec0003cf6,0,,good
visa_2b92f1df61a3e2e7,0,,good
visa_725869e1aca681a5,0,,good
visa_5dc2372cd3d28c49,0,,good
visa_881497ba539dd870,0,,good
visa_ef584ffb39813ff5,0,,good
visa_a2519e6ba71d8860,0,,good
visa_842a788c30a8be52,0,,good
visa_7d7069476929099b,0,,good
visa_7d955e46f4886c3d,0,,good
visa_b129166d99edea3f,0,,good
visa_9fb89751317deb2f,0,,good
visa_7e64d41160886419,0,,good
visa_d09d7f1d9e207327,0,,good
visa_361f14938bb98cb4,0,,good
visa_5f73617a3b269be0,0,,good
visa_a9e82f0ac6172bb8,0,,good
visa_61b631d7ecd18730,0,,good
visa_a52176617d97a29c,0,,good
visa_d9c112f4bd7b09ab,0,,good
visa_8e15d9907073d6bf,0,,good
visa_7f65205f22332025,0,,good
visa_10fd4f981f443f1e,0,,good
visa_a648141cf4d1b565,0,,good
visa_716a7dc4782d594e,0,,good
visa_ed20ff7b91cb4644,0,,good
visa_8668e927f69faf11,0,,good
visa_a6fc61e13db4679a,0,,good
visa_23d21db805c6a8a7,0,,good
visa_10d4cc54dc352d5a,0,,good
visa_bd80f629be89316c,0,,good
visa_6a1621164c1ade77,0,,good
visa_a43585a9a95d043e,0,,good
visa_a26126af1d242a30,0,,good
visa_e59b469cc7daab82,0,,good
visa_a3258a93dc681395,0,,good
visa_0252e7dde2494ce0,0,,good
visa_aa455713ca1a4f37,0,,good
visa_61e6a6bb5ed213a9,0,,good
visa_c7f45055757b7475,0,,good
visa_4b3016c015302946,0,,good
visa_4f6465ff20b31f56,0,,good
visa_72c4d8d12478d440,0,,good
visa_38afec97548002aa,0,,good
visa_5efd6f91be6bb29e,0,,good
visa_3d8f6187b31cd2f7,0,,good
visa_f9de05912ec04455,0,,good
visa_4067359cfb21fa0e,0,,good
visa_63f1c63a7b765f46,0,,good
visa_807caf31f7eabca9,0,,good
visa_611a29e3ec62ae92,0,,good
visa_5296a6ac023210ac,0,,good
visa_872313de59b09885,0,,good
visa_81ae918ce2ce00d0,0,,good
visa_65035f4e0d8f4e75,0,,good
visa_1463d95a1048b24c,0,,good
visa_4a10434bc564b2dd,0,,good
visa_02e137b0165190b2,0,,good
visa_b956f0b064feed47,0,,good
visa_c4a46c9d2bdfec13,0,,good
visa_9126548849330870,0,,good
visa_6c8b7343a15e183c,0,,good
visa_a8a9ad23cf56084b,0,,good
visa_d7817fb8d41254d7,0,,good
visa_23a306d4a83bc1b8,0,,good
visa_f3172d651040bc8a,0,,good
visa_937eeffe37f3c836,0,,good
visa_a8868ecbe81c4a9f,0,,good
visa_e059e64829049d91,0,,good
visa_45f37a32c8d65612,0,,good
visa_52204146c6bd0409,0,,good
visa_38782727f19f85dc,0,,good
visa_5b9e5ce8fabd7003,0,,good
visa_ae7a3ab8dc73d7c2,0,,good
visa_79075e63005d4ca9,0,,good
visa_4e090fa3b4f1a0c5,0,,good
visa_a9dbf77c830458c4,0,,good
visa_28afb8141e04ba8a,0,,good
visa_12a21e39289e0eb4,0,,good
visa_03875a5330ae3f50,0,,good
visa_fa54df9ab190e8e8,0,,good
visa_4c7a32e20e61c601,0,,good
visa_bf5be6ede3db6aee,0,,good
visa_26eea67516d1ef00,0,,good
visa_2a0ad4d1fc096550,0,,good
visa_4b58126725f872db,0,,good
visa_a722fedf09c48a2b,0,,good
visa_e4f6a5737cc78884,0,,good
visa_80c5c931b755a57d,0,,good
visa_0fde490f04978a67,0,,good
visa_8facbde321bcd876,0,,good
visa_4f51473fc02d9662,0,,good
visa_1be7cd2b5fa9025a,0,,good
visa_ea5dbcd26265daf4,0,,good
visa_5f1b7000fc860e79,0,,good
visa_17d75f1b8fbbac65,0,,good
visa_178ab7a65085d3f0,0,,good
visa_805519f47ef4e1c3,0,,good
visa_c7fb3d07de5cb852,0,,good
visa_7bc1c81397272cf7,0,,good
visa_c44fd0499d8120e7,0,,good
visa_9f53336b45ef160f,0,,good
visa_25d6393ff565a417,0,,good
visa_e04e2b285e550935,0,,good
visa_0a5ce7b9cac87b24,0,,good
visa_6de63eda4e58307a,0,,good
visa_38211e21d29002e1,0,,good
visa_2662bd98f5fa28fd,0,,good
visa_be182b2ecc6c0c88,0,,good
visa_ac88afc5bff050ef,0,,good
visa_e30ccd3244b8ce7b,0,,good
visa_1824f5db0fbe7df0,0,,good
visa_d8108caf09f6b797,0,,good
visa_ad3e5ba3c7bb480d,0,,good
visa_81df0e710bb2e81b,0,,good
visa_a58ca9e247c31c00,0,,good
visa_b8600ec17d0701c0,0,,good
visa_5957d43cbeba812c,0,,good
visa_aaaf14c8db548395,0,,good
visa_7e114022b68a5085,0,,good
visa_d99dd9d3927eba0f,0,,good
visa_b58a9fa338023bd9,0,,good
visa_3376c29db13d75a0,0,,good
visa_ee18a48d1de57df6,0,,good
visa_a996cd40f7ab2f6e,0,,good
visa_25a7843b5e6e416f,0,,good
visa_07a3c6e8912cd398,0,,good
visa_c20d43d68e80314d,0,,good
visa_f03c9be241337a63,0,,good
visa_ca24312f79c8c7f6,0,,good
visa_21db195a6af792f0,0,,good
visa_4be003e20de0b95d,0,,good
visa_6e590e9631317e19,0,,good
visa_1e1ec615303d9809,0,,good
visa_327b768765f46b42,0,,good
visa_c2dcb84ac8ad98d1,0,,good
visa_cd52e551152d561f,0,,good
visa_fecb7cbca3a454a5,0,,good
visa_6fe3d1ddda7f7824,0,,good
visa_7ad99d5d9274acf6,0,,good
visa_78296239b685ca50,0,,good
visa_82c71376570108b1,0,,good
visa_6d2c66833a938275,0,,good
visa_835d15ae9b09f5ae,0,,good
visa_dab2109b643f0cd5,0,,good
visa_55a6b38a780829d1,0,,good
visa_e0167cd49b710875,0,,good
visa_f047492666645ffb,0,,good
visa_91340ec8acb57de9,0,,good
visa_e15962d849b2f5d4,0,,good
visa_05ab562be4b52f04,0,,good
visa_554617fdc113d3cb,0,,good
visa_92aff09315761feb,0,,good
visa_fd79881affe349fc,0,,good
visa_5ab47c30b645ef5b,0,,good
visa_059150b4bccd294b,0,,good
visa_07fcd87ceb5e4bb3,0,,good
visa_b72f2aebb264914b,0,,good
visa_1b17d3bace183a43,0,,good
visa_d97456af5522829d,0,,good
visa_355c4af0eee2a01d,0,,good
visa_ed7afc670e572491,0,,good
visa_c0109b7e81551181,0,,good
visa_d64d935760807983,0,,good
visa_9a52ca04f0eaaa2a,0,,good
visa_9be4e20a7c68d4d6,0,,good
visa_c1deecb2554c3d6c,0,,good
visa_35b63148cd8876d2,0,,good
visa_5c2a90a2ec6c4680,0,,good
visa_0d5929afe76af45a,0,,good
visa_d912da893f568eb2,0,,good
visa_9a7b09028fdf05a6,0,,good
visa_602adb936261e938,0,,good
visa_fdf7e447742cccb2,0,,good
visa_a3ee622b43bee21e,0,,good
visa_f8eae474849c5776,0,,good
visa_686b6abaab19e564,0,,good
visa_90176344375c932f,0,,good
visa_8d00dcd8769b6ab2,0,,good
visa_df5c41a816af0fb4,0,,good
visa_3e586bebf5a23229,0,,good
visa_6687077c5ff81a61,0,,good
visa_6d0f25a89903ebf2,0,,good
visa_e13df2f4d80a137e,0,,good
visa_d13db300c08fe006,0,,good
visa_bbb305dde1ce23c1,0,,good
visa_ecae0957134cbe5b,0,,good
visa_8d2a6af397ef153c,0,,good
visa_003bf433667b4980,0,,good
visa_2cb0edd357e64ce0,0,,good
visa_8ca22c4fb6221e29,0,,good
visa_b634673f2ee81fb8,0,,good
visa_2216b5bd9fd631f5,0,,good
visa_6209f3fa4fcf8332,0,,good
visa_6322c17b8d027e38,0,,good
visa_0e7bbb0723fbbb63,0,,good
visa_fe79305bdd39a4ce,0,,good
visa_c5eca9f6619fc637,0,,good
visa_c1a551d9a859990c,0,,good
visa_31212d4705aa1c19,0,,good
visa_ac9fe697648200c3,0,,good
visa_5ddd2e024eb1780b,0,,good
visa_fced2f6e93d2a667,0,,good
visa_662551b24d5ff444,0,,good
visa_40d7bfc86199f0d5,0,,good
visa_851341c32bea191d,0,,good
visa_8b209871a1f62489,0,,good
visa_44dead498b8587a6,0,,good
visa_9ada9a95d1bd3d67,0,,good
visa_d3aa7d71c150087a,0,,good
visa_428a42c33b0e8132,0,,good
visa_a510116c3590085f,0,,good
visa_7d83b45c2d9208f0,0,,good
visa_27c75394ef79cbba,0,,good
visa_bc7206c5d9a5050c,0,,good
visa_de800d9f663b0d31,0,,good
visa_829bae36609a3914,0,,good
visa_49b08fb347c2b2ba,0,,good
visa_abc34beb9856e9f4,0,,good
visa_7093682a61932906,0,,good
visa_e331f789b60f009b,0,,good
visa_7e0c8fe8b580a814,0,,good
visa_8b57da95d9e7a921,0,,good
visa_768c793d2e19c46f,0,,good
visa_45da85f3154c10ae,0,,good
visa_77cdaf2e8cf72e6b,0,,good
visa_e27863a353e75aa5,0,,good
visa_6dd37dcc0f8b8644,0,,good
visa_77e1de815addd0e7,0,,good
visa_ce4fbb76bf91a62b,0,,good
visa_44f4db189f3e5b02,0,,good
visa_9cb8289a93436443,0,,good
visa_4b1c49706bfa2844,0,,good
visa_b2c0217df884dca4,0,,good
visa_1f3ff28dc3786ee8,0,,good
visa_78243c06b33ed1c6,0,,good
visa_6541cfb5adc349b3,0,,good
visa_858ff2c632b3b0d3,0,,good
visa_7aecbf09446bee17,0,,good
visa_c58514b7606c3f33,0,,good
visa_3020adeb366ad0bc,0,,good
visa_0be23203144aad89,0,,good
visa_60b7f464de25c9f4,0,,good
visa_11158fa79901f6e4,0,,good
visa_67c2991d46ab67fb,0,,good
visa_81f18dea8747d0cb,0,,good
visa_b7b420a6387f175d,0,,good
visa_1b8ef0ceb60bb5aa,0,,good
visa_483a833f11a7f969,0,,good
visa_44c10da1909f26fd,0,,good
visa_d20d51bb98599ef7,0,,good
visa_e5717dc260ccd168,0,,good
visa_974a7449602b7735,0,,good
visa_153e0df61876e7f0,0,,good
visa_81bc4ff087754db3,0,,good
visa_863797dbe6100021,0,,good
visa_6bae35f90b522154,0,,good
visa_6779fc933a69a189,0,,good
visa_0affe39d64023aba,0,,good
visa_5d914059297494f2,0,,good
visa_cc1022400ac36691,0,,good
visa_b39720446188ad94,0,,good
visa_2cc0e32d6e42769e,0,,good
visa_7289acb4b47604c5,0,,good
visa_01671413cabe71d1,0,,good
visa_da7cbe088cf96f68,0,,good
visa_a604dbdd57ea1940,0,,good
visa_3fb5c116bc8d916c,0,,good
visa_6f550c4b4c0816dc,0,,good
visa_9af33d631a251eb3,0,,good
visa_866c54037ce5e42c,0,,good
visa_4012c0e51e4ce051,0,,good
visa_38247b109e330cdd,0,,good
visa_5ed81877496b9302,0,,good
visa_5908134e96df2711,0,,good
visa_366e863fa6300705,0,,good
visa_1079733b1e9830e9,0,,good
visa_a3dc3126f1f3ee22,0,,good
visa_df6a195836f1c41f,0,,good
visa_ae136901af59a253,0,,good
visa_af1f1eef14a16aba,0,,good
visa_bfb815cd62c953ee,0,,good
visa_861bd7ce74caadbb,0,,good
visa_fd52d42ff1fcac71,0,,good
visa_0c6da7e04ba7989b,0,,good
visa_d647cea4205dcb1f,0,,good
visa_3cb1da954fb48f65,0,,good
visa_e7685c46cd6af87a,0,,good
visa_492612234f085540,0,,good
visa_b8713b7bcf8ebe01,0,,good
visa_063e7af238aa9ac5,0,,good
visa_b085b42d0e8930e8,0,,good
visa_7dac24966c7fb099,0,,good
visa_43d38668f53570cb,0,,good
visa_71117f855a627509,0,,good
visa_d39899bd5f6779a7,0,,good
visa_8ebacc0f9eb011f5,0,,good
visa_84b9395cb54a7674,0,,good
visa_2560dc8e0f470312,0,,good
visa_991bc1dd59f5db13,0,,good
visa_cdb994d516b2e501,0,,good
visa_adcbf4441dacaf61,0,,good
visa_f87e281ff278a8e7,0,,good
visa_798863e0b054cd93,0,,good
visa_34719b57c5118520,0,,good
visa_a771a1eb8392811a,0,,good
visa_cb5a50c6a30a1bf9,0,,good
visa_55d443c4af4e272b,0,,good
visa_6c77e60bf2f3bafd,0,,good
visa_6525ce475b6bccb1,0,,good
visa_017dfb8df813209e,0,,good
visa_4484c172ad9bdd34,0,,good
visa_4c68ee2056edd058,0,,good
visa_9319a601cfbc6651,0,,good
visa_f9f04bb29ce649bc,0,,good
visa_de0b536ac38030ba,0,,good
visa_4e0eafb2e9beda87,0,,good
visa_fd961281bec1dff4,0,,good
visa_8ba1a1c54dcabb7f,0,,good
visa_7b7e6eaa92f499d9,0,,good
visa_a6cff376f92df54e,0,,good
visa_cf49eb928a8ad441,0,,good
visa_2378af85740ad4ec,0,,good
visa_3a1009ebb0f36dc1,0,,good
visa_f171124c3bc7a582,0,,good
visa_a1c1f4c72e6d0599,0,,good
visa_0d024f6091745dd3,0,,good
visa_427f50bd38540865,0,,good
visa_f2a414b493312d10,0,,good
visa_2d9169605dab2e12,0,,good
visa_ae4bda204f111ce7,0,,good
visa_fe74cb450f179c38,0,,good
visa_4b6a53c04ec70663,0,,good
visa_fcfa434b72ee00d8,0,,good
visa_01abce1454bd570f,0,,good
visa_9dfd7d89ae91210f,0,,good
visa_b6577f594bcf31ad,0,,good
visa_323f98fce0588f61,0,,good
visa_aa022d4fffe9d2c3,1,/data/gauss/ldh/myDatasets/VisA/pcb1/Data/Masks/Anomaly/000.png,Anomaly
visa_6d447b4c25d9be1b,1,/data/gauss/ldh/myDatasets/VisA/pcb1/Data/Masks/Anomaly/001.png,Anomaly
visa_6ff850f5c6d23e37,1,/data/gauss/ldh/myDatasets/VisA/pcb1/Data/Masks/Anomaly/002.png,Anomaly
visa_7d986805a0374e99,1,/data/gauss/ldh/myDatasets/VisA/pcb1/Data/Masks/Anomaly/003.png,Anomaly
visa_d0fe491fddeda60c,1,/data/gauss/ldh/myDatasets/VisA/pcb1/Data/Masks/Anomaly/004.png,Anomaly
visa_73fcb687767393c9,1,/data/gauss/ldh/myDatasets/VisA/pcb1/Data/Masks/Anomaly/005.png,Anomaly
visa_3e3cdbb2a96e6525,1,/data/gauss/ldh/myDatasets/VisA/pcb1/Data/Masks/Anomaly/006.png,Anomaly
visa_28d0a417ea0fb1df,1,/data/gauss/ldh/myDatasets/VisA/pcb1/Data/Masks/Anomaly/007.png,Anomaly
visa_9630947722beaed2,1,/data/gauss/ldh/myDatasets/VisA/pcb1/Data/Masks/Anomaly/008.png,Anomaly
visa_02471c4bf7b12b48,1,/data/gauss/ldh/myDatasets/VisA/pcb1/Data/Masks/Anomaly/009.png,Anomaly
visa_8fc85822960ae6d0,1,/data/gauss/ldh/myDatasets/VisA/pcb1/Data/Masks/Anomaly/010.png,Anomaly
visa_580c6c863811f8a3,1,/data/gauss/ldh/myDatasets/VisA/pcb1/Data/Masks/Anomaly/011.png,Anomaly
visa_352b3b6ab0777268,1,/data/gauss/ldh/myDatasets/VisA/pcb1/Data/Masks/Anomaly/012.png,Anomaly
visa_442b695d03982eb9,1,/data/gauss/ldh/myDatasets/VisA/pcb1/Data/Masks/Anomaly/013.png,Anomaly
visa_ea949dc4f963678a,1,/data/gauss/ldh/myDatasets/VisA/pcb1/Data/Masks/Anomaly/014.png,Anomaly
visa_f6dca08adfc57146,1,/data/gauss/ldh/myDatasets/VisA/pcb1/Data/Masks/Anomaly/015.png,Anomaly
visa_aa8845a327ec4e41,1,/data/gauss/ldh/myDatasets/VisA/pcb1/Data/Masks/Anomaly/016.png,Anomaly
visa_14260a936ff6dbbb,1,/data/gauss/ldh/myDatasets/VisA/pcb1/Data/Masks/Anomaly/017.png,Anomaly
visa_eb101ca0fe67eace,1,/data/gauss/ldh/myDatasets/VisA/pcb1/Data/Masks/Anomaly/018.png,Anomaly
visa_686296db97f168ba,1,/data/gauss/ldh/myDatasets/VisA/pcb1/Data/Masks/Anomaly/019.png,Anomaly
visa_1681f97b8aea5e89,1,/data/gauss/ldh/myDatasets/VisA/pcb1/Data/Masks/Anomaly/020.png,Anomaly
visa_ff124375a47602fd,1,/data/gauss/ldh/myDatasets/VisA/pcb1/Data/Masks/Anomaly/021.png,Anomaly
visa_da1ceb09ecbf9973,1,/data/gauss/ldh/myDatasets/VisA/pcb1/Data/Masks/Anomaly/022.png,Anomaly
visa_027f95e0f5553048,1,/data/gauss/ldh/myDatasets/VisA/pcb1/Data/Masks/Anomaly/023.png,Anomaly
visa_57659b1965af1cd4,1,/data/gauss/ldh/myDatasets/VisA/pcb1/Data/Masks/Anomaly/024.png,Anomaly
visa_e23c9fe721411865,1,/data/gauss/ldh/myDatasets/VisA/pcb1/Data/Masks/Anomaly/025.png,Anomaly
visa_2934aa9791896813,1,/data/gauss/ldh/myDatasets/VisA/pcb1/Data/Masks/Anomaly/026.png,Anomaly
visa_f6c10d819b0caa15,1,/data/gauss/ldh/myDatasets/VisA/pcb1/Data/Masks/Anomaly/027.png,Anomaly
visa_bf358a75c602b065,1,/data/gauss/ldh/myDatasets/VisA/pcb1/Data/Masks/Anomaly/028.png,Anomaly
visa_b04f1f6b8cbd590e,1,/data/gauss/ldh/myDatasets/VisA/pcb1/Data/Masks/Anomaly/029.png,Anomaly
visa_ee1fd60a67b32649,1,/data/gauss/ldh/myDatasets/VisA/pcb1/Data/Masks/Anomaly/030.png,Anomaly
visa_e7c2063393303514,1,/data/gauss/ldh/myDatasets/VisA/pcb1/Data/Masks/Anomaly/031.png,Anomaly
visa_74c644016babb3c8,1,/data/gauss/ldh/myDatasets/VisA/pcb1/Data/Masks/Anomaly/032.png,Anomaly
visa_87fd0be6275fd8ab,1,/data/gauss/ldh/myDatasets/VisA/pcb1/Data/Masks/Anomaly/033.png,Anomaly
visa_5571138c8ede2b9e,1,/data/gauss/ldh/myDatasets/VisA/pcb1/Data/Masks/Anomaly/034.png,Anomaly
visa_978e28e0ee532928,1,/data/gauss/ldh/myDatasets/VisA/pcb1/Data/Masks/Anomaly/035.png,Anomaly
visa_6864460384227ad6,1,/data/gauss/ldh/myDatasets/VisA/pcb1/Data/Masks/Anomaly/036.png,Anomaly
visa_c6f9d05516c25866,1,/data/gauss/ldh/myDatasets/VisA/pcb1/Data/Masks/Anomaly/037.png,Anomaly
visa_cc35be8b6f61673d,1,/data/gauss/ldh/myDatasets/VisA/pcb1/Data/Masks/Anomaly/038.png,Anomaly
visa_dc8947076d1c7f5e,1,/data/gauss/ldh/myDatasets/VisA/pcb1/Data/Masks/Anomaly/039.png,Anomaly
visa_3db51750ba4e1adc,1,/data/gauss/ldh/myDatasets/VisA/pcb1/Data/Masks/Anomaly/040.png,Anomaly
visa_db62ec3533591f16,1,/data/gauss/ldh/myDatasets/VisA/pcb1/Data/Masks/Anomaly/041.png,Anomaly
visa_b8265b12100a1ed2,1,/data/gauss/ldh/myDatasets/VisA/pcb1/Data/Masks/Anomaly/042.png,Anomaly
visa_84c7dfae5812eaa7,1,/data/gauss/ldh/myDatasets/VisA/pcb1/Data/Masks/Anomaly/043.png,Anomaly
visa_5e592f2b74f544f5,1,/data/gauss/ldh/myDatasets/VisA/pcb1/Data/Masks/Anomaly/044.png,Anomaly
visa_bb48c7869235eaaa,1,/data/gauss/ldh/myDatasets/VisA/pcb1/Data/Masks/Anomaly/045.png,Anomaly
visa_9537316e2f23e06a,1,/data/gauss/ldh/myDatasets/VisA/pcb1/Data/Masks/Anomaly/046.png,Anomaly
visa_16f7d08d8019c07d,1,/data/gauss/ldh/myDatasets/VisA/pcb1/Data/Masks/Anomaly/047.png,Anomaly
visa_62e9af7a215839f9,1,/data/gauss/ldh/myDatasets/VisA/pcb1/Data/Masks/Anomaly/048.png,Anomaly
visa_79402cec8a32322b,1,/data/gauss/ldh/myDatasets/VisA/pcb1/Data/Masks/Anomaly/049.png,Anomaly
visa_7541263fc2544678,1,/data/gauss/ldh/myDatasets/VisA/pcb1/Data/Masks/Anomaly/050.png,Anomaly
visa_b91a54090f449897,1,/data/gauss/ldh/myDatasets/VisA/pcb1/Data/Masks/Anomaly/051.png,Anomaly
visa_6850de447686dd20,1,/data/gauss/ldh/myDatasets/VisA/pcb1/Data/Masks/Anomaly/052.png,Anomaly
visa_37c0d402870458b9,1,/data/gauss/ldh/myDatasets/VisA/pcb1/Data/Masks/Anomaly/053.png,Anomaly
visa_2f8c15585a1072c0,1,/data/gauss/ldh/myDatasets/VisA/pcb1/Data/Masks/Anomaly/054.png,Anomaly
visa_cac10301165639ae,1,/data/gauss/ldh/myDatasets/VisA/pcb1/Data/Masks/Anomaly/055.png,Anomaly
visa_4279f7dff6911c29,1,/data/gauss/ldh/myDatasets/VisA/pcb1/Data/Masks/Anomaly/056.png,Anomaly
visa_d09e908edb1b7ad7,1,/data/gauss/ldh/myDatasets/VisA/pcb1/Data/Masks/Anomaly/057.png,Anomaly
visa_eef9f6a4e6ae048a,1,/data/gauss/ldh/myDatasets/VisA/pcb1/Data/Masks/Anomaly/058.png,Anomaly
visa_d809be1e82b27c20,1,/data/gauss/ldh/myDatasets/VisA/pcb1/Data/Masks/Anomaly/059.png,Anomaly
visa_066374b83b1f73e2,1,/data/gauss/ldh/myDatasets/VisA/pcb1/Data/Masks/Anomaly/060.png,Anomaly
visa_1e37dad24f8d1905,1,/data/gauss/ldh/myDatasets/VisA/pcb1/Data/Masks/Anomaly/061.png,Anomaly
visa_cbc2b6f3f70cf6a0,1,/data/gauss/ldh/myDatasets/VisA/pcb1/Data/Masks/Anomaly/062.png,Anomaly
visa_8bb6b075e880ad08,1,/data/gauss/ldh/myDatasets/VisA/pcb1/Data/Masks/Anomaly/063.png,Anomaly
visa_623b793e7b05c53b,1,/data/gauss/ldh/myDatasets/VisA/pcb1/Data/Masks/Anomaly/064.png,Anomaly
visa_9d6c6f817dfabf2d,1,/data/gauss/ldh/myDatasets/VisA/pcb1/Data/Masks/Anomaly/065.png,Anomaly
visa_f526fd47061fb77c,1,/data/gauss/ldh/myDatasets/VisA/pcb1/Data/Masks/Anomaly/066.png,Anomaly
visa_4f9c7bad8d5acfdb,1,/data/gauss/ldh/myDatasets/VisA/pcb1/Data/Masks/Anomaly/067.png,Anomaly
visa_ee2c1b7e01b69560,1,/data/gauss/ldh/myDatasets/VisA/pcb1/Data/Masks/Anomaly/068.png,Anomaly
visa_29b1cf8cf4cb0e89,1,/data/gauss/ldh/myDatasets/VisA/pcb1/Data/Masks/Anomaly/069.png,Anomaly
visa_6db9dcf64ecc1341,1,/data/gauss/ldh/myDatasets/VisA/pcb1/Data/Masks/Anomaly/070.png,Anomaly
visa_c7617bb44c715914,1,/data/gauss/ldh/myDatasets/VisA/pcb1/Data/Masks/Anomaly/071.png,Anomaly
visa_1095ab6af0724f72,1,/data/gauss/ldh/myDatasets/VisA/pcb1/Data/Masks/Anomaly/072.png,Anomaly
visa_ac47723628f3c75c,1,/data/gauss/ldh/myDatasets/VisA/pcb1/Data/Masks/Anomaly/073.png,Anomaly
visa_2f38ac15e18ecac4,1,/data/gauss/ldh/myDatasets/VisA/pcb1/Data/Masks/Anomaly/074.png,Anomaly
visa_a9dc8ab94dda11fa,1,/data/gauss/ldh/myDatasets/VisA/pcb1/Data/Masks/Anomaly/075.png,Anomaly
visa_74637bae74e68be8,1,/data/gauss/ldh/myDatasets/VisA/pcb1/Data/Masks/Anomaly/076.png,Anomaly
visa_c3d7093d0590b0b9,1,/data/gauss/ldh/myDatasets/VisA/pcb1/Data/Masks/Anomaly/077.png,Anomaly
visa_7bb8eeb466853519,1,/data/gauss/ldh/myDatasets/VisA/pcb1/Data/Masks/Anomaly/078.png,Anomaly
visa_a25bf3d244bd6d77,1,/data/gauss/ldh/myDatasets/VisA/pcb1/Data/Masks/Anomaly/079.png,Anomaly
visa_3b35979fedf9e0de,1,/data/gauss/ldh/myDatasets/VisA/pcb1/Data/Masks/Anomaly/080.png,Anomaly
visa_13e45478e364da59,1,/data/gauss/ldh/myDatasets/VisA/pcb1/Data/Masks/Anomaly/081.png,Anomaly
visa_cb17cadfa4419e91,1,/data/gauss/ldh/myDatasets/VisA/pcb1/Data/Masks/Anomaly/082.png,Anomaly
visa_382a7fbd134cc149,1,/data/gauss/ldh/myDatasets/VisA/pcb1/Data/Masks/Anomaly/083.png,Anomaly
visa_40528d353e3c780d,1,/data/gauss/ldh/myDatasets/VisA/pcb1/Data/Masks/Anomaly/084.png,Anomaly
visa_ae17c9111155d3ad,1,/data/gauss/ldh/myDatasets/VisA/pcb1/Data/Masks/Anomaly/085.png,Anomaly
visa_8e32ef35bde4d498,1,/data/gauss/ldh/myDatasets/VisA/pcb1/Data/Masks/Anomaly/086.png,Anomaly
visa_72bdceaadb2d32a5,1,/data/gauss/ldh/myDatasets/VisA/pcb1/Data/Masks/Anomaly/087.png,Anomaly
visa_fccb2904ea12a201,1,/data/gauss/ldh/myDatasets/VisA/pcb1/Data/Masks/Anomaly/088.png,Anomaly
visa_b925a6d62648a56b,1,/data/gauss/ldh/myDatasets/VisA/pcb1/Data/Masks/Anomaly/089.png,Anomaly
visa_c38ee1f2438856f8,1,/data/gauss/ldh/myDatasets/VisA/pcb1/Data/Masks/Anomaly/090.png,Anomaly
visa_f23e7eae02e28c9b,1,/data/gauss/ldh/myDatasets/VisA/pcb1/Data/Masks/Anomaly/091.png,Anomaly
visa_5aefd78021a27f52,1,/data/gauss/ldh/myDatasets/VisA/pcb1/Data/Masks/Anomaly/092.png,Anomaly
visa_004cd06c569269f5,1,/data/gauss/ldh/myDatasets/VisA/pcb1/Data/Masks/Anomaly/093.png,Anomaly
visa_13facbe738176c86,1,/data/gauss/ldh/myDatasets/VisA/pcb1/Data/Masks/Anomaly/094.png,Anomaly
visa_e3b5a006eaaa31b8,1,/data/gauss/ldh/myDatasets/VisA/pcb1/Data/Masks/Anomaly/095.png,Anomaly
visa_fc8af5a23eb68a88,1,/data/gauss/ldh/myDatasets/VisA/pcb1/Data/Masks/Anomaly/096.png,Anomaly
visa_98f75d3eb9907102,1,/data/gauss/ldh/myDatasets/VisA/pcb1/Data/Masks/Anomaly/097.png,Anomaly
visa_3e1b97d99037acb8,1,/data/gauss/ldh/myDatasets/VisA/pcb1/Data/Masks/Anomaly/098.png,Anomaly
visa_449282238a884b0a,1,/data/gauss/ldh/myDatasets/VisA/pcb1/Data/Masks/Anomaly/099.png,Anomaly
visa_392da33b81a6e958,0,,good
visa_b1c3529b5fc4f171,0,,good
visa_f1fd16464b612de4,0,,good
visa_4c54e456b3223a75,0,,good
visa_e591010ba2849e85,0,,good
visa_97a0c62fc705b89b,0,,good
visa_7ec9b6fcd94ca396,0,,good
visa_300fca783375724a,0,,good
visa_f9c81d7f5a3db205,0,,good
visa_5ecb22ba09956abe,0,,good
visa_92c85dc9cf6f5a60,0,,good
visa_1a311c9359b71b76,0,,good
visa_25fad3c9aaa29673,0,,good
visa_13fca0ede23ea47b,0,,good
visa_c56912ece4734900,0,,good
visa_298fd7ccc0a45e67,0,,good
visa_d2a0353d72c917bc,0,,good
visa_590c79aed874d228,0,,good
visa_1116b422bc0b7a42,0,,good
visa_88dc43e5652a24d7,0,,good
visa_f83cbcd144d50441,0,,good
visa_672ffb4b12944cd3,0,,good
visa_01af41e3dc6ec67d,0,,good
visa_e7597aab13abd35d,0,,good
visa_aa684f49df3ea6f9,0,,good
visa_a22a9f43d78589ef,0,,good
visa_146505721f6cbb00,0,,good
visa_2e81a455e41facea,0,,good
visa_fb899d427c7ab5eb,0,,good
visa_82a79f328add43f2,0,,good
visa_f8a40e7337f088a4,0,,good
visa_9a0c1408e95e8435,0,,good
visa_57ea4866cb023927,0,,good
visa_abbf64ac0fba86a6,0,,good
visa_550334f20c6d57ed,0,,good
visa_b591f415d811d5ec,0,,good
visa_8d4d71260ada8aa1,0,,good
visa_5fadb5cf82b68347,0,,good
visa_1debfb8a2161f5d5,0,,good
visa_b7babbc0aeb9fef4,0,,good
visa_9df60a9754da18f8,0,,good
visa_027c185d04168c09,0,,good
visa_4574d63684952558,0,,good
visa_60e2e3a032cf317c,0,,good
visa_1c7ca5445fcfb323,0,,good
visa_752ec3f84a2a2f96,0,,good
visa_536526f5181e301e,0,,good
visa_bde3a4f3e257f74f,0,,good
visa_c93eea5eea4b4a37,0,,good
visa_38b5fb8e245c1d4a,0,,good
visa_2548358e6b66b77c,0,,good
visa_aafc9cb8d52f0050,0,,good
visa_f78f0ebaa4edc1c4,0,,good
visa_060019682ff0eb78,0,,good
visa_d82aafb7ed6a1f78,0,,good
visa_76894b7a59e166ed,0,,good
visa_874aa32cf4ab13a9,0,,good
visa_cd43f99c510989c7,0,,good
visa_ab820124c2f530b0,0,,good
visa_15a8f08d68a1c925,0,,good
visa_afe2c8dbdb2668ca,0,,good
visa_560fd3ee3a0813db,0,,good
visa_83a0d09013e4413d,0,,good
visa_1265a66bc9bd7a1e,0,,good
visa_afbd4313e78ca905,0,,good
visa_79fa656b52d728f4,0,,good
visa_fda809bc3bed0ff6,0,,good
visa_52f8e32a1a0a4221,0,,good
visa_970fb4d20090a387,0,,good
visa_42eff7b638feccc5,0,,good
visa_63334cdce66965ba,0,,good
visa_2233a69ac62312f1,0,,good
visa_eb74cd9e63ee503e,0,,good
visa_d39d681cbdc8b39e,0,,good
visa_ef7f4089553a33a5,0,,good
visa_e2a98d06cdc14f88,0,,good
visa_f7c97428637db785,0,,good
visa_343a60e576446f11,0,,good
visa_fd65d1bce8281e96,0,,good
visa_b75153f05afcdd91,0,,good
visa_1625da30a20f0ca5,0,,good
visa_9e0e974c491ba8eb,0,,good
visa_538c04bee81060f7,0,,good
visa_0b26e77d4d59dcef,0,,good
visa_7bd1b79c8c39336b,0,,good
visa_740a5df4d61a6a9c,0,,good
visa_37ba847ed13f9f84,0,,good
visa_8df74c52a448d316,0,,good
visa_e096cb0665a1684d,0,,good
visa_659dcfb61230d3c3,0,,good
visa_55c1dd8f1d08dc2c,0,,good
visa_0f213c7b181fdede,0,,good
visa_c5666566db90f9d6,0,,good
visa_0b3e44c5354aa556,0,,good
visa_b0d59891dbd95f05,0,,good
visa_66e0f1a8a7692fed,0,,good
visa_db1b20472560af11,0,,good
visa_8a62e5072c1db933,0,,good
visa_dbe2051e41550fa5,0,,good
visa_43fe84ab4a04cf08,0,,good
visa_dc7e8210d010ce60,0,,good
visa_8d2376987aafde12,0,,good
visa_72c6dadbf82db81e,0,,good
visa_29da6044b59e6344,0,,good
visa_017d50e3433227c6,0,,good
visa_e77c2a6099aa8662,0,,good
visa_e2d868283d66c062,0,,good
visa_5c764d805163597a,0,,good
visa_6c1d615871433b8a,0,,good
visa_1217b9d63b59d3d2,0,,good
visa_6824e37ec6f1a709,0,,good
visa_9606849195448b91,0,,good
visa_1350705976de5ca4,0,,good
visa_7fea497e86e1a816,0,,good
visa_324c27ec476e7d33,0,,good
visa_fbf6be203169b32e,0,,good
visa_6cca781d7597e0fc,0,,good
visa_7aae27a3a64616c9,0,,good
visa_28515088e6b9146c,0,,good
visa_ee5fe003cd27f9f9,0,,good
visa_c916713847a01f08,0,,good
visa_c0dddd4406681494,0,,good
visa_8a436097fb9fd408,0,,good
visa_37320edce2a178f7,0,,good
visa_d0ee5b330cc4ce27,0,,good
visa_c5f40ec24962c61a,0,,good
visa_5288062a6182a6b5,0,,good
visa_6a63e26f789691fc,0,,good
visa_d0d2bccbbb6199d3,0,,good
visa_70f9f2f81dec9b38,0,,good
visa_1ae2d68eacc78e59,0,,good
visa_bdfc433f9be70985,0,,good
visa_552b6e3b79f430c3,0,,good
visa_c93f7f7cf5d52257,0,,good
visa_0f24a6c548a2e9e4,0,,good
visa_5df1bbd6cda7f8c4,0,,good
visa_5de27d5b7645e09c,0,,good
visa_af3e1a7a1e42e9e8,0,,good
visa_61fc9f6fa37aa117,0,,good
visa_52e01a294d52a824,0,,good
visa_0894af95a2f1cc4f,0,,good
visa_6611cd7f8e1e43d2,0,,good
visa_594ba319928c1c19,0,,good
visa_5835ef97a76166f4,0,,good
visa_25ff95b9104f913b,0,,good
visa_ec28a93bf68e03b4,0,,good
visa_17708dd1293fbf5c,0,,good
visa_833b896eb1d1aca4,0,,good
visa_27e139ca4dc4ddda,0,,good
visa_7a1e3ef403441959,0,,good
visa_e13f01a186044f19,0,,good
visa_f1051ef8a0cf5aaf,0,,good
visa_4667234689b713b1,0,,good
visa_213e101c2b63bf6e,0,,good
visa_b7a5524e85a70abe,0,,good
visa_bd537b9635ad1078,0,,good
visa_fa77cbb7a6a6964d,0,,good
visa_ce46b2bab13602fd,0,,good
visa_18ac0b1bbebd5642,0,,good
visa_c2675409dbbf53e3,0,,good
visa_695dddad98d5f742,0,,good
visa_c67131f174643a26,0,,good
visa_bf7c3f551d838c3c,0,,good
visa_819bad99c8e5e95f,0,,good
visa_b5c7e6d31ca57361,0,,good
visa_dec3dc20dae1565d,0,,good
visa_766b6f77a9dc06f3,0,,good
visa_2113aed5ba21fc66,0,,good
visa_3a36e7901cb5d051,0,,good
visa_b424d0e8027ddc95,0,,good
visa_7c6f46640412f972,0,,good
visa_aa43b6c69822ff28,0,,good
visa_d3070771eca29df1,0,,good
visa_c6f304d77d60bc79,0,,good
visa_16d66c1ea1926bcb,0,,good
visa_501cf5b9815abca2,0,,good
visa_93f13ca13a731dd3,0,,good
visa_67724498559f29ed,0,,good
visa_be523f3abe90257b,0,,good
visa_34e5bc4df66c0a51,0,,good
visa_9c01229efebc4953,0,,good
visa_2c0e99a62f5bb6b9,0,,good
visa_29d2e65b9580a472,0,,good
visa_31e67a8d71ae8daf,0,,good
visa_4e6c258451a49ce4,0,,good
visa_ff07244fb3f0f065,0,,good
visa_8f9eb239d7af1dd3,0,,good
visa_dedeeb4d826025c7,0,,good
visa_dab07faf6070c59d,0,,good
visa_7c1b14896899da90,0,,good
visa_a5ec98b5ba180197,0,,good
visa_e660528ca3a8f0e8,0,,good
visa_54c1e8f8ee6008fe,0,,good
visa_bc97353b749c1160,0,,good
visa_035c0db0bd3156b3,0,,good
visa_7e4b8efe17676994,0,,good
visa_7b971573df5e45d7,0,,good
visa_bb56f201a876290a,0,,good
visa_bd3a6687fbb9505d,0,,good
visa_eed30b07b0c5fda4,0,,good
visa_96a71897c2c09b16,0,,good
visa_3a7e0440e56d49d3,0,,good
visa_3b823eb2dfe87a62,0,,good
visa_d68c56f58e69cfde,0,,good
visa_47e93077e35ed47c,0,,good
visa_7ee1f142d8e8a0fb,0,,good
visa_b49ddda5343e2e23,0,,good
visa_22ae1adf4d49fe07,0,,good
visa_38e7f6cc52db695b,0,,good
visa_dd5452f2b9fec57c,0,,good
visa_e8ed6c20221d0256,0,,good
visa_2fd1b36aa07bb748,0,,good
visa_003f3556ccbb30f7,0,,good
visa_9d8c29c8e783613c,0,,good
visa_b800215d73a62893,0,,good
visa_3c22da609d243aff,0,,good
visa_b404ef52c39b0b85,0,,good
visa_08f1d8a934e10de5,0,,good
visa_675795bef868e1d6,0,,good
visa_c4459cbb50163a06,0,,good
visa_a61fb7b0221ff2c9,0,,good
visa_9a50a31d3f6befc2,0,,good
visa_5fb9118b83ed257d,0,,good
visa_0bde17fe2b61b9da,0,,good
visa_70230f63273df132,0,,good
visa_a941f51aa1404db6,0,,good
visa_54d3aab2f5b8fc4c,0,,good
visa_b3ede2f1ee69f1de,0,,good
visa_a5181d5d81286343,0,,good
visa_8d6b06d323a26ab2,0,,good
visa_2081a61f35e99e49,0,,good
visa_64f5c2582305aba5,0,,good
visa_035251356f3a1b15,0,,good
visa_07abd16daa5ca12d,0,,good
visa_4e0744dce6212ae5,0,,good
visa_fba9b3e6af1a7ce8,0,,good
visa_6f4da51549992618,0,,good
visa_5a45ebe9c39e01cd,0,,good
visa_571a6112bfd60e7e,0,,good
visa_e7ebe31caf9d31b7,0,,good
visa_2d997f13657d9de5,0,,good
visa_4f754108a1f13272,0,,good
visa_01343d071352e4e4,0,,good
visa_41519f04f55619cf,0,,good
visa_03214ed817bd3631,0,,good
visa_3f34c25dd01c5342,0,,good
visa_864b122fb45f5ffe,0,,good
visa_1204a58632226f33,0,,good
visa_f7fc84eada525f81,0,,good
visa_fe388afe1f8c4755,0,,good
visa_519a974f83c2af8d,0,,good
visa_67590a657ba85d24,0,,good
visa_fac1605e68b1f9e1,0,,good
visa_995c488a4f555d27,0,,good
visa_e484151467d97b6d,0,,good
visa_72341fa8faefe448,0,,good
visa_fdd171d313b0b5b2,0,,good
visa_741275abb196cfa5,0,,good
visa_fcc5df2d1c58ef8d,0,,good
visa_d7d38c7df46efe30,0,,good
visa_de3e48dd3fc26a57,0,,good
visa_b371f0e9da1f7964,0,,good
visa_979d237dc8a1747c,0,,good
visa_2c482a38c4efbaf1,0,,good
visa_c8ad58a7643d3da2,0,,good
visa_f6c5606e139ef75a,0,,good
visa_e8496316f9ac63fc,0,,good
visa_b93a5db39f0d0078,0,,good
visa_a0870d1a549cb155,0,,good
visa_4aaab834d35df517,0,,good
visa_183d41456ba3c0a7,0,,good
visa_bbf669190431d08e,0,,good
visa_6b8ee99f23dd947b,0,,good
visa_b4417ad782dffe55,0,,good
visa_81831809f4d1f320,0,,good
visa_d6fc353c0ee87b37,0,,good
visa_e267af72278acc08,0,,good
visa_b65fd97025c42533,0,,good
visa_2ccf5abaed526231,0,,good
visa_dfac34e957e1a76f,0,,good
visa_64319e37a5e15ba0,0,,good
visa_569cc84f74d688b9,0,,good
visa_4a1068187791399d,0,,good
visa_ced3042936ed5b24,0,,good
visa_a87a84d653d0703e,0,,good
visa_cd5c5e426c5f1d17,0,,good
visa_9682f4aa2cd7c67d,0,,good
visa_da55234f2d8fcc06,0,,good
visa_09c7d7236ca38453,0,,good
visa_0354a1dc3aa359d0,0,,good
visa_12b1f249fa9a2035,0,,good
visa_7d7d168c651fe9c3,0,,good
visa_b373e13529c836c6,0,,good
visa_597f876c19c957bc,0,,good
visa_268730d1ddafa05d,0,,good
visa_394455b3bd293721,0,,good
visa_792d8167977fdcf6,0,,good
visa_4898330f42259f89,0,,good
visa_6fe44b703ab6b9c6,0,,good
visa_ae0e0716e3626615,0,,good
visa_8b957762c171d64f,0,,good
visa_d9f50cb1959ca7a8,0,,good
visa_815826cb17807046,0,,good
visa_1b32dd35a3a9b809,0,,good
visa_a7467a77c4b27861,0,,good
visa_00f76fe156ded578,0,,good
visa_2fee1e1f1393235d,0,,good
visa_94cc3c9671812e50,0,,good
visa_4a0a9c81eb023ab7,0,,good
visa_78f92ebd26fb3018,0,,good
visa_7a8c34177002a2cb,0,,good
visa_8ffe13fdb2c26ff5,0,,good
visa_19669db1c7330156,0,,good
visa_35cb9fdc8b33b6db,0,,good
visa_628d54495f3b55f0,0,,good
visa_ea84d6ef2e49d82b,0,,good
visa_8b85679febca8683,0,,good
visa_184b35b36c408399,0,,good
visa_ba25ec8d7dc6d1ab,0,,good
visa_aa580987a2169da5,0,,good
visa_ffc3c57e2c2a0176,0,,good
visa_a8441f783601cc22,0,,good
visa_83787a3ee8d40b74,0,,good
visa_7db65b6644f06511,0,,good
visa_f1a55a18f3c226ba,0,,good
visa_99921d71354c79da,0,,good
visa_73033b7dfd450159,0,,good
visa_de3fd296973b40fd,0,,good
visa_127d0439fbde6cf2,0,,good
visa_285ccfcd34bce984,0,,good
visa_9bc97c23fd7aeddd,0,,good
visa_31019061d7905081,0,,good
visa_75e885705c4344e2,0,,good
visa_c13ed193428577a3,0,,good
visa_59af14b75614056b,0,,good
visa_37c582cb17a59ac1,0,,good
visa_5d69863b5194dd0d,0,,good
visa_ebcae9699fc37e0c,0,,good
visa_bb6054bbab48fe51,0,,good
visa_5f05a81236b3b6a7,0,,good
visa_bb81f02a80db9c5d,0,,good
visa_97126575fb82496c,0,,good
visa_f6a9209444b10bdd,0,,good
visa_c057f3d360f8c31a,0,,good
visa_de65931bda2426df,0,,good
visa_40ecbc273ad329d3,0,,good
visa_bd7407a77d84fd9b,0,,good
visa_0916b9419a2788cf,0,,good
visa_65984505490bf494,0,,good
visa_8d156f16f2ad53d9,0,,good
visa_66cc08e3c032a649,0,,good
visa_1cc5dcec49034ec4,0,,good
visa_b7632ffedfecf6ec,0,,good
visa_1ddff13bd2eae61f,0,,good
visa_a954ac2b904819cd,0,,good
visa_f8303a9d4cbef28a,0,,good
visa_a473448af1d71325,0,,good
visa_0c7fa7973f464649,0,,good
visa_a3631799a3cde199,0,,good
visa_8b4c1d7c6859fd24,0,,good
visa_d56a6fc0e45edcc3,0,,good
visa_66ed4bed84799d5e,0,,good
visa_1b40924c71ca425c,0,,good
visa_a07eca5aee34f005,0,,good
visa_a26c7dfb9a090b18,0,,good
visa_19d61a651b13e5a9,0,,good
visa_dde6fcab8c494497,0,,good
visa_65b01f8b1c0bd244,0,,good
visa_6284acdc607df584,0,,good
visa_73c863970cb95198,0,,good
visa_f47008a24ca3847d,0,,good
visa_ec829477fa0e9fdb,0,,good
visa_18ba6ccd4fe9922b,0,,good
visa_de92a3eb9f392b67,0,,good
visa_67f5ce979adeb0b2,0,,good
visa_22b145dc95a85d1e,0,,good
visa_4f1f4f958b67f6f9,0,,good
visa_7f9b6fcf718e92a4,0,,good
visa_1906f6e719f714ee,0,,good
visa_deee907385aa50ef,0,,good
visa_ac31757f53e39921,0,,good
visa_372c98ff3bda6a64,0,,good
visa_c466eb249d5b57ee,0,,good
visa_8463801c3b157ee3,0,,good
visa_e2cf91bb26f64727,0,,good
visa_4679b804321fd6de,0,,good
visa_fa4eb7adff9e1442,0,,good
visa_0abac163dda78251,0,,good
visa_72de7ada8a0fe592,0,,good
visa_e37e3e13eff8340d,0,,good
visa_87479826b4b3f314,0,,good
visa_d4d98c5bf3b5ca0d,0,,good
visa_4792fc01cd2f61f0,0,,good
visa_630de2a3fdeb11fe,0,,good
visa_77c1488fd6a2b9d7,0,,good
visa_01d2bdf3fe4d0f37,0,,good
visa_32743b4438efef5d,0,,good
visa_5c4148a68735294c,0,,good
visa_d943953045790de2,0,,good
visa_525cbb018ffb39df,0,,good
visa_6b74a0b15759cd52,0,,good
visa_8116e5c0771ec4ec,0,,good
visa_0cf1563a262f4fd6,0,,good
visa_c64e0aaf84d09996,0,,good
visa_5d4c673c66bc0704,0,,good
visa_a0d5eff56cb80fee,0,,good
visa_035d0d9157ff2d60,0,,good
visa_5d95dde0d727c5de,0,,good
visa_24d898a5b184908d,0,,good
visa_f18d39e73442bd5f,0,,good
visa_a9304852a32ee8ae,0,,good
visa_4b00d1e77c18cf4f,0,,good
visa_90be9c8dd8a0864f,0,,good
visa_5b81c4a6484fb4e4,0,,good
visa_52acce04f5b3869f,0,,good
visa_3f762bd1bd04ba41,0,,good
visa_fdeb122651825e21,0,,good
visa_4dd654e461dcb38a,0,,good
visa_1ba05bda8897010a,0,,good
visa_e11826b334af5566,0,,good
visa_f976532f3f05b91f,0,,good
visa_ddc6f0397af283f8,0,,good
visa_8f09f4fac6a47177,0,,good
visa_19f4a7b9fb81640d,0,,good
visa_d0731a0ea068785f,0,,good
visa_14ae49523134ef43,0,,good
visa_30b3580bb790be7e,0,,good
visa_50fc613c0b68118c,0,,good
visa_bf8d6d8ad57a0c96,0,,good
visa_7d3c42b36b2e7c17,0,,good
visa_1f76e42f3f373e78,0,,good
visa_fb12e8381e1a7d7b,0,,good
visa_1019c8a9bb65f4ad,0,,good
visa_52a90aeef872c551,0,,good
visa_6c4a20a4de661a36,0,,good
visa_6b5648d5979fe154,0,,good
visa_327dbcad6c6cbec2,0,,good
visa_5a8b9c661210bc9e,0,,good
visa_b2f8b1b991222a90,0,,good
visa_e173fb0ca92060c0,0,,good
visa_7c3c87934f3598e9,0,,good
visa_8f1bf0ba1050fde7,0,,good
visa_4759544f32b51d1e,0,,good
visa_17025344d21be3d3,0,,good
visa_b0b63c7ec4b67680,0,,good
visa_9786684a6a88919e,0,,good
visa_7854a49c2d0bb296,0,,good
visa_d305a8afbf92cb1e,0,,good
visa_b27fead21add41db,0,,good
visa_4302a6cb4f10e112,0,,good
visa_77b849678a7a07ad,0,,good
visa_bda8c0296c0a4997,0,,good
visa_772ba45b10ec7999,0,,good
visa_64ce8d03e0115909,0,,good
visa_7b3b805a11a29801,0,,good
visa_228596dc4641c28b,0,,good
visa_78db398fafc35010,0,,good
visa_83e0401da44c5c4e,0,,good
visa_7b499aeb58e9a812,0,,good
visa_75dc1c86bbe04a04,0,,good
visa_0d0b268357ee3c31,0,,good
visa_bb0af6b7ac9e11fc,0,,good
visa_0e1de78978711215,0,,good
visa_58b2c441145ca7e4,0,,good
visa_0af2b84612405aa9,0,,good
visa_d1f90d6f44bf3be1,0,,good
visa_b6cb7784c790c94a,0,,good
visa_3d474c22c5bb4b54,0,,good
visa_b05dc70417ea5000,0,,good
visa_1109d668cf7896e4,0,,good
visa_690e00d2ff21813d,0,,good
visa_2e5c9d10645c034a,0,,good
visa_b2d3ef5e7149bb9c,0,,good
visa_4fc17b7b381c7729,0,,good
visa_4a4e00c5695921ab,0,,good
visa_b054f4bbf22c8b6d,0,,good
visa_4f9354df60aedbc1,0,,good
visa_a81040c511d60f25,0,,good
visa_546c2555dafc412a,0,,good
visa_0471a2a134d308ff,0,,good
visa_8410bdf383f47362,0,,good
visa_47d2517ac13e1b73,0,,good
visa_b147a440ca0208d9,0,,good
visa_347b8e7f7f4a18eb,0,,good
visa_1478e96e9dc7bf58,0,,good
visa_d35164dfb3dfd4fa,0,,good
visa_c4f44864f7d2b743,0,,good
visa_909de216c5b4ea61,0,,good
visa_17ecaadcbca58167,0,,good
visa_21275c59911f8f53,0,,good
visa_7f6b866ebb546e1e,0,,good
visa_62567378658d9543,0,,good
visa_07a8fe21ee0a4f3d,0,,good
visa_a95cb520d3061082,0,,good
visa_0a9117de48733ec6,0,,good
visa_c3ae9ac12bd2a08f,0,,good
visa_5885afc0299abe7e,0,,good
visa_2a07e53c6f8ae07a,0,,good
visa_bb08c66400f932cd,0,,good
visa_dac21830e99fc7b0,0,,good
visa_cbedf01e353ca510,0,,good
visa_3dcbd8cbce4f9f7e,0,,good
visa_48ee85cd2456df0d,0,,good
visa_55396b8e16dfb4a6,0,,good
visa_5cf08266882a21f4,0,,good
visa_2188308085715752,0,,good
visa_ace112efaa38b645,0,,good
visa_75d727162560fe83,0,,good
visa_d0ceb80fcaed7220,0,,good
visa_b3df98d7303245d9,0,,good
visa_42422ebe181e6492,0,,good
visa_af98da9a055519c7,0,,good
visa_7517ec0e813c26b2,0,,good
visa_86e5b6cf0e0fd349,0,,good
visa_acad4df3cdf2b268,0,,good
visa_32b6117ca1ea96ef,0,,good
visa_7ed4ac7111f5d6c1,0,,good
visa_ab1e12b5c248dd12,0,,good
visa_204e29e7b43825d5,0,,good
visa_a7c2cbca14d125aa,0,,good
visa_d1b09c8443d8f4b1,0,,good
visa_257c5ed45611af15,0,,good
visa_fe76824c5bf5f82a,0,,good
visa_19fd897036894d84,0,,good
visa_91272504b2f61088,0,,good
visa_a5bd3d45b5658f73,0,,good
visa_609582fa6e4543e1,0,,good
visa_1a60304a12e652c9,0,,good
visa_d95b7760af47ce47,0,,good
visa_eb28b11784e144ca,0,,good
visa_8e3ce8f8c0ff21c8,0,,good
visa_2d1e79f33fe908d4,0,,good
visa_b4be18280932a964,0,,good
visa_1f2c23f24f880be2,0,,good
visa_78ff5499d7fbde8d,0,,good
visa_3f0398481a238b9c,0,,good
visa_60b4e3935f2eec79,0,,good
visa_c3fbf7f2efb87794,0,,good
visa_8cf8fe9da2645495,0,,good
visa_29f206097d2f5cc3,0,,good
visa_bc21d5a66cfc7288,0,,good
visa_d4f2c85881acdab3,0,,good
visa_080259fa72b21ae6,0,,good
visa_ac08f67e90baa772,0,,good
visa_509b296e4d227791,0,,good
visa_15dca63c8fdc9b6f,0,,good
visa_ce842e5aa31189c8,0,,good
visa_582eccc79735d754,0,,good
visa_1c0002512ef60cd2,0,,good
visa_b39b11d54497bb0b,0,,good
visa_b94a45c56ed3b98b,0,,good
visa_81c9ada760a32a9b,0,,good
visa_c711742a4c448cac,0,,good
visa_b4127f1d7cd39d46,0,,good
visa_7888a13605aed33c,0,,good
visa_7c8b96081185a3b0,0,,good
visa_6d75537d6c574db7,0,,good
visa_2174fd05bc08f129,0,,good
visa_300848fb26941250,0,,good
visa_010fc55a24d82bd1,0,,good
visa_fdfb2d8e4c80b943,0,,good
visa_10279333e7053d25,0,,good
visa_eaa035cbd6a6d928,0,,good
visa_d6148b88078a1cbb,0,,good
visa_1a7e6edc4e989016,0,,good
visa_f87b75535b0a5722,0,,good
visa_7343df828cd60873,0,,good
visa_204f2787806468bf,0,,good
visa_e2895f185e7d3c41,0,,good
visa_96f1a296195a46b5,0,,good
visa_420e21d78defa6df,0,,good
visa_ec60ececb51ea3f5,0,,good
visa_a230e17af97de691,0,,good
visa_159905204bd7aaf1,0,,good
visa_644e53f21e6915bc,0,,good
visa_91c1a631c4a1ab32,0,,good
visa_3b295e54836a2dc1,0,,good
visa_a4f4ba277461b42f,0,,good
visa_006fb8e741f20db9,0,,good
visa_81ce16eb6de97d3f,0,,good
visa_0f5652166011c792,0,,good
visa_0365d6de45bbd70e,0,,good
visa_337f6e33c7ee3406,0,,good
visa_8fb4083586f7cd62,0,,good
visa_56655d078473d09e,0,,good
visa_829b3e27ec87a49d,0,,good
visa_201acfe858cabfe2,0,,good
visa_0396086992032f22,0,,good
visa_692da9d026448525,0,,good
visa_7a5dd2bff9508415,0,,good
visa_0fbf17b71ee73f8d,0,,good
visa_df8878b7ee731040,0,,good
visa_7208c3ca1a8039ae,0,,good
visa_5ac780acb1852202,0,,good
visa_6b48d640c9646df7,0,,good
visa_2b6b8d2e659a4e8e,0,,good
visa_10f4e3fdf7a6f21f,0,,good
visa_f10aecea6e8454c3,0,,good
visa_784b952de130ce12,0,,good
visa_1e05c8453cbb0219,0,,good
visa_0909469092735fb3,0,,good
visa_8a02a909baefce69,0,,good
visa_31a499013a464bfa,0,,good
visa_6a33b6a7f8970400,0,,good
visa_82d8abdd80998af7,0,,good
visa_222dfba3778e42de,0,,good
visa_0619eeb83809332b,0,,good
visa_1f0c77d8866f59da,0,,good
visa_cbe05397c2d9d6ac,0,,good
visa_5fcd300c88fe713b,0,,good
visa_5726d3ba299ee6dc,0,,good
visa_0e113b99ebb1fe9d,0,,good
visa_cd74fbabffae7606,0,,good
visa_be8f56d3854d28c9,0,,good
visa_4435a2a270a24e31,0,,good
visa_0336b584060bf23b,0,,good
visa_c0a80514a2141a13,0,,good
visa_446b2e666b7ae0d5,0,,good
visa_053aa0b0f4fb0b2a,0,,good
visa_70ca7968d1fb51a9,0,,good
visa_7be36940f5765e6e,0,,good
visa_f5d4a4e120f637c9,0,,good
visa_6f6186898f14379a,0,,good
visa_62107dc105e678ab,0,,good
visa_23c4d40bab59779c,0,,good
visa_13928e57bcbb535b,0,,good
visa_d365cdcdd4e9378e,0,,good
visa_fa0fba5c990b2b99,0,,good
visa_543b310574b72ef3,0,,good
visa_2272c19cc0313d29,0,,good
visa_db06e80cb1586dc4,0,,good
visa_9a61fa6859f42b9b,0,,good
visa_98ce1bd1572c8a09,0,,good
visa_576207b38f3b64e7,0,,good
visa_5a254e073265fc49,0,,good
visa_40bf8465ad857c56,0,,good
visa_c7026c01e0de86b3,0,,good
visa_6845072847e4c414,0,,good
visa_eb785d75e533fb4b,0,,good
visa_eae478c9a888a11e,0,,good
visa_84ae144978f56288,0,,good
visa_5d0f4c8abbc76ec2,0,,good
visa_14fcf424649a9a90,0,,good
visa_5bf88b6be65557da,0,,good
visa_3ce5f62d8e6b2f6a,0,,good
visa_877d84c5ad3a03b5,0,,good
visa_9f9cbe8c8edca047,0,,good
visa_9189c39c9ca571c4,0,,good
visa_d90a5bf626cbe8b8,0,,good
visa_e525c906bb158abc,0,,good
visa_d3003dd04f7fc46c,0,,good
visa_0551cb3cb4ddf503,0,,good
visa_a09ace9af61a5f1e,0,,good
visa_3256b369795a6fa7,0,,good
visa_df331a8e8143051a,0,,good
visa_9cfa2a15a8aa2a55,0,,good
visa_a94c642ee97c607d,0,,good
visa_1bcfcda05342ec1b,0,,good
visa_e9848ea114bd837a,0,,good
visa_98b08cfdaa332957,0,,good
visa_b5f83e15313bd36e,0,,good
visa_ee290f7c23430de3,0,,good
visa_f81a1394f58e4f5f,0,,good
visa_6201768453167b64,0,,good
visa_b39fd161cfbc93f4,0,,good
visa_888f32d127889d68,0,,good
visa_7afed45208875a0b,0,,good
visa_ac0ac589bdcddfcd,0,,good
visa_5d5020522167c951,0,,good
visa_890c956f68317fe0,0,,good
visa_e9665f12c0eead53,0,,good
visa_89542cd58dd880c2,0,,good
visa_75ca9415e4ad1bb1,0,,good
visa_21c707b670c1f438,0,,good
visa_8842aea8a6622908,0,,good
visa_ca2f1584c54b3c32,0,,good
visa_56da55ff670035d6,0,,good
visa_caa4c730901ba5c1,0,,good
visa_7bc6d9503015e84f,0,,good
visa_5351cd13a1152eb7,0,,good
visa_a08d85068c127057,0,,good
visa_0d3af507561cb51f,0,,good
visa_ff72d9b91831e15d,0,,good
visa_775eeb295b8e7a65,0,,good
visa_95e3ac317e11dd02,0,,good
visa_50311fea7e63375f,0,,good
visa_ec4f5db323a4ff05,0,,good
visa_13408ab1e8ca7adf,0,,good
visa_59d64d20c91c1602,0,,good
visa_27a0867c7454ae94,0,,good
visa_aca94d4838fe2e68,0,,good
visa_58e4ce9679bff748,0,,good
visa_de2d7348e5060c0a,0,,good
visa_7034e95f74d3a060,0,,good
visa_3641b2916188004a,0,,good
visa_29346f21dd94b77f,0,,good
visa_88891f35daa5c53e,0,,good
visa_836413d1ee08deaa,0,,good
visa_a9990eac9177a055,0,,good
visa_97fd1a867b95f21d,0,,good
visa_814a912e711dfe51,0,,good
visa_5fef87e474876a08,0,,good
visa_c7aa65ab4ba97eeb,0,,good
visa_6e9703f062f7aea3,0,,good
visa_c475d993e74786af,0,,good
visa_5d5548650b7e21c9,0,,good
visa_b2c4d60cc9d143f8,0,,good
visa_3a0135dc532e159a,0,,good
visa_2000f0cf61fc0dc9,0,,good
visa_a870a26c97f04216,0,,good
visa_aa606586e595539b,0,,good
visa_2768db6f48850301,0,,good
visa_56012cbb6bfbf21b,0,,good
visa_9e72bec5dd77c996,0,,good
visa_4662acad6043086f,0,,good
visa_2dd717840f5f6354,0,,good
visa_e51c9246b314740a,0,,good
visa_0ec648fc0ef87f39,0,,good
visa_d00c3b507d17e280,0,,good
visa_4ccde81ab87c8ed1,0,,good
visa_fd67a4b7bd9773af,0,,good
visa_d362f4018f4673b1,0,,good
visa_10052b70e2c19d33,0,,good
visa_cffd05921010b115,0,,good
visa_7c1727dbfa2588ff,0,,good
visa_2eda2cf536925b54,0,,good
visa_967d3093cdf07601,0,,good
visa_f73d42fa1771fd27,0,,good
visa_3d1a1a27d57265b0,0,,good
visa_43fc47a487fd4d83,0,,good
visa_70b0be33a9cb1787,0,,good
visa_390410e4e188be9a,0,,good
visa_adbb7574697d4957,0,,good
visa_bef9764ebbee4cdc,0,,good
visa_1982829faf4ca85e,0,,good
visa_d066c30f4592b81f,0,,good
visa_5dac6b69d062f0ef,0,,good
visa_834f246d3e40fb6e,0,,good
visa_092f37056d039f0d,0,,good
visa_993cf4402eb3dc9e,0,,good
visa_e425259f4aa4687e,0,,good
visa_2738b969d709f477,0,,good
visa_03f5c494df9b484c,0,,good
visa_544027de6ac17ba4,0,,good
visa_48c96b6bbbc2f50e,0,,good
visa_a63a43635b26bd4c,0,,good
visa_d3c50d4eea1deb44,0,,good
visa_5fe4e5dc83b0d9d3,0,,good
visa_5273973e2ee3556f,0,,good
visa_9c5136d5b4cfe533,0,,good
visa_9edb676774bf1151,0,,good
visa_97240620c80dc83b,0,,good
visa_a15f48092601f4ff,0,,good
visa_036c470ca7d97f25,0,,good
visa_1e78e11c6bc0476b,0,,good
visa_2d10c1e1e801b670,0,,good
visa_fe2cf27321828484,0,,good
visa_b327b1ab82622d7e,0,,good
visa_db1216da87e54119,0,,good
visa_ca09ac5e2d25ce55,0,,good
visa_23b0c5f2fb90aac7,0,,good
visa_6ef7452e1014fe7c,0,,good
visa_aa031c5a11d6d7e4,0,,good
visa_d2992f79e7408f71,0,,good
visa_42cf15deb86a9131,0,,good
visa_b8de0793235a8fb7,0,,good
visa_454a684abe285a19,0,,good
visa_0742606a2bda2e0a,0,,good
visa_4bb20176b043063f,0,,good
visa_7810342bc201ccc2,0,,good
visa_09ac6eb1364d297e,0,,good
visa_a7f48e6bc1df99a0,0,,good
visa_ecf1bc761b66842e,0,,good
visa_e14aa1aaca342d1c,0,,good
visa_b62a951dc9b81cfb,0,,good
visa_1c19f6145e19f179,0,,good
visa_129b5aa06f26b490,0,,good
visa_ed762d4567cebefb,0,,good
visa_602cef5892657c0e,0,,good
visa_1012deafcc86e4b5,0,,good
visa_c8eedfdb7578c232,0,,good
visa_b013ec8328751500,0,,good
visa_908b0d27daf4af25,0,,good
visa_467e14aced01c850,0,,good
visa_5b5d3031e7a27e55,0,,good
visa_137857c3207bd819,0,,good
visa_da8f358a28cd54e3,0,,good
visa_1f7382cae5513d02,0,,good
visa_2569a34fb19e73ce,0,,good
visa_46517ca0af17dd8a,0,,good
visa_717544f0f0d9aac5,0,,good
visa_4418f967c4b989a9,0,,good
visa_1275d34b36de3ae7,0,,good
visa_8151bdc8946168bf,0,,good
visa_a1725da634ec2035,0,,good
visa_92a32edddb677bdf,0,,good
visa_c761a4bbaf58caac,0,,good
visa_32b0a53026985e71,0,,good
visa_852e7e580cf7f8dc,0,,good
visa_9ab113be9d60d240,0,,good
visa_8d0962bda58bbcea,0,,good
visa_e903f7bbf000288d,0,,good
visa_77b9ca33f9e247a3,0,,good
visa_18d79ccb02b7d399,0,,good
visa_840fd7a2b2b24ed8,0,,good
visa_35bd108518e20b2e,0,,good
visa_9c1100957f2439c7,0,,good
visa_88643850ff5bea88,0,,good
visa_9f894f3ef432150a,0,,good
visa_4edf5cfbc372ec5a,0,,good
visa_47cf3faead003ca0,0,,good
visa_246ef0f96d770c19,0,,good
visa_7134f840f20866d0,0,,good
visa_d39e79fbaaee83ca,0,,good
visa_a21670ed99862fa7,0,,good
visa_5c2735cfbf936fcd,0,,good
visa_ca1e23526997f209,0,,good
visa_ee7f4dd1aea61158,0,,good
visa_72d5d1769f5d56d0,0,,good
visa_876e6b285e583a39,0,,good
visa_ecc241c9f2389e62,0,,good
visa_330dd7cd2f748371,0,,good
visa_fb839e2a9954c751,0,,good
visa_4b59d9523a910e00,0,,good
visa_6db2f8e398471695,0,,good
visa_d4070aae07aee3fa,0,,good
visa_29b25126d41ec784,0,,good
visa_9aadf07d14320fbb,0,,good
visa_5feadfe608c33824,0,,good
visa_31a58f259df29b13,0,,good
visa_5540b1de8ec2cb5e,0,,good
visa_76a63b55b08fa508,0,,good
visa_fbab0f95f4657dae,0,,good
visa_2da1c1e13b1d685e,0,,good
visa_0be0014e9a693cef,0,,good
visa_afcca4c3ac55d124,0,,good
visa_51507837ba94f826,0,,good
visa_35de4d648013103c,0,,good
visa_9f56e4802a4a3338,0,,good
visa_5ec343ef44107449,0,,good
visa_0bc92769d13b2880,0,,good
visa_c9fe278da1e33072,0,,good
visa_d17a63d5a4a79e58,0,,good
visa_2245bd2b518f2f06,0,,good
visa_f6546d7f08e05f7d,0,,good
visa_250571093ff898bb,0,,good
visa_bd3112b0f67eaaa3,0,,good
visa_e832af31c76bfb40,0,,good
visa_e3b1efd307217368,0,,good
visa_9013825f746fd0b9,0,,good
visa_f54efcc678553db5,0,,good
visa_2ca3ecd6421fedfd,0,,good
visa_0d4a133157a16bcf,0,,good
visa_850b1d0abfe7d9df,0,,good
visa_61639d852e1ca2f4,0,,good
visa_1b2e1203bf3ddfd9,0,,good
visa_4f02dd4555a653e2,0,,good
visa_32943d49eee2d993,0,,good
visa_319dfc07ea3d0197,0,,good
visa_a6a8ee356c996059,0,,good
visa_e9dc7d2c4af2d27b,0,,good
visa_a0b5c73bd85f7985,0,,good
visa_3656112cfee9c981,0,,good
visa_7fd435aee00fdb46,0,,good
visa_a5a10bffd2d915a3,0,,good
visa_ff2b48f15899f8f6,0,,good
visa_8492560e1f288420,0,,good
visa_06ee53fa44041b11,0,,good
visa_7294fee6821907c5,0,,good
visa_bf5994b9893483da,0,,good
visa_d0203423b2bf42a5,0,,good
visa_7153160dd77a30b9,0,,good
visa_220bde52ba8b6e1b,0,,good
visa_1b3c4b9e98fe901c,0,,good
visa_1097279eab992b4a,0,,good
visa_1933302deb4a6c8f,0,,good
visa_72ad41b9bb381301,0,,good
visa_5542b40824653584,0,,good
visa_e594e23e3fcdadbe,0,,good
visa_c32961fb6cf49f9b,0,,good
visa_fb27788c5efad19a,0,,good
visa_9fc8150b2cd47db6,0,,good
visa_a45098d24665e87c,0,,good
visa_50c324c45ec0fc4a,0,,good
visa_76121b19288ba39a,0,,good
visa_fcdcd99d50c116b4,0,,good
visa_0a7f92751f53887a,0,,good
visa_1a28c3d402aa4dc7,0,,good
visa_a8b5cf4b764a3f08,0,,good
visa_6f5e6bcfa12efc18,0,,good
visa_c54e38f3af7a8d94,0,,good
visa_dd1cad38f327eed8,0,,good
visa_d22db2f13fcaa1c1,0,,good
visa_30c86930d3d9bcc8,0,,good
visa_42fb92f4c74018c1,0,,good
visa_1c80b0d9dae537ef,0,,good
visa_a1c6fd63b07e10ab,0,,good
visa_5ddb2b64bfd5377f,0,,good
visa_07ab2b1fa3866f87,0,,good
visa_de6f73956250f504,0,,good
visa_e6ba40d61d80c843,0,,good
visa_ad9f275183cb6dc0,0,,good
visa_7a9aba8639394881,0,,good
visa_cfe0b5b82227cb88,0,,good
visa_e649bf4c69e01ca6,0,,good
visa_9c029a1bce0a79a7,0,,good
visa_af16c80fc0b879b0,0,,good
visa_49d966b4c8967387,0,,good
visa_224c7112e70c4296,0,,good
visa_cf9c1949b74761f4,0,,good
visa_7baacfeb5a59fb4c,0,,good
visa_eeb1645ea862722a,0,,good
visa_9282d090aee387e8,0,,good
visa_87b35839afdfb215,0,,good
visa_e81fe0ad1c830822,0,,good
visa_15e3d0f332c4214a,0,,good
visa_5874655716926972,0,,good
visa_687c7787a29e16e7,0,,good
visa_6b8d9d7fbdcac63f,0,,good
visa_c6fad4282564a309,0,,good
visa_8d67a5f4a596edcc,0,,good
visa_12f6ee9818c3aa96,0,,good
visa_9b39d2cb02989c51,0,,good
visa_7ffd6877757f182c,0,,good
visa_87f4651dbd805824,0,,good
visa_1a50b1cdea177a6b,0,,good
visa_fafcf8fce5c9aab2,0,,good
visa_a25bfafca15a2c37,0,,good
visa_8e7ab53d30b46ef7,0,,good
visa_25b11f9faf3305f7,0,,good
visa_fc883609f4fb52af,0,,good
visa_56a9b1fdcbb52379,0,,good
visa_317bf6a729c5498e,0,,good
visa_6fb01928670e4603,0,,good
visa_dbc593db2bd7f631,0,,good
visa_a0dc2ed505183670,0,,good
visa_3fe961cc927943e4,0,,good
visa_19d64db135c267d9,0,,good
visa_32f3e57c445f414b,0,,good
visa_06e2b6098eed3d1c,0,,good
visa_4d95dff0d9628199,0,,good
visa_78bf56e9fe8d443a,0,,good
visa_efd85aab291affe2,0,,good
visa_81042443a504e2ff,0,,good
visa_9a52f6183517992a,0,,good
visa_9347ed3c70fedb95,0,,good
visa_b5fe2a1f2d3e9d7f,0,,good
visa_d1bfaa94c2bc81b4,0,,good
visa_3c51c670b621d6c5,0,,good
visa_e165b20b895dddab,0,,good
visa_733aca943d883508,0,,good
visa_5027e3083788188d,0,,good
visa_0336a36dd9588421,0,,good
visa_bf64107a91650241,0,,good
visa_3ad6c7fa57069403,0,,good
visa_6a3fc17f6474bf6d,0,,good
visa_17c311b61fbc1b64,0,,good
visa_a47f6ac74bed37b4,0,,good
visa_ef44478f3bf98ec5,0,,good
visa_13d181d3fd16a540,0,,good
visa_b6aa5b8c5af76887,0,,good
visa_ab4af1a521e2aebd,0,,good
visa_07a5c53cd7e13deb,0,,good
visa_ba01d0e5f25ca910,0,,good
visa_41f762b67b02e9b3,0,,good
visa_d578639ce3b5b600,0,,good
visa_a7311de0071ebf34,0,,good
visa_63d2b2187b7f15da,0,,good
visa_a9cef9c18e7af30c,0,,good
visa_ac67c7b6ace05c0d,0,,good
visa_325c9f1c10d8402e,0,,good
visa_0b0465ef824074b0,0,,good
visa_8951782640e41563,0,,good
visa_b7784279271a8783,0,,good
visa_d9380568a2b8c056,0,,good
visa_2a0d6115e1f213bb,0,,good
visa_da6a895eaa165fef,0,,good
visa_c0b162bce0744ac3,0,,good
visa_15e0c80f4f33b427,0,,good
visa_1101b0f487d73b05,0,,good
visa_9cef74ba17b004fd,0,,good
visa_b7b728027305ebe9,0,,good
visa_2f18f5b8098c6b1d,0,,good
visa_f1bb550718038f29,0,,good
visa_920a260cb5ad4ceb,0,,good
visa_de9031a76ff660dc,0,,good
visa_d71d9a6e8b398e43,0,,good
visa_ad5160fadfd4440f,0,,good
visa_3f13cfd3b83ce509,0,,good
visa_856d2efabf797168,0,,good
visa_ab4cf0048e870721,0,,good
visa_4421702aaecf49c1,0,,good
visa_c16ab99010f6cb3f,0,,good
visa_11bc1b478c101d63,0,,good
visa_8f86d77a9ef43046,0,,good
visa_d9f28b84c38917bf,0,,good
visa_d0dea831e8a21b4c,0,,good
visa_e6e8e8015fed14c9,0,,good
visa_bdb5f12d6237742d,0,,good
visa_144aba85e9d1f98e,0,,good
visa_9f17c36d6f748ebd,0,,good
visa_0f63f17e88a7c81f,1,/data/gauss/ldh/myDatasets/VisA/pcb2/Data/Masks/Anomaly/000.png,Anomaly
visa_2b08d0ec376b6a7b,1,/data/gauss/ldh/myDatasets/VisA/pcb2/Data/Masks/Anomaly/001.png,Anomaly
visa_ff73ddd83ff7c2d0,1,/data/gauss/ldh/myDatasets/VisA/pcb2/Data/Masks/Anomaly/002.png,Anomaly
visa_873f891123fc1b52,1,/data/gauss/ldh/myDatasets/VisA/pcb2/Data/Masks/Anomaly/003.png,Anomaly
visa_38f0099d613c12d7,1,/data/gauss/ldh/myDatasets/VisA/pcb2/Data/Masks/Anomaly/004.png,Anomaly
visa_b32a70f803b1a579,1,/data/gauss/ldh/myDatasets/VisA/pcb2/Data/Masks/Anomaly/005.png,Anomaly
visa_9d6dd0e77f3fed32,1,/data/gauss/ldh/myDatasets/VisA/pcb2/Data/Masks/Anomaly/006.png,Anomaly
visa_e62a1c700772ead8,1,/data/gauss/ldh/myDatasets/VisA/pcb2/Data/Masks/Anomaly/007.png,Anomaly
visa_a9e3413861eedb8a,1,/data/gauss/ldh/myDatasets/VisA/pcb2/Data/Masks/Anomaly/008.png,Anomaly
visa_9627a1229ae05136,1,/data/gauss/ldh/myDatasets/VisA/pcb2/Data/Masks/Anomaly/009.png,Anomaly
visa_5bf83dcf245016ba,1,/data/gauss/ldh/myDatasets/VisA/pcb2/Data/Masks/Anomaly/010.png,Anomaly
visa_c4e8cbf8b6bc705d,1,/data/gauss/ldh/myDatasets/VisA/pcb2/Data/Masks/Anomaly/011.png,Anomaly
visa_c836da5c161a1e98,1,/data/gauss/ldh/myDatasets/VisA/pcb2/Data/Masks/Anomaly/012.png,Anomaly
visa_89b5ef9fb1250141,1,/data/gauss/ldh/myDatasets/VisA/pcb2/Data/Masks/Anomaly/013.png,Anomaly
visa_8e665a274d6f5914,1,/data/gauss/ldh/myDatasets/VisA/pcb2/Data/Masks/Anomaly/014.png,Anomaly
visa_04f0d9a48b0fdc57,1,/data/gauss/ldh/myDatasets/VisA/pcb2/Data/Masks/Anomaly/015.png,Anomaly
visa_7676432fa769150a,1,/data/gauss/ldh/myDatasets/VisA/pcb2/Data/Masks/Anomaly/016.png,Anomaly
visa_68667afb57efbf46,1,/data/gauss/ldh/myDatasets/VisA/pcb2/Data/Masks/Anomaly/017.png,Anomaly
visa_e36b92a80e8c849e,1,/data/gauss/ldh/myDatasets/VisA/pcb2/Data/Masks/Anomaly/018.png,Anomaly
visa_5c1f2b0c834a27e2,1,/data/gauss/ldh/myDatasets/VisA/pcb2/Data/Masks/Anomaly/019.png,Anomaly
visa_50920f07bbfa85e2,1,/data/gauss/ldh/myDatasets/VisA/pcb2/Data/Masks/Anomaly/020.png,Anomaly
visa_e654f3d27df89a4a,1,/data/gauss/ldh/myDatasets/VisA/pcb2/Data/Masks/Anomaly/021.png,Anomaly
visa_fe90c5ecbc2214fb,1,/data/gauss/ldh/myDatasets/VisA/pcb2/Data/Masks/Anomaly/022.png,Anomaly
visa_8735082b43868961,1,/data/gauss/ldh/myDatasets/VisA/pcb2/Data/Masks/Anomaly/023.png,Anomaly
visa_f0e1960d26c00bb8,1,/data/gauss/ldh/myDatasets/VisA/pcb2/Data/Masks/Anomaly/024.png,Anomaly
visa_8e51e62b95281ff1,1,/data/gauss/ldh/myDatasets/VisA/pcb2/Data/Masks/Anomaly/025.png,Anomaly
visa_f67c1330f036758d,1,/data/gauss/ldh/myDatasets/VisA/pcb2/Data/Masks/Anomaly/026.png,Anomaly
visa_2b1a1e3ed9da6fdd,1,/data/gauss/ldh/myDatasets/VisA/pcb2/Data/Masks/Anomaly/027.png,Anomaly
visa_80db985d76d5621d,1,/data/gauss/ldh/myDatasets/VisA/pcb2/Data/Masks/Anomaly/028.png,Anomaly
visa_18ff3a8803a74ff5,1,/data/gauss/ldh/myDatasets/VisA/pcb2/Data/Masks/Anomaly/029.png,Anomaly
visa_6b3c09ba8d166877,1,/data/gauss/ldh/myDatasets/VisA/pcb2/Data/Masks/Anomaly/030.png,Anomaly
visa_90276804e41cd05e,1,/data/gauss/ldh/myDatasets/VisA/pcb2/Data/Masks/Anomaly/031.png,Anomaly
visa_d254017939ffe95d,1,/data/gauss/ldh/myDatasets/VisA/pcb2/Data/Masks/Anomaly/032.png,Anomaly
visa_7c5b8ff40e5db148,1,/data/gauss/ldh/myDatasets/VisA/pcb2/Data/Masks/Anomaly/033.png,Anomaly
visa_f0c5eb500795f642,1,/data/gauss/ldh/myDatasets/VisA/pcb2/Data/Masks/Anomaly/034.png,Anomaly
visa_503ce4e5ed174498,1,/data/gauss/ldh/myDatasets/VisA/pcb2/Data/Masks/Anomaly/035.png,Anomaly
visa_5b46447da6be8e2a,1,/data/gauss/ldh/myDatasets/VisA/pcb2/Data/Masks/Anomaly/036.png,Anomaly
visa_fedee42c21c2574a,1,/data/gauss/ldh/myDatasets/VisA/pcb2/Data/Masks/Anomaly/037.png,Anomaly
visa_d4f670a89159891f,1,/data/gauss/ldh/myDatasets/VisA/pcb2/Data/Masks/Anomaly/038.png,Anomaly
visa_f9d082f8ee7eac67,1,/data/gauss/ldh/myDatasets/VisA/pcb2/Data/Masks/Anomaly/039.png,Anomaly
visa_67c6c80ff6d21243,1,/data/gauss/ldh/myDatasets/VisA/pcb2/Data/Masks/Anomaly/040.png,Anomaly
visa_cc492f0087a550e5,1,/data/gauss/ldh/myDatasets/VisA/pcb2/Data/Masks/Anomaly/041.png,Anomaly
visa_823b83072a0e4237,1,/data/gauss/ldh/myDatasets/VisA/pcb2/Data/Masks/Anomaly/042.png,Anomaly
visa_e94f8f82817e61a8,1,/data/gauss/ldh/myDatasets/VisA/pcb2/Data/Masks/Anomaly/043.png,Anomaly
visa_5e640833d1b19377,1,/data/gauss/ldh/myDatasets/VisA/pcb2/Data/Masks/Anomaly/044.png,Anomaly
visa_6d88f334e2facd29,1,/data/gauss/ldh/myDatasets/VisA/pcb2/Data/Masks/Anomaly/045.png,Anomaly
visa_48ee8f99e193f641,1,/data/gauss/ldh/myDatasets/VisA/pcb2/Data/Masks/Anomaly/046.png,Anomaly
visa_1513785eb1a72038,1,/data/gauss/ldh/myDatasets/VisA/pcb2/Data/Masks/Anomaly/047.png,Anomaly
visa_64d4dec87519ce30,1,/data/gauss/ldh/myDatasets/VisA/pcb2/Data/Masks/Anomaly/048.png,Anomaly
visa_f8085fc25d4cbf88,1,/data/gauss/ldh/myDatasets/VisA/pcb2/Data/Masks/Anomaly/049.png,Anomaly
visa_49d2ec1cfac17594,1,/data/gauss/ldh/myDatasets/VisA/pcb2/Data/Masks/Anomaly/050.png,Anomaly
visa_d64d7521ba0e6b43,1,/data/gauss/ldh/myDatasets/VisA/pcb2/Data/Masks/Anomaly/051.png,Anomaly
visa_7aa95c82cbdce54f,1,/data/gauss/ldh/myDatasets/VisA/pcb2/Data/Masks/Anomaly/052.png,Anomaly
visa_0ad8b766a08f4b96,1,/data/gauss/ldh/myDatasets/VisA/pcb2/Data/Masks/Anomaly/053.png,Anomaly
visa_4af4b16b5fc7c2b3,1,/data/gauss/ldh/myDatasets/VisA/pcb2/Data/Masks/Anomaly/054.png,Anomaly
visa_1d4e3e6c0e79e3f7,1,/data/gauss/ldh/myDatasets/VisA/pcb2/Data/Masks/Anomaly/055.png,Anomaly
visa_7d2d9284beef0f67,1,/data/gauss/ldh/myDatasets/VisA/pcb2/Data/Masks/Anomaly/056.png,Anomaly
visa_c04d891e20b9e72c,1,/data/gauss/ldh/myDatasets/VisA/pcb2/Data/Masks/Anomaly/057.png,Anomaly
visa_42d0b629acada469,1,/data/gauss/ldh/myDatasets/VisA/pcb2/Data/Masks/Anomaly/058.png,Anomaly
visa_f8bb74a94d48ea31,1,/data/gauss/ldh/myDatasets/VisA/pcb2/Data/Masks/Anomaly/059.png,Anomaly
visa_fcf314d4097e14ac,1,/data/gauss/ldh/myDatasets/VisA/pcb2/Data/Masks/Anomaly/060.png,Anomaly
visa_eac8edd3e4c29990,1,/data/gauss/ldh/myDatasets/VisA/pcb2/Data/Masks/Anomaly/061.png,Anomaly
visa_aea0fd708039d1bd,1,/data/gauss/ldh/myDatasets/VisA/pcb2/Data/Masks/Anomaly/062.png,Anomaly
visa_cc0e5bd45f45ff96,1,/data/gauss/ldh/myDatasets/VisA/pcb2/Data/Masks/Anomaly/063.png,Anomaly
visa_d52eed0376aec254,1,/data/gauss/ldh/myDatasets/VisA/pcb2/Data/Masks/Anomaly/064.png,Anomaly
visa_7308e9b2bdd98f9f,1,/data/gauss/ldh/myDatasets/VisA/pcb2/Data/Masks/Anomaly/065.png,Anomaly
visa_426b9f976a3c6de2,1,/data/gauss/ldh/myDatasets/VisA/pcb2/Data/Masks/Anomaly/066.png,Anomaly
visa_6d376047a3a9fa9d,1,/data/gauss/ldh/myDatasets/VisA/pcb2/Data/Masks/Anomaly/067.png,Anomaly
visa_f6f0a205cb4691ed,1,/data/gauss/ldh/myDatasets/VisA/pcb2/Data/Masks/Anomaly/068.png,Anomaly
visa_c8ac2bd171ccbde3,1,/data/gauss/ldh/myDatasets/VisA/pcb2/Data/Masks/Anomaly/069.png,Anomaly
visa_442ccdde0bf8ed04,1,/data/gauss/ldh/myDatasets/VisA/pcb2/Data/Masks/Anomaly/070.png,Anomaly
visa_d28ccacbf48c3748,1,/data/gauss/ldh/myDatasets/VisA/pcb2/Data/Masks/Anomaly/071.png,Anomaly
visa_07b210042412fc87,1,/data/gauss/ldh/myDatasets/VisA/pcb2/Data/Masks/Anomaly/072.png,Anomaly
visa_e7337168ba28eeab,1,/data/gauss/ldh/myDatasets/VisA/pcb2/Data/Masks/Anomaly/073.png,Anomaly
visa_3e4f89198d4ff879,1,/data/gauss/ldh/myDatasets/VisA/pcb2/Data/Masks/Anomaly/074.png,Anomaly
visa_eb8f0643e77c765c,1,/data/gauss/ldh/myDatasets/VisA/pcb2/Data/Masks/Anomaly/075.png,Anomaly
visa_010f97fbce248b1a,1,/data/gauss/ldh/myDatasets/VisA/pcb2/Data/Masks/Anomaly/076.png,Anomaly
visa_877a80666baa5f70,1,/data/gauss/ldh/myDatasets/VisA/pcb2/Data/Masks/Anomaly/077.png,Anomaly
visa_47edab85f1e54d47,1,/data/gauss/ldh/myDatasets/VisA/pcb2/Data/Masks/Anomaly/078.png,Anomaly
visa_6202365e61692d53,1,/data/gauss/ldh/myDatasets/VisA/pcb2/Data/Masks/Anomaly/079.png,Anomaly
visa_398d29adb7f6971a,1,/data/gauss/ldh/myDatasets/VisA/pcb2/Data/Masks/Anomaly/080.png,Anomaly
visa_7940be77c49e50da,1,/data/gauss/ldh/myDatasets/VisA/pcb2/Data/Masks/Anomaly/081.png,Anomaly
visa_4761c87f8fc3528c,1,/data/gauss/ldh/myDatasets/VisA/pcb2/Data/Masks/Anomaly/082.png,Anomaly
visa_7133892c107e9fd9,1,/data/gauss/ldh/myDatasets/VisA/pcb2/Data/Masks/Anomaly/083.png,Anomaly
visa_82a35cf54da44dc2,1,/data/gauss/ldh/myDatasets/VisA/pcb2/Data/Masks/Anomaly/084.png,Anomaly
visa_15c940039bf579e9,1,/data/gauss/ldh/myDatasets/VisA/pcb2/Data/Masks/Anomaly/085.png,Anomaly
visa_ffc5b5e1577e68d0,1,/data/gauss/ldh/myDatasets/VisA/pcb2/Data/Masks/Anomaly/086.png,Anomaly
visa_c0e875f18151953f,1,/data/gauss/ldh/myDatasets/VisA/pcb2/Data/Masks/Anomaly/087.png,Anomaly
visa_63152f2b463c3aa9,1,/data/gauss/ldh/myDatasets/VisA/pcb2/Data/Masks/Anomaly/088.png,Anomaly
visa_feed6ac78e40ae94,1,/data/gauss/ldh/myDatasets/VisA/pcb2/Data/Masks/Anomaly/089.png,Anomaly
visa_5084da6e1c7945e5,1,/data/gauss/ldh/myDatasets/VisA/pcb2/Data/Masks/Anomaly/090.png,Anomaly
visa_6c23c4489d3bb3d7,1,/data/gauss/ldh/myDatasets/VisA/pcb2/Data/Masks/Anomaly/091.png,Anomaly
visa_fc925af6d5f48216,1,/data/gauss/ldh/myDatasets/VisA/pcb2/Data/Masks/Anomaly/092.png,Anomaly
visa_7e927f5fd348070e,1,/data/gauss/ldh/myDatasets/VisA/pcb2/Data/Masks/Anomaly/093.png,Anomaly
visa_b56629ace9432d06,1,/data/gauss/ldh/myDatasets/VisA/pcb2/Data/Masks/Anomaly/094.png,Anomaly
visa_9cda429afd679f93,1,/data/gauss/ldh/myDatasets/VisA/pcb2/Data/Masks/Anomaly/095.png,Anomaly
visa_7cd7c319bca26b96,1,/data/gauss/ldh/myDatasets/VisA/pcb2/Data/Masks/Anomaly/096.png,Anomaly
visa_68160a270b9e02ac,1,/data/gauss/ldh/myDatasets/VisA/pcb2/Data/Masks/Anomaly/097.png,Anomaly
visa_3a6961742eef6fbc,1,/data/gauss/ldh/myDatasets/VisA/pcb2/Data/Masks/Anomaly/098.png,Anomaly
visa_8ec2a4d45db500db,1,/data/gauss/ldh/myDatasets/VisA/pcb2/Data/Masks/Anomaly/099.png,Anomaly
visa_6afa201985bd0523,0,,good
visa_016aa90490707329,0,,good
visa_d018df752ac35748,0,,good
visa_935290f7980efbd4,0,,good
visa_28ed237489e99402,0,,good
visa_f5a3ca3ef55b0138,0,,good
visa_d503d4d3bda63cb3,0,,good
visa_a2ca8380343163df,0,,good
visa_9e87c73bb469beca,0,,good
visa_5b0f815cdc0e3c8d,0,,good
visa_de043e75537dba94,0,,good
visa_dc08aa161d8cc73c,0,,good
visa_33f3ce28fc25f220,0,,good
visa_0b3ad4fed70cc288,0,,good
visa_4068ee75e5eed5fa,0,,good
visa_85082ecf82c1da89,0,,good
visa_733aa2b0b50131fd,0,,good
visa_4e7e3886f9e9e12b,0,,good
visa_2f38f8774ddcf9ba,0,,good
visa_f59cdeb90e5fb06a,0,,good
visa_4e14f12ab144f0b5,0,,good
visa_7567dd7b71a11c60,0,,good
visa_629767c5e08dad51,0,,good
visa_854e7dc525b5388a,0,,good
visa_3eb6b98ac9248f7c,0,,good
visa_4d1d854aebc72276,0,,good
visa_3e83dee819fcf579,0,,good
visa_7c4c9b0c22fab8a5,0,,good
visa_0239faa8d7163b87,0,,good
visa_c990a0b280f63e3c,0,,good
visa_1884f40c741f3861,0,,good
visa_e4db0a5aced9b93a,0,,good
visa_fe57a85e4514a795,0,,good
visa_7c3fdecfa1820bce,0,,good
visa_3f93fa9beec5eed4,0,,good
visa_5ac99fe38026d47e,0,,good
visa_d651f2c45c7de76d,0,,good
visa_963edb2a73b66e05,0,,good
visa_352e01f17583a9d3,0,,good
visa_0c205e522b73ebb6,0,,good
visa_eb31b683b67e6641,0,,good
visa_a4a6251c38795fb2,0,,good
visa_b6aa53192a7e4631,0,,good
visa_5634060904d4c68f,0,,good
visa_5012c664479e35f5,0,,good
visa_178aedb6663c6bf4,0,,good
visa_1526acaa7dba820c,0,,good
visa_6909096b2bdf1134,0,,good
visa_792b534fc3ec2f5d,0,,good
visa_207646e8eaffb3b5,0,,good
visa_6a99d6ba0dd5bc47,0,,good
visa_f343496696ba0741,0,,good
visa_af6f52a43854625e,0,,good
visa_e93e1ca115b1daa2,0,,good
visa_2b8815161aecff2d,0,,good
visa_e86d861ec7168aa8,0,,good
visa_87442fb5826205ef,0,,good
visa_454d5131cba03cf0,0,,good
visa_9e5a2aab3e564804,0,,good
visa_e4d9b97a7895e1b3,0,,good
visa_260690a202f49dd1,0,,good
visa_22f5eafabd65d4d4,0,,good
visa_cfc511c3b96d6e8d,0,,good
visa_ebdf7e551066722c,0,,good
visa_5b4718837741aeb7,0,,good
visa_1b0260c0e5b6829b,0,,good
visa_0cf87c1f2103c7f2,0,,good
visa_e1042021137a6028,0,,good
visa_3f5e82f5973d78d3,0,,good
visa_285ac8f1279ab5a8,0,,good
visa_3d071e225fd82888,0,,good
visa_0a32232b853d2313,0,,good
visa_20ac5015fc9a852c,0,,good
visa_0337a0897199f29f,0,,good
visa_d6fc8c04eda6a0c7,0,,good
visa_1ac560a197e2ab07,0,,good
visa_19239a5c5d20203d,0,,good
visa_61bb30bfb72efde3,0,,good
visa_afffb085a59060a3,0,,good
visa_e891e6f5e454559f,0,,good
visa_e70380d5cf486978,0,,good
visa_e1f588cbce36bda2,0,,good
visa_927e5ca7b14a265b,0,,good
visa_4f342233e84beb75,0,,good
visa_6ae8f65561d87f47,0,,good
visa_692801906a8eac78,0,,good
visa_58c16b51e7ba9fca,0,,good
visa_45643dcf48f6e1ba,0,,good
visa_7c96a6319ad5be07,0,,good
visa_008975cce3ec7072,0,,good
visa_7c092d24e61a0fff,0,,good
visa_31c4c7eec520e640,0,,good
visa_2f7c88f8f522e2c7,0,,good
visa_4109115b762984e6,0,,good
visa_6bbc7a5c8b40be8a,0,,good
visa_426d4111db8ce036,0,,good
visa_9c8fe906a3f47e7d,0,,good
visa_a6a5b13e25cfb810,0,,good
visa_f518de5013092946,0,,good
visa_aaa270a7c2f3538c,0,,good
visa_217ab91e7d1d1993,0,,good
visa_67af225836e47cbb,0,,good
visa_bf5f11b4543663eb,0,,good
visa_712e72cefd7c3044,0,,good
visa_eed0161a13a98910,0,,good
visa_1ac0bc24d909aa3e,0,,good
visa_0b30c8d1879ea972,0,,good
visa_c1ebb8d8ef70f597,0,,good
visa_0430e6a8c8cf852c,0,,good
visa_a91ed51935912e1f,0,,good
visa_29fd6d199266ae7c,0,,good
visa_efc871b7a100377d,0,,good
visa_329a2565d69f04a2,0,,good
visa_3f57275483a798e6,0,,good
visa_f05ae1c50d387f0d,0,,good
visa_e6bd1a5ce667d132,0,,good
visa_f0ee1ad8fbf22383,0,,good
visa_a539b8972d7e2403,0,,good
visa_ec6eaf3400218ff2,0,,good
visa_bdd095ff8fa5a9d8,0,,good
visa_13698afd2b77faf2,0,,good
visa_88e333a232cd8e6d,0,,good
visa_f56b7c90a9b57bd8,0,,good
visa_5df29b29dac2ae8e,0,,good
visa_63f4ae26df3d4cda,0,,good
visa_73004d3bd7a6dc56,0,,good
visa_4c249970b373355c,0,,good
visa_b40b9609d545f0d6,0,,good
visa_1d46102f588a591a,0,,good
visa_a434559c9d2a2b05,0,,good
visa_41c6442e4aea5b38,0,,good
visa_953f6ac3fe3192c6,0,,good
visa_d5a89f4fa24c200c,0,,good
visa_d271bae59bd97eba,0,,good
visa_04e9d05811f158ed,0,,good
visa_37e116454326b4be,0,,good
visa_7a3cf8115abf42f8,0,,good
visa_8dcd816f59af292f,0,,good
visa_b325802c7a295b2f,0,,good
visa_f1f99f7345f64f59,0,,good
visa_7e497276a3c937af,0,,good
visa_d6eb11acc9d77fa8,0,,good
visa_69e3f6c280b00b40,0,,good
visa_3cf4bc90c698f82a,0,,good
visa_4b75553af4cbd617,0,,good
visa_0d2513a880bfcbf3,0,,good
visa_c282d00efa8f0a38,0,,good
visa_5cdbaa615748226a,0,,good
visa_dfb0eddcd3d2db91,0,,good
visa_fed584d1062c5d84,0,,good
visa_f859030493363ba2,0,,good
visa_e0d3843bb24d7b5b,0,,good
visa_eeefc6ff56920db3,0,,good
visa_a3df0c1593a9115f,0,,good
visa_78fb755e5474318a,0,,good
visa_00a0fb8626ad3d23,0,,good
visa_da95da25145e38f0,0,,good
visa_e06ef6c6e6bd71ef,0,,good
visa_84f5394f5c2724c6,0,,good
visa_8b4119a58dcd52df,0,,good
visa_ee8941f9a11b700e,0,,good
visa_e76ff3d79ffe6661,0,,good
visa_1903c8a2b3b65d6f,0,,good
visa_6203cc5ed4724428,0,,good
visa_b7a27446741ecc0f,0,,good
visa_a41fc54cd7c1feef,0,,good
visa_96f5168cb94b5d52,0,,good
visa_27db6f3bac41b049,0,,good
visa_d03e8ad147712008,0,,good
visa_aab6c9cbdbe14d2e,0,,good
visa_616a3601cc92e08b,0,,good
visa_fe60ae391dffd6fd,0,,good
visa_be225073417eafa9,0,,good
visa_7a5f7b0a3343031b,0,,good
visa_97b03f846ae1ec06,0,,good
visa_ecea07a8bffedc03,0,,good
visa_25a36230e2ba1f4b,0,,good
visa_41ed6014bb6bca5e,0,,good
visa_d196943a486dfa9c,0,,good
visa_a3f3781f778a1376,0,,good
visa_f2da7ae3fab3ceb5,0,,good
visa_701a64889ccb9c45,0,,good
visa_4416f208c7e852ec,0,,good
visa_762359b1029a54a1,0,,good
visa_43a4ae8e5344739e,0,,good
visa_11227e38442eb03c,0,,good
visa_6ea8ae3b680fd510,0,,good
visa_ca15afd1204e96f6,0,,good
visa_4a1b2289d833786c,0,,good
visa_ba5a33a6551db028,0,,good
visa_828543fe1f7c44b1,0,,good
visa_c097e99d0fd1cd01,0,,good
visa_f517965552867597,0,,good
visa_fe4c323da77520e8,0,,good
visa_2bcad98e8a53261e,0,,good
visa_54c60d700c465ff6,0,,good
visa_890d5ce854a7f524,0,,good
visa_2e5a928896fd90a7,0,,good
visa_00988da454f2d3e7,0,,good
visa_eb66306a80a773d9,0,,good
visa_2067352a07204a8d,0,,good
visa_15eb034f35427503,0,,good
visa_ed0a0ad78b95677f,0,,good
visa_d000942626b9ddcf,0,,good
visa_7f91682e1e7142ea,0,,good
visa_a7c1dcdafe0e73b9,0,,good
visa_424d2d62f3469a93,0,,good
visa_e2b4aa0736817984,0,,good
visa_8c90238dd309ecbf,0,,good
visa_957948524e8be83a,0,,good
visa_00d0c707ef1391c7,0,,good
visa_e71357d526a20022,0,,good
visa_60a6dc6b6788fd21,0,,good
visa_33be5a284fb2cfcc,0,,good
visa_f05bea5c9da2f768,0,,good
visa_3cdae79f7e402ba8,0,,good
visa_421837113564249d,0,,good
visa_b51d2e1df6fefad0,0,,good
visa_ff42265b3ff93685,0,,good
visa_bcacdf4aa4c6af50,0,,good
visa_c1b59b0bdac08a1c,0,,good
visa_706a3eb3dfd46def,0,,good
visa_731faae6da723261,0,,good
visa_4ebd6575ffb7e6aa,0,,good
visa_18ecbd112d51f40b,0,,good
visa_58c8cdca55324f47,0,,good
visa_df662248beaadf3a,0,,good
visa_0fe5c124dc3a2491,0,,good
visa_0ebba6e674085f11,0,,good
visa_a264c9a0fe4fa144,0,,good
visa_ee33fbb0b78bbe85,0,,good
visa_f799ce11d80410ef,0,,good
visa_42b018d1a8227776,0,,good
visa_1654852b9519049f,0,,good
visa_975d95c4cc1368be,0,,good
visa_8a96ce0fc06b9852,0,,good
visa_5521e706d3eb5d90,0,,good
visa_bc3182b9ce51a6fd,0,,good
visa_a73a9a1083a5baf2,0,,good
visa_9ee9bf132480cac5,0,,good
visa_d4c5159d90ba5112,0,,good
visa_fbe23cc768ccf053,0,,good
visa_a5c4f42409047f02,0,,good
visa_617051f01a5ee0a6,0,,good
visa_115f1f85c98271ea,0,,good
visa_7f0f4a67b1b2326b,0,,good
visa_e11a606a238f87b9,0,,good
visa_e0ce7d8c034ab68a,0,,good
visa_d7b07283e5168b2c,0,,good
visa_cc2818a35686b167,0,,good
visa_67ddd60b7cd1ba19,0,,good
visa_595c806dfbc190fb,0,,good
visa_4a6583255bc3c458,0,,good
visa_983c36ded7827fc6,0,,good
visa_df036fd53d17c2ef,0,,good
visa_880770a8c298510c,0,,good
visa_212890e6f1566d2f,0,,good
visa_63bff3b08bfc5422,0,,good
visa_24ef13ec80c56dcc,0,,good
visa_200bd8f660590bdf,0,,good
visa_4390bfeb6a087ccd,0,,good
visa_a7b925fbe3e035cc,0,,good
visa_b5fab7bb95f3e2b6,0,,good
visa_22f061babafd1cba,0,,good
visa_967b247d2344290e,0,,good
visa_53ad5546d006f4e5,0,,good
visa_a3a60346f04df817,0,,good
visa_37d4fcd6238a137a,0,,good
visa_4aca20aab559d7a7,0,,good
visa_c147c57fa4a0ec1d,0,,good
visa_495574a49a00eed6,0,,good
visa_da3c84dfb5eaa2a2,0,,good
visa_7af5b76fd6f2d033,0,,good
visa_9640771034577d94,0,,good
visa_a3204be17796777d,0,,good
visa_5d59ca7640553fb0,0,,good
visa_2cd96d198680b212,0,,good
visa_031731b0c9522858,0,,good
visa_e2c1ad3a227922a6,0,,good
visa_15f67218cd9e0c38,0,,good
visa_c3330e8e5ca22238,0,,good
visa_eab65af880d581ca,0,,good
visa_4d25e1fe9824c058,0,,good
visa_7dd59b48b0679de9,0,,good
visa_759c149716f5e9f0,0,,good
visa_49ed4df9721eb139,0,,good
visa_9cfa97df900d3c98,0,,good
visa_712db1ec613792db,0,,good
visa_57e401e2c765bbde,0,,good
visa_2432ee279379fc28,0,,good
visa_a3d02145d30c2ab1,0,,good
visa_fa72ce814ec713b8,0,,good
visa_4915592981f2c955,0,,good
visa_24744cb3a1b3584c,0,,good
visa_80f9fcc1fd9d2865,0,,good
visa_4059fc7c6285d6e2,0,,good
visa_f7127d7f0513fe0f,0,,good
visa_1127e2973987b1c9,0,,good
visa_62c3e317a56f3a9d,0,,good
visa_b0c0260280de0b66,0,,good
visa_56d8ae79f3ade9f4,0,,good
visa_1fe186f395223651,0,,good
visa_b2cdc5b732f3ae49,0,,good
visa_d78c9d54e6402182,0,,good
visa_04391b015e11363f,0,,good
visa_1889a7e12d1a0148,0,,good
visa_425beb28c4fc3b43,0,,good
visa_fdd10b57b2939cb1,0,,good
visa_5f8c40f84ff2b5fc,0,,good
visa_4ddbfc60f4e9f929,0,,good
visa_6e786b94d1b0c3ad,0,,good
visa_fec265ce33a6c06b,0,,good
visa_78f411e8e49f39cb,0,,good
visa_822390c834d9b2e7,0,,good
visa_fb5f5b8eba202af5,0,,good
visa_a365819087354aa8,0,,good
visa_6f5897eed3f9badd,0,,good
visa_dbea05b857a889de,0,,good
visa_52ae6c0b528e5914,0,,good
visa_8b07962fc600bd8c,0,,good
visa_3a37073e3bd99103,0,,good
visa_1fe0aa95ac4e646d,0,,good
visa_b8f623d7011e387f,0,,good
visa_d1837cec19f7a84c,0,,good
visa_8535df44e0d1d90a,0,,good
visa_09fc78ce4486f42b,0,,good
visa_e236d9b7eba4fa46,0,,good
visa_b652f9b70a343ddd,0,,good
visa_d5bf09dffab4dbf7,0,,good
visa_798fc8b7e60dd1b3,0,,good
visa_2b5b439086c100fa,0,,good
visa_b646997878676cf3,0,,good
visa_8da394d1d989d0bf,0,,good
visa_545812d910a35c9f,0,,good
visa_e39ab95e2c8e3681,0,,good
visa_aa1f0fa0286a910b,0,,good
visa_21000ad3dd93ef1b,0,,good
visa_71fe6d7b9a50102e,0,,good
visa_e67a63a2c12813b2,0,,good
visa_7562eec8f3366668,0,,good
visa_3e83e54478d9b396,0,,good
visa_d5f370f50e1e25e7,0,,good
visa_6d1bca57076f2e9c,0,,good
visa_90ad57b7751bff2d,0,,good
visa_0b04eb58e4105df0,0,,good
visa_188b05feaecb7a7a,0,,good
visa_4575f452ca65e657,0,,good
visa_1ccfe056d0cc2a4e,0,,good
visa_1b445be5c45ae468,0,,good
visa_21ce4a1f94c65751,0,,good
visa_94239dee3e1db18f,0,,good
visa_e74fdaa30808b6a3,0,,good
visa_4f97237d3f1aa13b,0,,good
visa_f0869b5248f11de3,0,,good
visa_2d077ebd45a0bb0b,0,,good
visa_ad9ac1fda7a609ca,0,,good
visa_2a30c38780614670,0,,good
visa_0a3a0755c1ee967b,0,,good
visa_c8dd7680ad99f765,0,,good
visa_633d929dd5fffaec,0,,good
visa_37379701a4854281,0,,good
visa_fd0a8a0d0cc530fd,0,,good
visa_b3334e0a0537dfaf,0,,good
visa_3317b414b4337228,0,,good
visa_996159cb5d5a68c5,0,,good
visa_fb2a884006aa5d0c,0,,good
visa_230cb92eab1ec0bd,0,,good
visa_7cd9300fc14796d6,0,,good
visa_0183acc9e85c06f3,0,,good
visa_2af5389529c92ac1,0,,good
visa_50338df9660b118e,0,,good
visa_0a78c2a88169c130,0,,good
visa_eece864f3ab68f9c,0,,good
visa_49ea129133c19ef9,0,,good
visa_a8fc30ae9f33107e,0,,good
visa_e73eb208e30fb52e,0,,good
visa_58bf82a0dca1274a,0,,good
visa_a8d3bb46b4aac0c4,0,,good
visa_9c85be2f965d659e,0,,good
visa_32fbf0d337b25b18,0,,good
visa_31e0ff7bf8752988,0,,good
visa_876146e1ac1f0085,0,,good
visa_d61b3d6051f90042,0,,good
visa_88bae14b6f4af912,0,,good
visa_47811cb49b0a399b,0,,good
visa_4377329eb2befc0b,0,,good
visa_634a58b0ae3ca600,0,,good
visa_4005af9d22abd2fc,0,,good
visa_e6db2298baba4f65,0,,good
visa_e7b24b0f0c800f9c,0,,good
visa_c3b42f428a39dc68,0,,good
visa_769024b901c64c36,0,,good
visa_6d5746bde0e7a9e1,0,,good
visa_b6fff92a8fbdad42,0,,good
visa_95de8ea8e5126271,0,,good
visa_e3db28ebfee6fe0f,0,,good
visa_987b3a23267e7559,0,,good
visa_cdf7f7a844703cf0,0,,good
visa_de832e188ba592c1,0,,good
visa_d12cf1213c9c5756,0,,good
visa_34052e6975b2d469,0,,good
visa_609f99868679ef87,0,,good
visa_cc8ed626a43b991e,0,,good
visa_e9f2fbb837fc0a04,0,,good
visa_f230f1ecd7aabefe,0,,good
visa_7dd256300f226adc,0,,good
visa_a36e483e60e662f0,0,,good
visa_8a03934ed3a26001,0,,good
visa_d939b90dbaf9415d,0,,good
visa_f10afe9c2cd734c7,0,,good
visa_0856ba8e8d6c4746,0,,good
visa_72f2d8a81f960fa4,0,,good
visa_c3fc08d67d46c18b,0,,good
visa_dacb4649944a8ac3,0,,good
visa_e89133654bc6a8ea,0,,good
visa_f215b1492dcdc410,0,,good
visa_350d9041482b98dd,0,,good
visa_708e91feed86f0f6,0,,good
visa_ddf3b3326e564f8c,0,,good
visa_1670610f65c30484,0,,good
visa_e4e7fbcc5a4cd428,0,,good
visa_770e1c48193f600d,0,,good
visa_92099c525426c97f,0,,good
visa_b79d4c95baddbbc8,0,,good
visa_747e992bd389adaf,0,,good
visa_290cee426170922b,0,,good
visa_e6943a70140bc708,0,,good
visa_6158fd8c3e0ca0af,0,,good
visa_c17d95ec15816365,0,,good
visa_96f1b35696a57dec,0,,good
visa_62be6765fb02a3de,0,,good
visa_3a6f4d9746ebdd77,0,,good
visa_8f3147fef706967a,0,,good
visa_64c3822b5e1c263e,0,,good
visa_3cee216d0621587a,0,,good
visa_5c2ab9900491c534,0,,good
visa_984bb6567c80477f,0,,good
visa_75a6c7edce463b5b,0,,good
visa_28b0a0d28944e55f,0,,good
visa_a734234ec5a72ae2,0,,good
visa_be219cd52272ad9c,0,,good
visa_a878b7fb29ff89f0,0,,good
visa_657578519f0e9a3a,0,,good
visa_b3e52b297c3aee12,0,,good
visa_457e27cd3caecc6a,0,,good
visa_ccc7737b6b97d7c6,0,,good
visa_febeafd76318fc4d,0,,good
visa_afb9b21c5af20e97,0,,good
visa_e8eef6a60566fb31,0,,good
visa_c9efb74513a1a3e0,0,,good
visa_db968803e79eb00b,0,,good
visa_ddc9b06abb85c717,0,,good
visa_6c8063d7f14629fd,0,,good
visa_70475cb301ba1706,0,,good
visa_6658e11b9054f885,0,,good
visa_6eb62ff60c92caa0,0,,good
visa_f1eb6576a968e6e7,0,,good
visa_0dd17d6b283e2426,0,,good
visa_be186a71451d4c9c,0,,good
visa_2b4350c90bc7ad7f,0,,good
visa_b5588908734c974f,0,,good
visa_309db76b767c0772,0,,good
visa_3d757c7d9246da02,0,,good
visa_619392da7addedc9,0,,good
visa_b7cf21bcf26b854b,0,,good
visa_b5feff830add82ab,0,,good
visa_2ab92887afac23ec,0,,good
visa_4a06ca4bf54fd83f,0,,good
visa_819afe702186d0a4,0,,good
visa_5f71807d61570b2c,0,,good
visa_6f089f8b3ffaeee9,0,,good
visa_05ca60300cdbfd02,0,,good
visa_862723e1e153d563,0,,good
visa_5a975331180a0e03,0,,good
visa_ca2bda1f1096f8f9,0,,good
visa_5af83b847549c8b0,0,,good
visa_ef5e82669560e40d,0,,good
visa_d47a2126b8f7e46b,0,,good
visa_dd83572a13f8cfa5,0,,good
visa_ff57610c4a48c833,0,,good
visa_1c88dba291814649,0,,good
visa_330502aaba75c368,0,,good
visa_f77deefe81ffa2ab,0,,good
visa_9c991ba45218bb49,0,,good
visa_e25c2a8abefd4b17,0,,good
visa_b6b0ed293d19537e,0,,good
visa_1e3c726741c19c55,0,,good
visa_38d3926e30498363,0,,good
visa_e0058039d4a55143,0,,good
visa_70df7c25aaed0f2e,0,,good
visa_b055426bc71d79f9,0,,good
visa_84fa795b9fcf18ae,0,,good
visa_f89be2dd18795820,0,,good
visa_0700858c72d31236,0,,good
visa_7e19e6278ebbbb03,0,,good
visa_4e6221d203813b97,0,,good
visa_db376efd9c69db12,0,,good
visa_f8581df6b25dc153,0,,good
visa_90478ab3db2a63e6,0,,good
visa_8354a8f36a1f0685,0,,good
visa_388f8b349eea9568,0,,good
visa_b90929b176390dc5,0,,good
visa_0b2dbcf8b0eae658,0,,good
visa_73c358acf3f2ba04,0,,good
visa_c4b3571a71608364,0,,good
visa_4acd3d62587a26c8,0,,good
visa_d096042583f3e888,0,,good
visa_a8e01766636b92bf,0,,good
visa_e2bc027cdb92dd2e,0,,good
visa_26edae36bb61ec70,0,,good
visa_60d0fad383220920,0,,good
visa_8e60ee99d5b2fd23,0,,good
visa_3a61f474279f3779,0,,good
visa_ff6247cef6a094e4,0,,good
visa_1355d6e721ec89bb,0,,good
visa_977073c46966f20a,0,,good
visa_09536786df0e444c,0,,good
visa_cdc900d2b26dcf62,0,,good
visa_018d2bee7862503c,0,,good
visa_76d27757a6ce9260,0,,good
visa_cfae3b83f5bb0982,0,,good
visa_7160e011422c38bd,0,,good
visa_0a4ef7c830aeb20b,0,,good
visa_0d554e9778e0c049,0,,good
visa_c873aced144bb266,0,,good
visa_2dbf0e702b34623f,0,,good
visa_4888fff501cb06f0,0,,good
visa_9b55707186913100,0,,good
visa_d1209c2524e8db2f,0,,good
visa_1219424fd5992bec,0,,good
visa_10963235e78f292c,0,,good
visa_aaf7084d51254e3d,0,,good
visa_ab716b9bb65eaa8d,0,,good
visa_c3efb54a94c9df09,0,,good
visa_15e941a00a7eedc2,0,,good
visa_c16443b81b6beac2,0,,good
visa_c3d9ba28d2befcec,0,,good
visa_20f29c0ee6d58cf1,0,,good
visa_2b0a19ab887d3537,0,,good
visa_d6fc721f2a1bbdde,0,,good
visa_1224d46ddd7952f9,0,,good
visa_bf175522e16c840c,0,,good
visa_d97b0104a4400aa5,0,,good
visa_ad32b0497b32f6a6,0,,good
visa_25621b2dae6d5e32,0,,good
visa_ead72a69ebea11ce,0,,good
visa_95d8194d609cd011,0,,good
visa_bae14e1aba7f51e1,0,,good
visa_6f605dcd72037dd3,0,,good
visa_e6d542628970a950,0,,good
visa_3d0c1d60bd944289,0,,good
visa_031cbae8d7448f5e,0,,good
visa_fc7c821b71f4f7a5,0,,good
visa_1bc0921ed192d2ea,0,,good
visa_a46803ee50e521d0,0,,good
visa_d96926dc59bdf972,0,,good
visa_d38b9321e1559124,0,,good
visa_40a935d6957d1997,0,,good
visa_6160ec5835d3d145,0,,good
visa_cf53450e7ebd9d70,0,,good
visa_9408be436a923fab,0,,good
visa_7c91673875246d4d,0,,good
visa_55dcd17d95fd6840,0,,good
visa_61a3c0e8136c5cd0,0,,good
visa_4e6f9b68f129eaa5,0,,good
visa_6e1b7ad843655e92,0,,good
visa_95e0b26f41a5b8ed,0,,good
visa_487bd91edb239cec,0,,good
visa_2cbf28d8200af824,0,,good
visa_e1b6bf80ba09f1ed,0,,good
visa_d87fb5a6e79b514b,0,,good
visa_acfaf0446a930120,0,,good
visa_8cb4611119089483,0,,good
visa_685c1e1ca3bde4a3,0,,good
visa_bb010176465e2041,0,,good
visa_26c2548faa47230f,0,,good
visa_9048a302bf4aec55,0,,good
visa_a1015665128dad0a,0,,good
visa_8a4a32a6ea229c1b,0,,good
visa_d1402d1d912fe282,0,,good
visa_e7ff04c0d7eb13cf,0,,good
visa_956e5c1552526ead,0,,good
visa_2b0fe63ee26cb47c,0,,good
visa_c431105f07e6794b,0,,good
visa_fffede97747fa49c,0,,good
visa_4ce3dd58bf888fe5,0,,good
visa_5aed9c86b11ddda5,0,,good
visa_9b01509bcafe4e94,0,,good
visa_6843fda479e2a168,0,,good
visa_db9db5d0accce920,0,,good
visa_9c13cbaa2d56b311,0,,good
visa_8d05331ad09d2148,0,,good
visa_e29a340b7cd05c84,0,,good
visa_9e533d4f5e24075e,0,,good
visa_b9e222f59879bd53,0,,good
visa_478a965b5536dc09,0,,good
visa_2389ea5fa581aa62,0,,good
visa_2674aec4900801f6,0,,good
visa_1256daaa861c9c47,0,,good
visa_3a2f8fadc6d13e89,0,,good
visa_e87a546c79c1f5b4,0,,good
visa_4bf75c5e63db7ade,0,,good
visa_a1f2d3837a897323,0,,good
visa_f9aa8175fce51ade,0,,good
visa_33bc49bba1f79ebe,0,,good
visa_082033fcd743435f,0,,good
visa_e49f0355146baf45,0,,good
visa_b13f79db4e7a2d7e,0,,good
visa_fd5fa25872b55953,0,,good
visa_4eb7f5c07d392eeb,0,,good
visa_132fa997001c6013,0,,good
visa_296ada069022e4e8,0,,good
visa_61ceaac40188145f,0,,good
visa_a9b42240351935b1,0,,good
visa_01e041999607476b,0,,good
visa_3310c5c1b897b44c,0,,good
visa_ec3c57c171784135,0,,good
visa_4c3235a764a5a177,0,,good
visa_a6a3695a7517fa5e,0,,good
visa_aef3055d30625ce8,0,,good
visa_c973a972539c9d97,0,,good
visa_d484dc1aa776eb20,0,,good
visa_4ed907698f1d2c02,0,,good
visa_9377b08f0c4ce36c,0,,good
visa_a28a9c2fb29d630e,0,,good
visa_3d5c8e90434a5142,0,,good
visa_47372c1fcc11327d,0,,good
visa_fd16f05362ad16de,0,,good
visa_72a0759a0e87c2e8,0,,good
visa_79e5a7de036cb474,0,,good
visa_9c0d9b9aed04410e,0,,good
visa_78d20722bcd2ab96,0,,good
visa_0ab3ba4a98df6971,0,,good
visa_e2521eb15515d84c,0,,good
visa_29cb08eaba6dc957,0,,good
visa_3c122d7bc980572b,0,,good
visa_d468860576c69600,0,,good
visa_6f342915200bcbd6,0,,good
visa_5d3ec62168b3f9fa,0,,good
visa_768a5ea5092a6ceb,0,,good
visa_fa51ee06ea0ea471,0,,good
visa_48cefec285b26055,0,,good
visa_c42f7a98d9e32db9,0,,good
visa_38baa8a81d3f3fdd,0,,good
visa_f6a0076f705ec052,0,,good
visa_118809978f547fd2,0,,good
visa_80a956e6f90fdcb3,0,,good
visa_cf6e01369b5e07bf,0,,good
visa_cdbb9a60c5b6afac,0,,good
visa_241c26f79fdc4a49,0,,good
visa_9522955872a3499b,0,,good
visa_b09fa4e3c4663443,0,,good
visa_db486ab7d733d5fa,0,,good
visa_1dd927f82e952f17,0,,good
visa_575e28a8b9ec2d18,0,,good
visa_6aa8370aa056734b,0,,good
visa_fbbd74002db1ffb0,0,,good
visa_d35355079b1f4731,0,,good
visa_d819a16c9ebce205,0,,good
visa_9b0b33f5d24561f0,0,,good
visa_1987c7767fdc2da0,0,,good
visa_755b9bbc9073bf9c,0,,good
visa_35d9811b4b99f4eb,0,,good
visa_371d5b719d4ab895,0,,good
visa_7870852b1d8d989b,0,,good
visa_6adbec7df3313fa2,0,,good
visa_7760f7eefd84952e,0,,good
visa_42e76c9101ee9c31,0,,good
visa_d9f25582d9d5e238,0,,good
visa_0999d1ca896b791f,0,,good
visa_c728f67459688de8,0,,good
visa_d59e258db63a49c3,0,,good
visa_2be2fb39b6235587,0,,good
visa_04b54a0f344784c5,0,,good
visa_2fdc73a48fc79ff9,0,,good
visa_3c4ed663caf4e125,0,,good
visa_a38acb83e638cf46,0,,good
visa_bfca5af1208debd0,0,,good
visa_35cab41c21c53c4c,0,,good
visa_946edd4564732f56,0,,good
visa_b12931aabca5b8c0,0,,good
visa_b16e525a9c4fad14,0,,good
visa_c0daf3cd6d225583,0,,good
visa_a1572055d5adbd3f,0,,good
visa_9dc3fbd934928512,0,,good
visa_36a501f18106331c,0,,good
visa_8b43e086f469f27d,0,,good
visa_f9773bd553fdfe88,0,,good
visa_87105ca67330beb1,0,,good
visa_b8a859ad2c4eadac,0,,good
visa_37974f35a7029dbc,0,,good
visa_abda3620f00b97a0,0,,good
visa_115767f281002a3d,0,,good
visa_62a53de042db85e2,0,,good
visa_fb7a4e58f89ee7b0,0,,good
visa_dc0b0ca72c6cb014,0,,good
visa_f2ad0fbd0bd8cc63,0,,good
visa_2906375a220d022f,0,,good
visa_8da8090bc81be3fb,0,,good
visa_98d2c1defb4307aa,0,,good
visa_c490f8024e5ce829,0,,good
visa_9f47fc425908a5ee,0,,good
visa_b4a286c905080930,0,,good
visa_14be9c8b4baede69,0,,good
visa_b5a970fec9de4f2f,0,,good
visa_b771c1d7f22b0e93,0,,good
visa_4acbb0fc4bc87d33,0,,good
visa_4e94ba17690c3ea8,0,,good
visa_5cee014e052f2722,0,,good
visa_0833d9fe4a8dc260,0,,good
visa_ca6700846bf6f5f5,0,,good
visa_0fb8c1ec05284623,0,,good
visa_f34f46dc544102ad,0,,good
visa_1d8c061cd98d78f0,0,,good
visa_6ce3f3da9068a1f5,0,,good
visa_d39eb60ccf4a401a,0,,good
visa_07624c8f77b7aeea,0,,good
visa_c5f1684cd62ac364,0,,good
visa_1c7023248fb7eeaf,0,,good
visa_071d3ed7c135a10e,0,,good
visa_5937b10f09bf33f5,0,,good
visa_9b4e28c20343d517,0,,good
visa_1d294bcf6aa4a9fe,0,,good
visa_2c9402509bda5563,0,,good
visa_050e1dfe24746b67,0,,good
visa_3e1a5be3b5ea45e9,0,,good
visa_e5347666b0409215,0,,good
visa_db2c875eeadae9a3,0,,good
visa_733c891cc7282f2e,0,,good
visa_b443af2e338d0f3e,0,,good
visa_ed0f4ad1456e6f7d,0,,good
visa_88eb4463b471097e,0,,good
visa_c52024ec511b8456,0,,good
visa_0ee60f155bd91cff,0,,good
visa_9b7cee8c42b67215,0,,good
visa_1088ca3e987739cc,0,,good
visa_a1a17c4b6d82d2bb,0,,good
visa_6b100c5dd2b129fe,0,,good
visa_306b1e95da828b3d,0,,good
visa_26f30e5adfb29952,0,,good
visa_ba94db71c33e996e,0,,good
visa_7b5804a75f0d9be5,0,,good
visa_e4137186b10423e9,0,,good
visa_d490ce1c2fa474aa,0,,good
visa_1fd55eab7226ec37,0,,good
visa_3bb5bc6cd33bc221,0,,good
visa_2e7bdc386a9dd078,0,,good
visa_926d8ef37df7d868,0,,good
visa_033d53c5b425addd,0,,good
visa_c32e26a4e2224516,0,,good
visa_d73d3a8ec02fb4ba,0,,good
visa_60cfe51ca51f8a99,0,,good
visa_3e61203438a1c6be,0,,good
visa_ead38331919604a6,0,,good
visa_b85a53d665deb1cc,0,,good
visa_9ebd6c14b2d18d6d,0,,good
visa_fd6bdc48e2d97ce1,0,,good
visa_8bebb97d1a37dfd4,0,,good
visa_b6b00f66e4efa79b,0,,good
visa_e5c1f3343aab16dc,0,,good
visa_43a058ff305cdf7a,0,,good
visa_3cd6e56f6b7f9c50,0,,good
visa_d4fcbad9d3286f37,0,,good
visa_1e90e04c510ab4a6,0,,good
visa_e20401d87a91804f,0,,good
visa_8073704150b4c8a5,0,,good
visa_73f6f011c6c08a87,0,,good
visa_52fa02acc7af3dfd,0,,good
visa_565a316d9609e5bf,0,,good
visa_c645de4bc5fd41c2,0,,good
visa_e3af77cd98749d36,0,,good
visa_35067ad08b4d5a03,0,,good
visa_800fa69c0a7574cf,0,,good
visa_0698e48b51e40f85,0,,good
visa_a9ed3880a57b6030,0,,good
visa_00241dc25a334534,0,,good
visa_1b23fc8fee6ed656,0,,good
visa_1e2650110cbe960a,0,,good
visa_2d604818570c5f07,0,,good
visa_3a5b4af51bcd7a54,0,,good
visa_7693d9491b0ea328,0,,good
visa_6582a0047e1964a7,0,,good
visa_0abf25cf0fb6b07d,0,,good
visa_9af267d818abf413,0,,good
visa_e4c48c20d12046ee,0,,good
visa_a276364ec9ea93b0,0,,good
visa_c77cac9ed415acbe,0,,good
visa_576bb9491d3a386b,0,,good
visa_6da95c1bd8510ef4,0,,good
visa_9e0942d5cd5f9414,0,,good
visa_f456e9ef8ef0c5db,0,,good
visa_a30d9e9597974a5c,0,,good
visa_d2eee8358aeb940c,0,,good
visa_c31a8bd02d35d78c,0,,good
visa_734084b2129e7931,0,,good
visa_a6926073a76a4306,0,,good
visa_3c1d00064cde4f0f,0,,good
visa_81239dc4aa8d5186,0,,good
visa_04f9940f5bfd14bc,0,,good
visa_425d64c856681b3c,0,,good
visa_181e4d149fa6145f,0,,good
visa_d3fe7d3c2a7a4d1d,0,,good
visa_1d1eccc1f9bf120c,0,,good
visa_7929870c7a8ae8bb,0,,good
visa_0dca39a10e098056,0,,good
visa_12d12ca710fbe132,0,,good
visa_276ce2326e06136a,0,,good
visa_c46c3f505025a6e9,0,,good
visa_ac71c326ed590b54,0,,good
visa_5e50f5f6c60a1a13,0,,good
visa_9ed07f1b788fcc7f,0,,good
visa_3ac9be1bd5ccdaef,0,,good
visa_2b78ecdf613736cd,0,,good
visa_88efb908f8137cfe,0,,good
visa_9f6c8aeb140db821,0,,good
visa_573820e5b2d9891b,0,,good
visa_603db41dc70f6df3,0,,good
visa_9d529d57941cdeb4,0,,good
visa_aacd147569ae21ff,0,,good
visa_9f00271fb579dd91,0,,good
visa_7978cb702f2f7f41,0,,good
visa_8ad1bf7875f4fe02,0,,good
visa_69d8625717aa139c,0,,good
visa_61408d7a78764183,0,,good
visa_fe652b27eb4bdf0a,0,,good
visa_2f5ec44eca4e8023,0,,good
visa_7237fa552c579b98,0,,good
visa_e2ec06e55d9b8607,0,,good
visa_c53ec436ea703cf4,0,,good
visa_9b8bc6c6a6b2ec0d,0,,good
visa_a90d2d1cad870056,0,,good
visa_10640fbd5ef148c0,0,,good
visa_20ce4aaadf01d6db,0,,good
visa_c3e1f7470317f151,0,,good
visa_ea255f314ca0e4b1,0,,good
visa_9f036495f44eb11a,0,,good
visa_93d7c59473c78082,0,,good
visa_ca96b4ad2f323743,0,,good
visa_268d42825930bc69,0,,good
visa_d0a17ecfb20630cb,0,,good
visa_610c386ed6e5f670,0,,good
visa_41694b14c341c734,0,,good
visa_9ce377c9e558920b,0,,good
visa_b0b8a4f156794acc,0,,good
visa_a20b426963b80060,0,,good
visa_92ab755d61cf6d61,0,,good
visa_4b26cfa5962fb030,0,,good
visa_ff6d621b0582d519,0,,good
visa_3081142c8e349847,0,,good
visa_f9575474dd6bf2ce,0,,good
visa_adca3bcade5811f2,0,,good
visa_fb8c11545c446a5c,0,,good
visa_7803244d159265b3,0,,good
visa_cb857c1858d7e3b8,0,,good
visa_e313bec3df5cd7c8,0,,good
visa_b786c556edf64ec8,0,,good
visa_821f66e401646109,0,,good
visa_414f1a279585b606,0,,good
visa_e917b086810b3eff,0,,good
visa_78436a39d0cb03f8,0,,good
visa_089510045a612fa6,0,,good
visa_501201e0b22c9065,0,,good
visa_ea9b84d7e92b0c89,0,,good
visa_9550037ab1efa562,0,,good
visa_60af8b10125b8746,0,,good
visa_3818d0da5dd1c660,0,,good
visa_a44de12ac82136e8,0,,good
visa_08d7d41efedd2b73,0,,good
visa_63761d34f945c926,0,,good
visa_de98803f7060f655,0,,good
visa_06100ffff99f937e,0,,good
visa_1c89f1ecb97c7286,0,,good
visa_dc7a575461530cea,0,,good
visa_6450bdb488ec0e89,0,,good
visa_2786a7a517e34b1a,0,,good
visa_58d5e15180dd665a,0,,good
visa_c844131ce7ed5565,0,,good
visa_c6f95bc6f80af5b9,0,,good
visa_4735612be8aef69e,0,,good
visa_2f91d2b14cb4587e,0,,good
visa_2454f208f986e62a,0,,good
visa_b264b737be40d42a,0,,good
visa_a49658c8cc4c1c4c,0,,good
visa_f2503c3462ede24b,0,,good
visa_4c9997fb95b21c68,0,,good
visa_28c685cbb61ca600,0,,good
visa_7971e4bf8db0b1e5,0,,good
visa_80dc401ffba0e8c9,0,,good
visa_e37705f1661ce254,0,,good
visa_fd56c55d7b36282b,0,,good
visa_f306697e06eaa28a,0,,good
visa_363d25ce91f93b9c,0,,good
visa_620d20d1db2042dc,0,,good
visa_be3de4e87daa8587,0,,good
visa_65d40f84e0e27967,0,,good
visa_f9895a55e3ef1f52,0,,good
visa_728178b8b7c9005a,0,,good
visa_af118215fa4e296f,0,,good
visa_3ee385cf9b9926ec,0,,good
visa_503dd2f0b98f2850,0,,good
visa_ec4dae985ed66b64,0,,good
visa_f3ee97af7e6191b4,0,,good
visa_345b9f5c901d8212,0,,good
visa_3ff0532d633ea403,0,,good
visa_dbfb336f4ca9bcf0,0,,good
visa_236539f38edba0a0,0,,good
visa_d59eab4e51336abf,0,,good
visa_5b1fce1b4f6e462a,0,,good
visa_ef5207bc74f06156,0,,good
visa_57ec4509d0c18774,0,,good
visa_f4190fb61c69b987,0,,good
visa_4f93110560c3a47f,0,,good
visa_b82b8e67eee00db5,0,,good
visa_ca8b7f3073779ae1,0,,good
visa_1ee70363c4194cba,0,,good
visa_018f10d590fdc93d,0,,good
visa_2585ea0daa7c335d,0,,good
visa_b339369aa20e703d,0,,good
visa_dc0ae150d35fa696,0,,good
visa_135ad962d8c7bbe0,0,,good
visa_51c822f7a0ce8d13,0,,good
visa_99ccd262038d0c2b,0,,good
visa_c43f1ae37c58d77e,0,,good
visa_33b9785ffc80a9dd,0,,good
visa_0066f44ca9e57d0f,0,,good
visa_de725122f34b6e5e,0,,good
visa_25c9282075525ead,0,,good
visa_a8adc24875dd91c4,0,,good
visa_6fd3abf55d8f6db0,0,,good
visa_48da2503975da0e5,0,,good
visa_424e10ef082b07e1,0,,good
visa_4b7528cc2040465e,0,,good
visa_c4ec5b780aaee0e0,0,,good
visa_24fb0435c868447f,0,,good
visa_4fa1101b9cec4a0c,0,,good
visa_26ecd9343f6a0ac3,0,,good
visa_5ab09911bca575b4,0,,good
visa_78e4b9513801d694,0,,good
visa_d6e9f1fb834d3f13,0,,good
visa_c818ffbec7176eae,0,,good
visa_6222a4244c010b9c,0,,good
visa_839306153011ee67,0,,good
visa_6e1dbd35f41a6ad8,0,,good
visa_dfe3ae6e164b44e0,0,,good
visa_45994205bf74ad9e,0,,good
visa_477d29cfaca2f194,0,,good
visa_378c077b1a5d1e68,0,,good
visa_0244d82fc772f076,0,,good
visa_c91e64c5313cdc98,0,,good
visa_5aef62369b0a59b7,0,,good
visa_b8ffb9dcd916453d,0,,good
visa_bb3cef076d2156a6,0,,good
visa_047bda08ea6fe5dc,0,,good
visa_f88a2f626e12d738,0,,good
visa_6078e1290164d8c0,0,,good
visa_0606b7976c4c4a0e,0,,good
visa_69341ca94ee65c4f,0,,good
visa_91d8052dfce2ba11,0,,good
visa_991246825e6e00a1,0,,good
visa_a554343c78f26f8a,0,,good
visa_ff3d9aafebe52705,0,,good
visa_c6c342de3bb5e79a,0,,good
visa_b9885ab0ad3f768b,0,,good
visa_b957d0cb2a7eea6a,0,,good
visa_ebf97074094744ef,0,,good
visa_3ef8ef2504eec233,0,,good
visa_d2fc9aa7907392d5,0,,good
visa_8d2a140d6dd91209,0,,good
visa_674822baad26154a,0,,good
visa_eee6fdc6fe43789b,0,,good
visa_8119d6aec97cc9f3,0,,good
visa_5504d294cd83a904,0,,good
visa_a27493f8fe6b49be,0,,good
visa_f6e60c27b12ae9e3,0,,good
visa_dcd8d29fe2fcebc8,0,,good
visa_a4edc0b497d3dd5b,0,,good
visa_8278e2105d46c37b,0,,good
visa_dac0eb250270d011,0,,good
visa_6ab81a2de8e7fb60,0,,good
visa_37ff678c433b679d,0,,good
visa_3b4192dc1ada038d,0,,good
visa_183b8aba04de0f76,0,,good
visa_14f89131600d7372,0,,good
visa_ff864c0d899156c3,0,,good
visa_2e57a885bd06422e,0,,good
visa_342cfb52393dd216,0,,good
visa_0e542e4ae97bedc2,0,,good
visa_ff6abb72cdae77e4,0,,good
visa_55ad7e17d45da06a,0,,good
visa_1672f5310340ae9e,0,,good
visa_2bad23269442b08f,0,,good
visa_b8bb0a097c915f56,0,,good
visa_f2d5b01331e96af2,0,,good
visa_52eab249e0f12277,0,,good
visa_3ec256e0e212931a,0,,good
visa_338f96b19775cfb3,0,,good
visa_5bffa9ca6279353a,0,,good
visa_887b48f80e108dbd,0,,good
visa_60acd65aa854da92,0,,good
visa_677f340df32880c5,0,,good
visa_71eb999214ef0f1f,0,,good
visa_5a31a84ad887732e,0,,good
visa_b8f21c19cebe70ab,0,,good
visa_35931993aa648a60,0,,good
visa_18b5670b2965c4bd,0,,good
visa_f0a9f1c1cc33296f,0,,good
visa_32884926929c7ca1,1,/data/gauss/ldh/myDatasets/VisA/pcb3/Data/Masks/Anomaly/000.png,Anomaly
visa_a7fd769427b1bebd,1,/data/gauss/ldh/myDatasets/VisA/pcb3/Data/Masks/Anomaly/001.png,Anomaly
visa_4ce29525051e3d6c,1,/data/gauss/ldh/myDatasets/VisA/pcb3/Data/Masks/Anomaly/002.png,Anomaly
visa_2deb1b48aa4c0e62,1,/data/gauss/ldh/myDatasets/VisA/pcb3/Data/Masks/Anomaly/003.png,Anomaly
visa_dcb12882d3005b50,1,/data/gauss/ldh/myDatasets/VisA/pcb3/Data/Masks/Anomaly/004.png,Anomaly
visa_72c46814e8ddc3c5,1,/data/gauss/ldh/myDatasets/VisA/pcb3/Data/Masks/Anomaly/005.png,Anomaly
visa_30a008b572811667,1,/data/gauss/ldh/myDatasets/VisA/pcb3/Data/Masks/Anomaly/006.png,Anomaly
visa_3940d779ee7bd00c,1,/data/gauss/ldh/myDatasets/VisA/pcb3/Data/Masks/Anomaly/007.png,Anomaly
visa_613bae06d326b008,1,/data/gauss/ldh/myDatasets/VisA/pcb3/Data/Masks/Anomaly/008.png,Anomaly
visa_2deece1c1e50f930,1,/data/gauss/ldh/myDatasets/VisA/pcb3/Data/Masks/Anomaly/009.png,Anomaly
visa_19fda6a51702dfdb,1,/data/gauss/ldh/myDatasets/VisA/pcb3/Data/Masks/Anomaly/010.png,Anomaly
visa_399e5f7973c65ddf,1,/data/gauss/ldh/myDatasets/VisA/pcb3/Data/Masks/Anomaly/011.png,Anomaly
visa_72cef0cb453b16c6,1,/data/gauss/ldh/myDatasets/VisA/pcb3/Data/Masks/Anomaly/012.png,Anomaly
visa_d7db6f4792ce5151,1,/data/gauss/ldh/myDatasets/VisA/pcb3/Data/Masks/Anomaly/013.png,Anomaly
visa_f5576a43c73adef9,1,/data/gauss/ldh/myDatasets/VisA/pcb3/Data/Masks/Anomaly/014.png,Anomaly
visa_a68e2714455f0b88,1,/data/gauss/ldh/myDatasets/VisA/pcb3/Data/Masks/Anomaly/015.png,Anomaly
visa_aa016115e56a0f55,1,/data/gauss/ldh/myDatasets/VisA/pcb3/Data/Masks/Anomaly/016.png,Anomaly
visa_8b01b0badff320a3,1,/data/gauss/ldh/myDatasets/VisA/pcb3/Data/Masks/Anomaly/017.png,Anomaly
visa_fc359e11bac90796,1,/data/gauss/ldh/myDatasets/VisA/pcb3/Data/Masks/Anomaly/018.png,Anomaly
visa_5f72ed1c0795f04f,1,/data/gauss/ldh/myDatasets/VisA/pcb3/Data/Masks/Anomaly/019.png,Anomaly
visa_dca3d367b24780b9,1,/data/gauss/ldh/myDatasets/VisA/pcb3/Data/Masks/Anomaly/020.png,Anomaly
visa_94731e0f251b0212,1,/data/gauss/ldh/myDatasets/VisA/pcb3/Data/Masks/Anomaly/021.png,Anomaly
visa_a7e6b33ed7dc7f46,1,/data/gauss/ldh/myDatasets/VisA/pcb3/Data/Masks/Anomaly/022.png,Anomaly
visa_a34d4218d8ed7a15,1,/data/gauss/ldh/myDatasets/VisA/pcb3/Data/Masks/Anomaly/023.png,Anomaly
visa_fd38425383757f82,1,/data/gauss/ldh/myDatasets/VisA/pcb3/Data/Masks/Anomaly/024.png,Anomaly
visa_3bf1e596a7d7abd7,1,/data/gauss/ldh/myDatasets/VisA/pcb3/Data/Masks/Anomaly/025.png,Anomaly
visa_f86eda4ef449dbba,1,/data/gauss/ldh/myDatasets/VisA/pcb3/Data/Masks/Anomaly/026.png,Anomaly
visa_a39589ec865b95f9,1,/data/gauss/ldh/myDatasets/VisA/pcb3/Data/Masks/Anomaly/027.png,Anomaly
visa_383c8064d25c819a,1,/data/gauss/ldh/myDatasets/VisA/pcb3/Data/Masks/Anomaly/028.png,Anomaly
visa_f80b08dbbf2ba3fe,1,/data/gauss/ldh/myDatasets/VisA/pcb3/Data/Masks/Anomaly/029.png,Anomaly
visa_3ba8696a79104506,1,/data/gauss/ldh/myDatasets/VisA/pcb3/Data/Masks/Anomaly/030.png,Anomaly
visa_a0531c0de0c358b3,1,/data/gauss/ldh/myDatasets/VisA/pcb3/Data/Masks/Anomaly/031.png,Anomaly
visa_28d3e8394e55885c,1,/data/gauss/ldh/myDatasets/VisA/pcb3/Data/Masks/Anomaly/032.png,Anomaly
visa_737e5a34dcf3d912,1,/data/gauss/ldh/myDatasets/VisA/pcb3/Data/Masks/Anomaly/033.png,Anomaly
visa_7fef478752b4db41,1,/data/gauss/ldh/myDatasets/VisA/pcb3/Data/Masks/Anomaly/034.png,Anomaly
visa_5eda6b10ea3b45d8,1,/data/gauss/ldh/myDatasets/VisA/pcb3/Data/Masks/Anomaly/035.png,Anomaly
visa_73b49494cb497b17,1,/data/gauss/ldh/myDatasets/VisA/pcb3/Data/Masks/Anomaly/036.png,Anomaly
visa_9d718b7dad25f7da,1,/data/gauss/ldh/myDatasets/VisA/pcb3/Data/Masks/Anomaly/037.png,Anomaly
visa_80fb65402206cfee,1,/data/gauss/ldh/myDatasets/VisA/pcb3/Data/Masks/Anomaly/038.png,Anomaly
visa_785f238386741bef,1,/data/gauss/ldh/myDatasets/VisA/pcb3/Data/Masks/Anomaly/039.png,Anomaly
visa_b8665502f71b34b7,1,/data/gauss/ldh/myDatasets/VisA/pcb3/Data/Masks/Anomaly/040.png,Anomaly
visa_a9003f2aa834fffe,1,/data/gauss/ldh/myDatasets/VisA/pcb3/Data/Masks/Anomaly/041.png,Anomaly
visa_d4c7c90d774ba248,1,/data/gauss/ldh/myDatasets/VisA/pcb3/Data/Masks/Anomaly/042.png,Anomaly
visa_ce359c8fe76d532e,1,/data/gauss/ldh/myDatasets/VisA/pcb3/Data/Masks/Anomaly/043.png,Anomaly
visa_e5e00e5cb325eef4,1,/data/gauss/ldh/myDatasets/VisA/pcb3/Data/Masks/Anomaly/044.png,Anomaly
visa_0a09e46cfaf95f61,1,/data/gauss/ldh/myDatasets/VisA/pcb3/Data/Masks/Anomaly/045.png,Anomaly
visa_8f4f3341c65ea5cf,1,/data/gauss/ldh/myDatasets/VisA/pcb3/Data/Masks/Anomaly/046.png,Anomaly
visa_c8542f2fbd170fa9,1,/data/gauss/ldh/myDatasets/VisA/pcb3/Data/Masks/Anomaly/047.png,Anomaly
visa_fff61a6cb91da5cb,1,/data/gauss/ldh/myDatasets/VisA/pcb3/Data/Masks/Anomaly/048.png,Anomaly
visa_44ee83f8830c9b43,1,/data/gauss/ldh/myDatasets/VisA/pcb3/Data/Masks/Anomaly/049.png,Anomaly
visa_b62296790f004dbd,1,/data/gauss/ldh/myDatasets/VisA/pcb3/Data/Masks/Anomaly/050.png,Anomaly
visa_57efd2fe99974476,1,/data/gauss/ldh/myDatasets/VisA/pcb3/Data/Masks/Anomaly/051.png,Anomaly
visa_5a089845d920d611,1,/data/gauss/ldh/myDatasets/VisA/pcb3/Data/Masks/Anomaly/052.png,Anomaly
visa_d3677b5c807e0786,1,/data/gauss/ldh/myDatasets/VisA/pcb3/Data/Masks/Anomaly/053.png,Anomaly
visa_a53dd79febad75cb,1,/data/gauss/ldh/myDatasets/VisA/pcb3/Data/Masks/Anomaly/054.png,Anomaly
visa_159405c519e62f01,1,/data/gauss/ldh/myDatasets/VisA/pcb3/Data/Masks/Anomaly/055.png,Anomaly
visa_6d92f44d47a662fe,1,/data/gauss/ldh/myDatasets/VisA/pcb3/Data/Masks/Anomaly/056.png,Anomaly
visa_5afc37edf1d3710b,1,/data/gauss/ldh/myDatasets/VisA/pcb3/Data/Masks/Anomaly/057.png,Anomaly
visa_dd3feb2f5329f918,1,/data/gauss/ldh/myDatasets/VisA/pcb3/Data/Masks/Anomaly/058.png,Anomaly
visa_8f3a81e935668696,1,/data/gauss/ldh/myDatasets/VisA/pcb3/Data/Masks/Anomaly/059.png,Anomaly
visa_6624ea66ba0a5cde,1,/data/gauss/ldh/myDatasets/VisA/pcb3/Data/Masks/Anomaly/060.png,Anomaly
visa_bf3b5fc12160ee6a,1,/data/gauss/ldh/myDatasets/VisA/pcb3/Data/Masks/Anomaly/061.png,Anomaly
visa_419ef2ae74866551,1,/data/gauss/ldh/myDatasets/VisA/pcb3/Data/Masks/Anomaly/062.png,Anomaly
visa_6c917ba00d1411dc,1,/data/gauss/ldh/myDatasets/VisA/pcb3/Data/Masks/Anomaly/063.png,Anomaly
visa_11268d4e3568b5a9,1,/data/gauss/ldh/myDatasets/VisA/pcb3/Data/Masks/Anomaly/064.png,Anomaly
visa_8ef9a2d8334c83c6,1,/data/gauss/ldh/myDatasets/VisA/pcb3/Data/Masks/Anomaly/065.png,Anomaly
visa_7ce9b09fc00aee80,1,/data/gauss/ldh/myDatasets/VisA/pcb3/Data/Masks/Anomaly/066.png,Anomaly
visa_2524ebdbd1f15c1f,1,/data/gauss/ldh/myDatasets/VisA/pcb3/Data/Masks/Anomaly/067.png,Anomaly
visa_8a2a4f4106c0dc2d,1,/data/gauss/ldh/myDatasets/VisA/pcb3/Data/Masks/Anomaly/068.png,Anomaly
visa_fdeaa679720f7504,1,/data/gauss/ldh/myDatasets/VisA/pcb3/Data/Masks/Anomaly/069.png,Anomaly
visa_263d3b1a52d6ef85,1,/data/gauss/ldh/myDatasets/VisA/pcb3/Data/Masks/Anomaly/070.png,Anomaly
visa_b3e47b232247d379,1,/data/gauss/ldh/myDatasets/VisA/pcb3/Data/Masks/Anomaly/071.png,Anomaly
visa_314f8e6d5216db5d,1,/data/gauss/ldh/myDatasets/VisA/pcb3/Data/Masks/Anomaly/072.png,Anomaly
visa_190074d660d37578,1,/data/gauss/ldh/myDatasets/VisA/pcb3/Data/Masks/Anomaly/073.png,Anomaly
visa_d519562901e272ed,1,/data/gauss/ldh/myDatasets/VisA/pcb3/Data/Masks/Anomaly/074.png,Anomaly
visa_ba457ed443e032ff,1,/data/gauss/ldh/myDatasets/VisA/pcb3/Data/Masks/Anomaly/075.png,Anomaly
visa_ccd9ef622982c7a6,1,/data/gauss/ldh/myDatasets/VisA/pcb3/Data/Masks/Anomaly/076.png,Anomaly
visa_ed7a599a7356314e,1,/data/gauss/ldh/myDatasets/VisA/pcb3/Data/Masks/Anomaly/077.png,Anomaly
visa_6d55fee193ed0375,1,/data/gauss/ldh/myDatasets/VisA/pcb3/Data/Masks/Anomaly/078.png,Anomaly
visa_af2f91ec137c7f4b,1,/data/gauss/ldh/myDatasets/VisA/pcb3/Data/Masks/Anomaly/079.png,Anomaly
visa_f8266fbd3d1a01ab,1,/data/gauss/ldh/myDatasets/VisA/pcb3/Data/Masks/Anomaly/080.png,Anomaly
visa_d5d74c6db68482d0,1,/data/gauss/ldh/myDatasets/VisA/pcb3/Data/Masks/Anomaly/081.png,Anomaly
visa_23dc4cf14237b7c2,1,/data/gauss/ldh/myDatasets/VisA/pcb3/Data/Masks/Anomaly/082.png,Anomaly
visa_e44ec575dbb9e770,1,/data/gauss/ldh/myDatasets/VisA/pcb3/Data/Masks/Anomaly/083.png,Anomaly
visa_08dff8972a97fbe2,1,/data/gauss/ldh/myDatasets/VisA/pcb3/Data/Masks/Anomaly/084.png,Anomaly
visa_cfa2282df3746aa9,1,/data/gauss/ldh/myDatasets/VisA/pcb3/Data/Masks/Anomaly/085.png,Anomaly
visa_10f533744d96b97f,1,/data/gauss/ldh/myDatasets/VisA/pcb3/Data/Masks/Anomaly/086.png,Anomaly
visa_7e08efa5ee0b43ec,1,/data/gauss/ldh/myDatasets/VisA/pcb3/Data/Masks/Anomaly/087.png,Anomaly
visa_d822c462917aecdb,1,/data/gauss/ldh/myDatasets/VisA/pcb3/Data/Masks/Anomaly/088.png,Anomaly
visa_2d7cbde9fe1991a9,1,/data/gauss/ldh/myDatasets/VisA/pcb3/Data/Masks/Anomaly/089.png,Anomaly
visa_8ec8e5df3731c949,1,/data/gauss/ldh/myDatasets/VisA/pcb3/Data/Masks/Anomaly/090.png,Anomaly
visa_88ce0cb5cf0a6525,1,/data/gauss/ldh/myDatasets/VisA/pcb3/Data/Masks/Anomaly/091.png,Anomaly
visa_8597250250dfd327,1,/data/gauss/ldh/myDatasets/VisA/pcb3/Data/Masks/Anomaly/092.png,Anomaly
visa_dde091e38724f364,1,/data/gauss/ldh/myDatasets/VisA/pcb3/Data/Masks/Anomaly/093.png,Anomaly
visa_02759efd5ca69905,1,/data/gauss/ldh/myDatasets/VisA/pcb3/Data/Masks/Anomaly/094.png,Anomaly
visa_2486b641351a87f0,1,/data/gauss/ldh/myDatasets/VisA/pcb3/Data/Masks/Anomaly/095.png,Anomaly
visa_329762c36d662ace,1,/data/gauss/ldh/myDatasets/VisA/pcb3/Data/Masks/Anomaly/096.png,Anomaly
visa_bf5202089f17117b,1,/data/gauss/ldh/myDatasets/VisA/pcb3/Data/Masks/Anomaly/097.png,Anomaly
visa_6aa9d88eb072d402,1,/data/gauss/ldh/myDatasets/VisA/pcb3/Data/Masks/Anomaly/098.png,Anomaly
visa_7c487b32d443506d,1,/data/gauss/ldh/myDatasets/VisA/pcb3/Data/Masks/Anomaly/099.png,Anomaly
visa_4a4180effd3bdb53,0,,good
visa_c110d0c7afd2b755,0,,good
visa_494352bdeef247d4,0,,good
visa_ec807551900458d4,0,,good
visa_a94e26b6351f0a1c,0,,good
visa_ea03c5a4ae29e2d4,0,,good
visa_0a208cd76a2686d6,0,,good
visa_5212292210854b57,0,,good
visa_539e6f82379f8aac,0,,good
visa_366c62066e7b903b,0,,good
visa_e004f3545d7c9db6,0,,good
visa_99e121945b83f48f,0,,good
visa_5794c66247b9198b,0,,good
visa_627555ba91c8a97f,0,,good
visa_4b9e25d938173d1c,0,,good
visa_8fd6081b60d439ff,0,,good
visa_90296099da3b172d,0,,good
visa_50997e5e58677b00,0,,good
visa_21b0a5e9bafeeaf9,0,,good
visa_af14f2b422205062,0,,good
visa_8b37370d82bbf7ab,0,,good
visa_1db402273c57c707,0,,good
visa_b0aacbb59d2c4377,0,,good
visa_902212146174d202,0,,good
visa_08927a793c25444d,0,,good
visa_1061462637809b82,0,,good
visa_d5d07a33c70681d6,0,,good
visa_f63fdeb808b31aa9,0,,good
visa_8488ac4e088b326d,0,,good
visa_de0e930883f95281,0,,good
visa_8b1fe4983227872d,0,,good
visa_235572538dc491d9,0,,good
visa_c375a0bdde752a8c,0,,good
visa_65584882483c8a86,0,,good
visa_8f7418d790fc860f,0,,good
visa_194f8c2a44bc0ff9,0,,good
visa_a78d5741764e1992,0,,good
visa_6b94f4d7f93c4dc5,0,,good
visa_099ae0b0a8376b45,0,,good
visa_f774dd0f9bdeabd1,0,,good
visa_2df6278398d60a4e,0,,good
visa_97a3e5358a73c783,0,,good
visa_63b4c5e9acd9b604,0,,good
visa_276a87d50f9f0f4a,0,,good
visa_324d7c30b183a0fc,0,,good
visa_c8368ca0b44f43b0,0,,good
visa_6f99ddc8e94db5a1,0,,good
visa_4e1038637487dc44,0,,good
visa_3c35ca65bb3633dc,0,,good
visa_5fd72b6e89aba909,0,,good
visa_71a88d7669b9ee1f,0,,good
visa_ff5898477968350f,0,,good
visa_a0b18b53133eea61,0,,good
visa_d355ca66ee857806,0,,good
visa_36d82724b0142011,0,,good
visa_e6cf3a819c6862c6,0,,good
visa_cece429c0e5b3017,0,,good
visa_539efa16c1c58c28,0,,good
visa_e6846a28aa47e25c,0,,good
visa_a8515bae01d0bfb9,0,,good
visa_5f0dd864883d0b91,0,,good
visa_d9cd4a0a91e60bcd,0,,good
visa_ecbfb04699da1a78,0,,good
visa_5248c6cc82e228da,0,,good
visa_8beb3f8c8a39657c,0,,good
visa_6aa094fc99442c82,0,,good
visa_47b67e25a16858d5,0,,good
visa_be8820f6e10b0943,0,,good
visa_373b7ced44a31dcf,0,,good
visa_98718f1744a7ad31,0,,good
visa_fdf1d65440b1362f,0,,good
visa_006b51675246fc27,0,,good
visa_a5d7c505344b13d0,0,,good
visa_43678c3f3f6c2be1,0,,good
visa_cb75fb13001efd69,0,,good
visa_e65812b2e0ddbb75,0,,good
visa_aec8f5f2348adaf0,0,,good
visa_bccc668e2e7739c9,0,,good
visa_fc8c8cd8c4586715,0,,good
visa_53d829cc67e31db5,0,,good
visa_cd91b6eb680e7440,0,,good
visa_caf107de7cfa8fe9,0,,good
visa_df2e0214908c1488,0,,good
visa_4fea29bcbac364ce,0,,good
visa_8e36ff028f199f8f,0,,good
visa_a2e4ecca47eec130,0,,good
visa_59b555e0aaa88c1f,0,,good
visa_a97d51ff9c2974b9,0,,good
visa_9bb9a5897b6bf30e,0,,good
visa_b698eea7228078e6,0,,good
visa_5cc11f31611bba22,0,,good
visa_73aa2fe172966375,0,,good
visa_2e09d417eea3101d,0,,good
visa_d9780b3364404126,0,,good
visa_70217594cf1cfc0a,0,,good
visa_54b70e8ebbd76e40,0,,good
visa_6abb711fc4c62549,0,,good
visa_d9c4551c37ac338f,0,,good
visa_908bd63c07db757f,0,,good
visa_d667c33b26353231,0,,good
visa_79dfa8fb3f3263ee,0,,good
visa_62f705a1ab397966,0,,good
visa_b4caa0390c734d7c,0,,good
visa_e349496cce1480ca,0,,good
visa_1aeb96dbe3d40edd,0,,good
visa_12548cdf5ba160ec,0,,good
visa_2ee23b5593eddec2,0,,good
visa_a9d3c992856c1538,0,,good
visa_2afbf7d3e0d3dad3,0,,good
visa_ce5b1bd815268a6c,0,,good
visa_0926a5e82a276a92,0,,good
visa_73346343c213116e,0,,good
visa_80949570b09cc43f,0,,good
visa_4fb2c831afb2a84e,0,,good
visa_352d5c270874b256,0,,good
visa_8a907a6ba9fc15d8,0,,good
visa_b263cefe4adb592d,0,,good
visa_5d6b426445b07fce,0,,good
visa_2373405bd402e6d1,0,,good
visa_ce383e2412c273b6,0,,good
visa_e47b4aadbd47f35b,0,,good
visa_eb12937302aa817f,0,,good
visa_bf51ec458c26fca2,0,,good
visa_f2043244f207e30e,0,,good
visa_43ddbbe79cddc096,0,,good
visa_ad5bf9114fd35aff,0,,good
visa_1757b994ab449dc9,0,,good
visa_a97e80cde2600d5b,0,,good
visa_d8b2d8404abf88a0,0,,good
visa_277c0afff42df6f3,0,,good
visa_2c134749beb2d653,0,,good
visa_611b90959a6be153,0,,good
visa_cf2980be9395f8bf,0,,good
visa_41c65e2f5ba0e59a,0,,good
visa_901766c8cea984e9,0,,good
visa_df4332d49840bb91,0,,good
visa_e4c72266d9d1e9d3,0,,good
visa_d1dac558fabf92a1,0,,good
visa_06638b1a300426f3,0,,good
visa_cf93e2bb293506d4,0,,good
visa_f1ab2a99fcc29830,0,,good
visa_77b0301e70b0ac3b,0,,good
visa_a94a42e2dd111bbd,0,,good
visa_0203700aebe86924,0,,good
visa_ce7a1c85d6c4f065,0,,good
visa_a2af8f8e2a3e2c31,0,,good
visa_7aeadc0052ef7cf2,0,,good
visa_4a4c483b7f192269,0,,good
visa_95c68ee2e7dca3b7,0,,good
visa_e6f647a5685e4ab8,0,,good
visa_c913b9a9b5bfe88a,0,,good
visa_23eefb51caf288aa,0,,good
visa_3a64eb9853d3568f,0,,good
visa_13a318426d45de0e,0,,good
visa_cb54d5f6ea90ad92,0,,good
visa_cfa11bfcebdbe82f,0,,good
visa_ee0eb01dcea36d0d,0,,good
visa_49c9a53a4f3e78ff,0,,good
visa_71e5858750198970,0,,good
visa_c73c8a52b970dc3c,0,,good
visa_6713632dbf724521,0,,good
visa_f814d54192a6a011,0,,good
visa_48a12c0e9fc11562,0,,good
visa_5d0f8c7275c70865,0,,good
visa_828842684636f1e5,0,,good
visa_d02993ec6d8b9ed2,0,,good
visa_d4ff0ed8452c7424,0,,good
visa_ef2f39cfaa39b460,0,,good
visa_adfed9eb50cfab63,0,,good
visa_887342261f7bf5e5,0,,good
visa_bb155a500c588650,0,,good
visa_dd49713028632abc,0,,good
visa_5cdd1b4a924c118a,0,,good
visa_94ffe13b25f5efcb,0,,good
visa_c98a909f4dd27416,0,,good
visa_842f56198d9201fc,0,,good
visa_3d05b614f05ed148,0,,good
visa_79deed13b2a01228,0,,good
visa_648a1ee793d4f36f,0,,good
visa_4efaa36dfa79c498,0,,good
visa_7f3b266e82284e80,0,,good
visa_4d088d2b39b1e161,0,,good
visa_5f1c9779193bf260,0,,good
visa_70c9cb4dad929cea,0,,good
visa_45ca1fc2e07c0491,0,,good
visa_81a309cf60e78bc9,0,,good
visa_aa04a301b22b6a89,0,,good
visa_7ce1294d7881e5d4,0,,good
visa_f2b69d0834817d4b,0,,good
visa_56d9ee8f33fff1a4,0,,good
visa_23be08174028ae1c,0,,good
visa_9f093ed12c9677e5,0,,good
visa_a34c890746de41c8,0,,good
visa_9dad3b49fb7799e0,0,,good
visa_2d01545b44765bbb,0,,good
visa_1b117f91d65f95d6,0,,good
visa_344f9fe587b13440,0,,good
visa_5bf8fe8e8ddcf6ff,0,,good
visa_e9ea09b27db2bc66,0,,good
visa_1f1f254724d62c00,0,,good
visa_95a1fc6e61b9c80d,0,,good
visa_a2a2330adbd56b91,0,,good
visa_f4db8013a9429edb,0,,good
visa_ba7b002290155baf,0,,good
visa_094e3725ce2cd676,0,,good
visa_9d338a40494961a0,0,,good
visa_1765511dc1ef6b2e,0,,good
visa_b51a8f3413cace4b,0,,good
visa_425f045f69648f02,0,,good
visa_c47a82b0a74f0849,0,,good
visa_90bdb5abdaf3da34,0,,good
visa_fc4c420c1609168f,0,,good
visa_1b1141641cfd4d26,0,,good
visa_6e1ff36fb7fce450,0,,good
visa_4c4dbe7f4081d311,0,,good
visa_3738beafba9b12a7,0,,good
visa_3e875b92a0d5e42f,0,,good
visa_0a22ac709660b54e,0,,good
visa_4fbec48b8903e054,0,,good
visa_a2b42f15528bf786,0,,good
visa_8b7d7e9ae14a1a2d,0,,good
visa_5d7d2be78ce67b43,0,,good
visa_bc22baabb9a11816,0,,good
visa_c798868d8b9f531e,0,,good
visa_90ee1caefeb4102d,0,,good
visa_c4bce448963b914e,0,,good
visa_26da384cc62f5431,0,,good
visa_fe9da48cefecb58c,0,,good
visa_658b2d37377164e3,0,,good
visa_ef30b2c10afb8ac6,0,,good
visa_b56ead49ec2d58a7,0,,good
visa_fe65deeec43cb433,0,,good
visa_1cafbc3ed17efd29,0,,good
visa_42827bb088ea9d5e,0,,good
visa_efd0ce4d4d7db158,0,,good
visa_06ce67e4837d5d1e,0,,good
visa_06da2f3721bba133,0,,good
visa_8272635182babacf,0,,good
visa_af34a01d4d2edb13,0,,good
visa_8815aee14389e3b1,0,,good
visa_5a46c2a60d278f54,0,,good
visa_131c6cd69abd4555,0,,good
visa_96a5fdc842bcbc2a,0,,good
visa_d19551c46abfacdd,0,,good
visa_46b70107a0125ba2,0,,good
visa_345b0c7049994416,0,,good
visa_2528281b7b38ede7,0,,good
visa_083a8bbb4badb15d,0,,good
visa_e3b1658c7b21c21b,0,,good
visa_ccc420291d372e90,0,,good
visa_d13cac777d37531a,0,,good
visa_dea627095bffebf8,0,,good
visa_20d68c9fbdc1b1b8,0,,good
visa_fe8717551cfa6915,0,,good
visa_6b0eaed55229a806,0,,good
visa_c291771e2c020e8a,0,,good
visa_937dcb5b9746ad39,0,,good
visa_27766970e42b0a3e,0,,good
visa_a6112dcd394d604f,0,,good
visa_cf3f16e01957f39c,0,,good
visa_16721ff84e80e345,0,,good
visa_91230a86983a92b2,0,,good
visa_8d13607fdd1c7ad3,0,,good
visa_a7d32f2472b44e8a,0,,good
visa_e9b17b8a966f85c6,0,,good
visa_f6aaf0c54b461662,0,,good
visa_6dc570fd84eafc7b,0,,good
visa_8b05643ac64391a9,0,,good
visa_cecebabe49d130cc,0,,good
visa_cf6eb9ca5aee2e2a,0,,good
visa_a285f5ee906e5c67,0,,good
visa_e9b5c900115207ad,0,,good
visa_79c6d15ddf422ec1,0,,good
visa_4c1e6a8dffecf505,0,,good
visa_37eea365b2234c11,0,,good
visa_5de984def4bc8de4,0,,good
visa_ec1acb3e3a201e2d,0,,good
visa_16f2b4c150468f43,0,,good
visa_35bd6cd8e5ab5137,0,,good
visa_6da09cf26714e44e,0,,good
visa_ab347c09437131ec,0,,good
visa_596d4c32815b8412,0,,good
visa_20e8fc4684cab95d,0,,good
visa_bcacb1ba9ce118ea,0,,good
visa_9e17d42291d7a123,0,,good
visa_15d7976c750353e8,0,,good
visa_69cba601d3416597,0,,good
visa_6f058fae71f12563,0,,good
visa_abb2dc81aa19a05c,0,,good
visa_1c66b58f0a15a5a5,0,,good
visa_7c9835739ff9535c,0,,good
visa_ef6208c866a484f6,0,,good
visa_3436bd223977cfcf,0,,good
visa_5f21e7e6fdf6485c,0,,good
visa_d21d487b0c64849d,0,,good
visa_5164b38f1e76adc8,0,,good
visa_7d0fe6d34df57710,0,,good
visa_865e3271e2549c18,0,,good
visa_d020b45c8826910c,0,,good
visa_362e9fee0dee5243,0,,good
visa_333f8c51c58312e6,0,,good
visa_6fa3d5f3eb112e6a,0,,good
visa_b9d80efa6b9270e5,0,,good
visa_5d1654b242230a27,0,,good
visa_897c82a25a5c2ca6,0,,good
visa_f0f01bb361459aad,0,,good
visa_891bf011c5528d9a,0,,good
visa_2f5aaae812a69330,0,,good
visa_49585ffa068a0c90,0,,good
visa_666622765b9d36c4,0,,good
visa_1b3ccb767503f34e,0,,good
visa_3037111f3db859de,0,,good
visa_0c57c6ae0d63127e,0,,good
visa_8116fe19923dc972,0,,good
visa_c2e9c11bca615232,0,,good
visa_01dc3b66b60ebaf0,0,,good
visa_b1c305fbea0fb0b6,0,,good
visa_4e423af833a2e3e6,0,,good
visa_60d977959254b198,0,,good
visa_f787aef6c8e5336c,0,,good
visa_79514bb8fe993c56,0,,good
visa_8589cf4286eb195c,0,,good
visa_91db58d0b2ffdd02,0,,good
visa_e26b16ad9b6c0cf1,0,,good
visa_f538e74767d3f60b,0,,good
visa_90b9f4520c2577e6,0,,good
visa_cb9aa00a7fb972b1,0,,good
visa_11ea246c11a5d4f7,0,,good
visa_1f078f8328f65f56,0,,good
visa_0eff4119ed3d3148,0,,good
visa_b0e5c79da817c830,0,,good
visa_8a1cd67ee2825fa2,0,,good
visa_14e5002b1ffcba69,0,,good
visa_ca7c08fcab39d167,0,,good
visa_11c7e1e38934598a,0,,good
visa_0335a0688d1b45f0,0,,good
visa_9715428f2046044a,0,,good
visa_693f62cbd7bfabbd,0,,good
visa_87d241e813808afe,0,,good
visa_87e0f79e9fc1ea54,0,,good
visa_0531126366d1e169,0,,good
visa_493acd4f5af646bf,0,,good
visa_3336ebb03b85703c,0,,good
visa_8511d1e1323ce18b,0,,good
visa_8b68ef1bdf747a20,0,,good
visa_e36674da0ef6083b,0,,good
visa_a3d65bf5c73d328a,0,,good
visa_c993078c13392279,0,,good
visa_9c084397410ee451,0,,good
visa_ba320de174d91ccf,0,,good
visa_7dfe50010034cf9e,0,,good
visa_00ff8af03e183681,0,,good
visa_35544bdcb0a9e982,0,,good
visa_25f390d5da25fcb5,0,,good
visa_d53ff1b7b39e5b0f,0,,good
visa_f813292c78033f78,0,,good
visa_a11780618f64c6df,0,,good
visa_647675f7a399eb56,0,,good
visa_75b31507ebe633b8,0,,good
visa_4b1f57c02051a9b6,0,,good
visa_f3b69e5d0940ba62,0,,good
visa_312bf6f53421671d,0,,good
visa_b4140d4d17a7b480,0,,good
visa_42328d00f44d4f18,0,,good
visa_d79982ae38140248,0,,good
visa_0c0fb93b5764e82b,0,,good
visa_f95d7359a31f9f80,0,,good
visa_f5c2dd6094fa6d0b,0,,good
visa_0281e44ec9206c8c,0,,good
visa_419d99a3cfe28054,0,,good
visa_de3a2abf5090e521,0,,good
visa_8b2fc955694139d6,0,,good
visa_af05aedd93e1608f,0,,good
visa_8ff4c9bb1672085c,0,,good
visa_09ea35fca777c03c,0,,good
visa_268253cf7b2cf9ff,0,,good
visa_a247b69eab2c187d,0,,good
visa_fa45745aa7a10843,0,,good
visa_b8b3f052196297cd,0,,good
visa_f425685c3d3433b0,0,,good
visa_06a7ed9a0fa1d767,0,,good
visa_9101dbada0759dfb,0,,good
visa_405b7ec58540e93c,0,,good
visa_70c94a57c8b00f4f,0,,good
visa_7a4da805da2e0e8e,0,,good
visa_20d27f6e7d4ebe1d,0,,good
visa_fc1ffe3a6e1ccb2f,0,,good
visa_3a2f105245529f00,0,,good
visa_e5b7ab31d4dd4c32,0,,good
visa_08af4f7fb16f8551,0,,good
visa_149a8f0b68ec6447,0,,good
visa_22c8000c5e6bef40,0,,good
visa_9b61a06f94e646f4,0,,good
visa_12af52bf96cf6439,0,,good
visa_1012031a5f3620db,0,,good
visa_71db47304388467d,0,,good
visa_f497b06c7607a58f,0,,good
visa_09c463dfeb87c46f,0,,good
visa_5b95f6359a28d34a,0,,good
visa_c2f0f4ffa4f7f04c,0,,good
visa_b65f486f625fe4ad,0,,good
visa_e4e694acddb844c5,0,,good
visa_7fa060fc3fa409df,0,,good
visa_a30b0088e3f83cbd,0,,good
visa_a81de55073090d71,0,,good
visa_d35f29ca3e08d647,0,,good
visa_409bf04ee62ddb21,0,,good
visa_3884264888ad580a,0,,good
visa_abbd27270afe2a27,0,,good
visa_cdd078ee9608935c,0,,good
visa_a62740c72b1c8e35,0,,good
visa_f6fecf564abdc87b,0,,good
visa_c1a5b0b9c477739d,0,,good
visa_81fb53806aaa8b33,0,,good
visa_a5ca734f4af9cf3a,0,,good
visa_31f217df092fefd6,0,,good
visa_4be2a2714ad3f25d,0,,good
visa_a6f2204215c381c1,0,,good
visa_349251901028416f,0,,good
visa_4a3ec6f884d1a1a2,0,,good
visa_45f2d11bba40bf81,0,,good
visa_3b7196b8b1aa411a,0,,good
visa_57440632fbefac78,0,,good
visa_b573af0e7da70b70,0,,good
visa_8822418104867a12,0,,good
visa_966751ee66ca673a,0,,good
visa_cb72fe9036d52a57,0,,good
visa_0bf802f5e36f935e,0,,good
visa_688016623d537160,0,,good
visa_dedac4d81949fc67,0,,good
visa_b3477ac071ed7af9,0,,good
visa_98a4f38669f0b1d9,0,,good
visa_e1d2b1a287a90bd8,0,,good
visa_c60ce775c0f7ed33,0,,good
visa_1d8c1671c2be4b3d,0,,good
visa_6fd839b4c5a588ab,0,,good
visa_8e3df2020d0643b7,0,,good
visa_c6872483d9a5a5ab,0,,good
visa_6b76b9c669a45619,0,,good
visa_8c4ba258303fec1e,0,,good
visa_e69941ba484f1d16,0,,good
visa_c6560875c383625b,0,,good
visa_c2bf4e5a53b05a8b,0,,good
visa_ef3f2e68680714e6,0,,good
visa_5942bfb1e639668d,0,,good
visa_8d8acf7f1f46f075,0,,good
visa_0c5e9023c1eeb3f9,0,,good
visa_dc1b52aa7333e3a8,0,,good
visa_66b81b9158959598,0,,good
visa_8c7afaca01d17cc2,0,,good
visa_e9f1db2b8f8d492c,0,,good
visa_24230cdf0d8627b8,0,,good
visa_85dd0ba7865407a5,0,,good
visa_d4a08bc40905973f,0,,good
visa_9406b113eedee4c3,0,,good
visa_626a409b00130871,0,,good
visa_d3ffbea982332144,0,,good
visa_2f09a1b4ef8b054c,0,,good
visa_ffda816f8127c998,0,,good
visa_b3f8f9c2ff0bfaf4,0,,good
visa_8b5c23a1345c97b1,0,,good
visa_c85ab3ed802c2cfb,0,,good
visa_44136899814cb285,0,,good
visa_67abc4e73dfa3397,0,,good
visa_9de0059437a0c22e,0,,good
visa_b9d33920d240eae5,0,,good
visa_eb6948889fa7b6f8,0,,good
visa_42e07f2948abf02f,0,,good
visa_c567fe53464994c4,0,,good
visa_df182c57f3c5e15f,0,,good
visa_d21dc64e4dd6a0d6,0,,good
visa_c5127fc0b4e2bef0,0,,good
visa_5ad143420f456f5f,0,,good
visa_d5f3980fa285e169,0,,good
visa_2830ab3076777e29,0,,good
visa_f0c1ec9ebc516723,0,,good
visa_2cf7faf41fed0ff3,0,,good
visa_e36c3c0bad4a2725,0,,good
visa_244a6dc43df0367f,0,,good
visa_12a451b3c291eb40,0,,good
visa_e3a893f82c0aae31,0,,good
visa_466d3109bf3909c9,0,,good
visa_02555dceb1659102,0,,good
visa_3d4bbb685d435483,0,,good
visa_cf726159e1e531f5,0,,good
visa_9bfcb4c74165021f,0,,good
visa_b00f56090cca3973,0,,good
visa_c3a940af423d2561,0,,good
visa_02bda680efa513b8,0,,good
visa_120d89da0f6b87c8,0,,good
visa_d19d8e36216711c8,0,,good
visa_33820326a370c28d,0,,good
visa_e2d579e58159ef98,0,,good
visa_d2724591a74abf3b,0,,good
visa_55c538fbd17fd2c9,0,,good
visa_0a9f4960aaacb726,0,,good
visa_9d09c2c11afdcce1,0,,good
visa_7d1b6fd6fa747db8,0,,good
visa_dbe432c6acd4358b,0,,good
visa_bac59e4bb847e6b7,0,,good
visa_cfa45a1a62e8dd92,0,,good
visa_952972b99fd92018,0,,good
visa_f09f0091df2cf6d3,0,,good
visa_8559d0b425ab79d6,0,,good
visa_9355b081aace4537,0,,good
visa_6d6f0f891fce8fe5,0,,good
visa_c3206d4791bd4630,0,,good
visa_b963509751bc5619,0,,good
visa_223712ba52f1dcfc,0,,good
visa_dd236b12f56da87b,0,,good
visa_c49f5ad38a699205,0,,good
visa_86dc1c85d3b89514,0,,good
visa_06fc319607924377,0,,good
visa_2fbb0b415b1eed79,0,,good
visa_fe24b3efe68985a5,0,,good
visa_b846b5691ad689b3,0,,good
visa_7266a53f474f7770,0,,good
visa_5f862090c556de95,0,,good
visa_2dadb5b83fb4248c,0,,good
visa_43278b49e1f23b73,0,,good
visa_9ce52961dc08a713,0,,good
visa_811768e666d2285d,0,,good
visa_d850fb5cac9f763a,0,,good
visa_0c5155108b7f94a2,0,,good
visa_b02c9c511d07f17a,0,,good
visa_900c6c96f5d179ba,0,,good
visa_ff65da05426dbe96,0,,good
visa_304b05813ba77544,0,,good
visa_dd65f54faa027af0,0,,good
visa_701184fac08bf3d2,0,,good
visa_671d9bb8e3b54b05,0,,good
visa_608e0e96358762e7,0,,good
visa_5e6d7ee6dc97a362,0,,good
visa_6f1555ca285daf0e,0,,good
visa_e1ac9e40c69e7ae0,0,,good
visa_79ab007aa050cb78,0,,good
visa_57a21940bf3363cc,0,,good
visa_d17c3bfb43a5e3b3,0,,good
visa_d794bc3e45f440a1,0,,good
visa_a3e9827ba16db2d5,0,,good
visa_d235a9efac68c2ac,0,,good
visa_7a9644521e912796,0,,good
visa_4551d912831ced65,0,,good
visa_fd68b1bffebc0e2b,0,,good
visa_158b8d6265643a7e,0,,good
visa_8c687384d309127c,0,,good
visa_749882236954cafc,0,,good
visa_21950beaa5062e06,0,,good
visa_9ca5584d53a1cc92,0,,good
visa_4589698c18efdbaa,0,,good
visa_1ebca4016e40fdc0,0,,good
visa_2d14daa548918240,0,,good
visa_1b55bdfcdafb1eca,0,,good
visa_6ea7f2b05006dd7a,0,,good
visa_2062a4e7d85eb83a,0,,good
visa_a9f4cfd241463e4e,0,,good
visa_0ab947d38c2d699b,0,,good
visa_3d2a10d8d80f88f4,0,,good
visa_c685fbed1ca9a3c6,0,,good
visa_87f82b19f3395ea5,0,,good
visa_9984eeebf388ec46,0,,good
visa_499d0eb933e2a71f,0,,good
visa_5637329bc3cf50a9,0,,good
visa_c715b89d57b3aea7,0,,good
visa_5dad04f357791747,0,,good
visa_16e96f8531a56a34,0,,good
visa_e3cf7cc084b03fad,0,,good
visa_fedc3b9305e11ecf,0,,good
visa_bed5f6016fc90102,0,,good
visa_9bba112c31bff20f,0,,good
visa_4d2878bc894333bf,0,,good
visa_2ff8d8487228954c,0,,good
visa_255545a7d5ba1dd9,0,,good
visa_044a8c1fe2add87f,0,,good
visa_a5f35686c9049c63,0,,good
visa_6cf66bfbfec83c8b,0,,good
visa_9f06764d7ab1bbba,0,,good
visa_fdae9c44ffd56bbe,0,,good
visa_0f536fd8bcf7cad8,0,,good
visa_8f25e3dc7ef3336e,0,,good
visa_ced83383c73c830b,0,,good
visa_8d20d54d1201e91a,0,,good
visa_7f1bebdfec9011a4,0,,good
visa_701d06ffe3bd3087,0,,good
visa_f78c1f734ddee37a,0,,good
visa_8e200eb4d7fb1f5a,0,,good
visa_6fdad804ffac5922,0,,good
visa_5cd23bcb488a8b6c,0,,good
visa_ce8e314ac1c9aa3e,0,,good
visa_6196d55741b1db9c,0,,good
visa_8c88094106a7e634,0,,good
visa_05652ad1ea729399,0,,good
visa_af7201ed60dfc558,0,,good
visa_be0a1ef0abf7bef1,0,,good
visa_dc1030f25dff2e12,0,,good
visa_9369fa5d9e9a7435,0,,good
visa_15bea7791cd75ebc,0,,good
visa_14b7b986c0ac8be0,0,,good
visa_1653a612e704f99e,0,,good
visa_20c702e10a7cac05,0,,good
visa_e5bd15c7b6441afc,0,,good
visa_69dc07eebdfb9b27,0,,good
visa_4bd5b27dad74c6c6,0,,good
visa_f8b84600777509bd,0,,good
visa_862814f7eaeedd25,0,,good
visa_25c50cfe89a3ef16,0,,good
visa_5acf9d5c1a4af14e,0,,good
visa_691a9b012abee9e9,0,,good
visa_8fdee143a501899e,0,,good
visa_f774e49f5a9dfd49,0,,good
visa_e2b0bef852d1120f,0,,good
visa_be384e94f026de9a,0,,good
visa_8be42540aaa9bbf4,0,,good
visa_272fbc7b5427f8ff,0,,good
visa_504957f8ffcfbd0d,0,,good
visa_ed416e2a191a9a71,0,,good
visa_129cdc412ffcccad,0,,good
visa_0e9a4bb9d48e7f96,0,,good
visa_c02100ed286f83b2,0,,good
visa_e436d91877e8a472,0,,good
visa_57cc41f2c6413e1a,0,,good
visa_56ff310493e37e25,0,,good
visa_da561e13b3f983c3,0,,good
visa_11aebf55d596718a,0,,good
visa_21d76861413f228f,0,,good
visa_063c4a039fdf99f3,0,,good
visa_77ad859a3a4d8f19,0,,good
visa_9c8b7a11b536b417,0,,good
visa_b68c481be88af2ca,0,,good
visa_11585cf7f677e06c,0,,good
visa_f3c37a15b42179c8,0,,good
visa_908d2803737e0b6a,0,,good
visa_ff02cb402a5f672d,0,,good
visa_5ab50aa13bb3d339,0,,good
visa_0d1de9a90108f15e,0,,good
visa_3c340f90d4d44682,0,,good
visa_6519b2bfc4b3247a,0,,good
visa_b0d8ae94b375f870,0,,good
visa_1024fb8af91c640a,0,,good
visa_f409d96db13e3f48,0,,good
visa_4226991b702190a4,0,,good
visa_5cb9ea2b4062d3ee,0,,good
visa_143344fdddbc8583,0,,good
visa_b0287ec97ea5c1e4,0,,good
visa_4bad568470cc9829,0,,good
visa_c020e26be1bd9339,0,,good
visa_e73dee97348b52ff,0,,good
visa_da8a3552c15f13bd,0,,good
visa_de7723c7058027a8,0,,good
visa_986e8bb66ce1ae2b,0,,good
visa_f9813042641bfef2,0,,good
visa_b9038a3e903fb61d,0,,good
visa_d5d35c3ea335148d,0,,good
visa_c4662e9d4daecc4d,0,,good
visa_3a328e0028e0f996,0,,good
visa_eb7532bf5a83e81e,0,,good
visa_1df928b2266dd287,0,,good
visa_2f66610e22bac4f5,0,,good
visa_1b2e856371eec5b0,0,,good
visa_6f1e6da591a7eb46,0,,good
visa_5e25b585e19fe619,0,,good
visa_2cd4afdbf5a34b78,0,,good
visa_37829bf04e822682,0,,good
visa_2ae50d32337625c8,0,,good
visa_a2db0229c9a1d060,0,,good
visa_d95fcb42996fc311,0,,good
visa_f1f34706ab673070,0,,good
visa_ec82ee0e65db014b,0,,good
visa_6a0524aebc1b78a6,0,,good
visa_1b11ad238e5507d9,0,,good
visa_a65c73f7f675282f,0,,good
visa_2e3036ad6f8bdb07,0,,good
visa_b06ae095e0319971,0,,good
visa_17e6f04c3cc03f73,0,,good
visa_7c2445f48daa2bc7,0,,good
visa_f8432fdc121942c4,0,,good
visa_090c8c8f6fda730c,0,,good
visa_eb97539bbd6194b4,0,,good
visa_57a7ead3f58bf8e2,0,,good
visa_0b5e70137e1432c2,0,,good
visa_9849caa8a02ad803,0,,good
visa_278287f40e66f219,0,,good
visa_5f0d227c490e665a,0,,good
visa_e57a0f4b0a399d7b,0,,good
visa_6abcd04bee7ac997,0,,good
visa_70289e4e30ce514f,0,,good
visa_441d6847b4ec5f48,0,,good
visa_122617aa42c53895,0,,good
visa_b9b19783a6e87158,0,,good
visa_10f7d73edffd47fd,0,,good
visa_bf67451f66681fc0,0,,good
visa_ef4698f11c24db86,0,,good
visa_e57c0d2276a69a93,0,,good
visa_649c8bf6bbbfef33,0,,good
visa_3263ee72c9a0a521,0,,good
visa_df3449aedd2898e4,0,,good
visa_e6168e63a1609747,0,,good
visa_45dcefa560786330,0,,good
visa_18d7d63686073a65,0,,good
visa_00c42821bda6cbb1,0,,good
visa_5a04a7bfd1bcd0d5,0,,good
visa_990394dc955023da,0,,good
visa_f52b3080d0cf3d31,0,,good
visa_ea21d572c6a77954,0,,good
visa_3fdcb8a68190e7df,0,,good
visa_96c2cd18e71e1a86,0,,good
visa_3b026d642e13ec2e,0,,good
visa_ed4b1e94f58d167f,0,,good
visa_d5de34a288cb151e,0,,good
visa_49f1f396a4b6f430,0,,good
visa_4d7a967dbd2dde8b,0,,good
visa_f3ea251b5f1c4f22,0,,good
visa_5cfe4d3e2b977b08,0,,good
visa_e35131b944ab8b96,0,,good
visa_942bb7139cc82e29,0,,good
visa_3f71922e760b222d,0,,good
visa_b5414eb4c6fd372a,0,,good
visa_e3d2bc227bf1dea5,0,,good
visa_715774795177c3c7,0,,good
visa_785d1a9f985a7c96,0,,good
visa_a0040137efe93bb0,0,,good
visa_e6a96a13cf750ecf,0,,good
visa_a4b4c1693dd5cccf,0,,good
visa_248b0ae85791d14c,0,,good
visa_7be596e65c6bab20,0,,good
visa_ab3cbb75671a4905,0,,good
visa_1d443bbdf04f41ab,0,,good
visa_9fcfbe915f31f0cd,0,,good
visa_3523255c1bc30482,0,,good
visa_79ed783eaaccd2c3,0,,good
visa_d3636dccb6a31944,0,,good
visa_5b04c7444b7478ad,0,,good
visa_cdb950e8b814959e,0,,good
visa_d0dd14957f910b6d,0,,good
visa_24e53b7f67683740,0,,good
visa_d36f8da9182865ce,0,,good
visa_1fbe18b3a57bdf0a,0,,good
visa_5032bf8fba03c137,0,,good
visa_87e65dc42f0c32a4,0,,good
visa_ce4889f6c415a5e6,0,,good
visa_fc7904b50ae6785b,0,,good
visa_d8e5ae34aed35f54,0,,good
visa_575c85f061f78a56,0,,good
visa_7406d48261417419,0,,good
visa_fee4de1e2f9b38a4,0,,good
visa_4d5f34d12ae0bc9b,0,,good
visa_5459a27b0efe1126,0,,good
visa_7fed234525cbea43,0,,good
visa_8291ce7697fc63ab,0,,good
visa_dd8f388b2698318a,0,,good
visa_eea2306946dc7406,0,,good
visa_1732a1e3149f6891,0,,good
visa_0281422a20953adb,0,,good
visa_ddd099d4facaa493,0,,good
visa_363266cf7b034d85,0,,good
visa_b07269fde4504a68,0,,good
visa_501591e0bc0cdb4c,0,,good
visa_269ac73d0a7ec368,0,,good
visa_dac87928d1fcf4e2,0,,good
visa_7e73d9e0f41b21a1,0,,good
visa_b0ab345924327804,0,,good
visa_4a6824c9ca2b1c87,0,,good
visa_1fc7f23abf0d1016,0,,good
visa_603ab73d0306dc97,0,,good
visa_bb7201c7a8623dfe,0,,good
visa_3f5a05dffa82b648,0,,good
visa_49714b0725342600,0,,good
visa_49d8554627e3e238,0,,good
visa_6ec4248019c9fa7c,0,,good
visa_582bb29a57b31b0f,0,,good
visa_eaa5f77d69039847,0,,good
visa_a662b2d75a912470,0,,good
visa_5d225c68433d2132,0,,good
visa_8c144c7a75f1193f,0,,good
visa_1721fff22aea29b7,0,,good
visa_3eacf1d745e56014,0,,good
visa_7c5ce67fd2eb953c,0,,good
visa_6361928c6d70deed,0,,good
visa_96eba8fc108910dc,0,,good
visa_277938b88b7b2209,0,,good
visa_fac107d3908b2d42,0,,good
visa_5b8feb1f214cd8bf,0,,good
visa_7c2eac1d55e6d2ee,0,,good
visa_194787d74c2d3676,0,,good
visa_979c0bd6915f1c34,0,,good
visa_8a8cc98ef9e4fa13,0,,good
visa_b18bdb85507369a4,0,,good
visa_536e75c4b54ed0d1,0,,good
visa_44eacdd1b703a8a4,0,,good
visa_ded8b1f623311dbf,0,,good
visa_8e6bc126658888ce,0,,good
visa_53aad7bf0fe26c9f,0,,good
visa_a7a98cd59bc52c07,0,,good
visa_6a967a993bda4126,0,,good
visa_1de36867de4ab14c,0,,good
visa_31e124664a489d35,0,,good
visa_1f8b39bbb5921249,0,,good
visa_4fe5322f664e159d,0,,good
visa_2ee056f727e4c7be,0,,good
visa_b268b5feab50b4f1,0,,good
visa_e8a15290c62256e3,0,,good
visa_af550de743dc8f12,0,,good
visa_fb8540d965506d68,0,,good
visa_4bc72a5fdca75c44,0,,good
visa_f4c14cdcd07d4c45,0,,good
visa_f36c338b39cffa13,0,,good
visa_df760f0c11452201,0,,good
visa_36ba6f9dd3cd79eb,0,,good
visa_0c59723d6389ad27,0,,good
visa_cadfa590c0497740,0,,good
visa_1db6a1903f466b7f,0,,good
visa_70688a01e8fbfdaf,0,,good
visa_d287b8a1c97aeec2,0,,good
visa_3d02fd30a6f659bd,0,,good
visa_73f1e7e8999908ff,0,,good
visa_2af7c2a428eb9f97,0,,good
visa_875f6779d73c6170,0,,good
visa_e9d08a3e24c423f5,0,,good
visa_fef7fefd44403ad9,0,,good
visa_149967a2251c8feb,0,,good
visa_3f8cbb69e4959bee,0,,good
visa_bfdb060b783304c5,0,,good
visa_91e0fde81b542727,0,,good
visa_8ae792f451d8e977,0,,good
visa_a3e6ab3b39865124,0,,good
visa_4766701737b71c87,0,,good
visa_ff112db39494974a,0,,good
visa_08edf70a93edfbfd,0,,good
visa_db660b1b0ad1d3e6,0,,good
visa_047bb319052669ca,0,,good
visa_fbfe497d8e5bdbce,0,,good
visa_43a7a38376e5de9c,0,,good
visa_aa0d91dee8410c1c,0,,good
visa_4afb5dd4de41e7b5,0,,good
visa_67ad3f191c105a36,0,,good
visa_df8aacd715185d05,0,,good
visa_067e0a390d95073f,0,,good
visa_8c896051ee4230be,0,,good
visa_44d089e9ce9ff28b,0,,good
visa_e943181eb5297b58,0,,good
visa_f3e72f23acf61c49,0,,good
visa_d7fc620805fecdb3,0,,good
visa_130a91a2401484d4,0,,good
visa_8a78d01e2e7c1384,0,,good
visa_f983509f4df545b9,0,,good
visa_bf1d546b80d44c19,0,,good
visa_cf2353246a15a37a,0,,good
visa_63cea9ee6cbc8cf0,0,,good
visa_6782f88c06287c89,0,,good
visa_0876d3707d290921,0,,good
visa_ca52579297898016,0,,good
visa_5d0b7304b96654c8,0,,good
visa_3ef6c1f33f250ede,0,,good
visa_67c6bf9bfc0bb4a3,0,,good
visa_fbf398c6666d6086,0,,good
visa_1eaa0ea301633f17,0,,good
visa_590fab263cab8b8b,0,,good
visa_730a7f3d7e26fd04,0,,good
visa_939d0866c95b6b6e,0,,good
visa_1ba1a17df46d3d00,0,,good
visa_441867ab4956e20f,0,,good
visa_803716be791b4b2c,0,,good
visa_c1d202f1e7d1bacf,0,,good
visa_0a51a0f444107bec,0,,good
visa_52d6e491dece1293,0,,good
visa_87e439dbdd11043b,0,,good
visa_ee466782f475478e,0,,good
visa_467910ba752be39a,0,,good
visa_38816c36680575dd,0,,good
visa_09624893e421d3ab,0,,good
visa_27e8608f72dd5d7c,0,,good
visa_f03ac782df279bdf,0,,good
visa_1294c38e714e945f,0,,good
visa_96fcb7f53b37a8da,0,,good
visa_08f1b92144547505,0,,good
visa_e350d7d3fa07c987,0,,good
visa_512360a7b2481f10,0,,good
visa_832a7b94cd8ec2ea,0,,good
visa_fb67617f09603d24,0,,good
visa_b1d27276def88f12,0,,good
visa_cbe7b84aea484ef6,0,,good
visa_ee11b5495b860c2a,0,,good
visa_fb7a706beedadd33,0,,good
visa_f20bdb138c74309d,0,,good
visa_851117e4bbadf79c,0,,good
visa_80d1edcd82ed6569,0,,good
visa_e2dfd48d6e6c5c64,0,,good
visa_1eda655fb813167d,0,,good
visa_d075ce448e330b4b,0,,good
visa_5483a19764717380,0,,good
visa_34d0b9635436bdc2,0,,good
visa_7b6cb2c5f9fd8c94,0,,good
visa_c388284ccc01949f,0,,good
visa_438a3ac904ebc2e7,0,,good
visa_a970c34fde4b69db,0,,good
visa_9f6e5c2a00b89f69,0,,good
visa_3f4b8ca38519265c,0,,good
visa_d4fda7b0f7233bf6,0,,good
visa_dd74fdf0ec64ba4a,0,,good
visa_e3533cfc4828da44,0,,good
visa_64f5d9937c5bc342,0,,good
visa_327ef8be736c780e,0,,good
visa_6eb2133546645419,0,,good
visa_6698f477063b4d30,0,,good
visa_e354d3001703d9af,0,,good
visa_742a8a6025477c6e,0,,good
visa_b983edf20d3ddbf1,0,,good
visa_fbe04c940b4c01d8,0,,good
visa_2d8858f3558d1613,0,,good
visa_948173bc1b0fc0bd,0,,good
visa_4f5252be74725ba7,0,,good
visa_b215cd45c60b9fc5,0,,good
visa_ae002e5c95a27903,0,,good
visa_e673655a01227ed4,0,,good
visa_6241831c28790785,0,,good
visa_b8d83514b3a23390,0,,good
visa_79c7707b67e6c470,0,,good
visa_8874c31e88f63f87,0,,good
visa_442a31b4f209bbcb,0,,good
visa_bac8b3c1d4ac2eb8,0,,good
visa_e5a889a79794f37a,0,,good
visa_c021aaff04444ea7,0,,good
visa_bab06c339a0dac1f,0,,good
visa_7cda49603ccce57f,0,,good
visa_6c262324fb069f0a,0,,good
visa_32649ebf93fccea4,0,,good
visa_7ef1ef3878819d88,0,,good
visa_8d565502163fbb13,0,,good
visa_8e274d06a1a09f37,0,,good
visa_3b56fcbd7d615b98,0,,good
visa_0cda413beb5a3caa,0,,good
visa_6677dadc21e15149,0,,good
visa_902d33bf976dee7d,0,,good
visa_e2263ba616f678b9,0,,good
visa_ca8d530de464381b,0,,good
visa_a9b67ed97b9ce6f1,0,,good
visa_3feacc6a01d9c4a6,0,,good
visa_911913db1725646f,0,,good
visa_72c65d590d4746f1,0,,good
visa_ce8484dcafb4811e,0,,good
visa_fe24ee2a431aacaf,0,,good
visa_808a0cdf829ba76e,0,,good
visa_2f86478b212553ef,0,,good
visa_5ac07845081e98c1,0,,good
visa_fd0bfeed5b3e3186,0,,good
visa_bafcc5f9fbf050e1,0,,good
visa_889c35796a12a4c4,0,,good
visa_081ee651d89d3808,0,,good
visa_a0cea7300d4ac63e,0,,good
visa_b6c0095b0d2fcab2,0,,good
visa_4ea60cf41f4b464a,0,,good
visa_a2766db5cee22726,0,,good
visa_a8e9aea673a35ee9,0,,good
visa_729540e4ae22bcf8,0,,good
visa_f16de4716a624cb5,0,,good
visa_e102ffa1db1a067d,0,,good
visa_f2508e74a4ceb662,0,,good
visa_5b0b5af16ffaa15e,0,,good
visa_1ded983f52b747e0,0,,good
visa_c6e3f6d53669d235,0,,good
visa_ed98ad142b04996e,0,,good
visa_a595b289ae32a4b3,0,,good
visa_9441aaa9b19712f4,0,,good
visa_964f48895b12b316,0,,good
visa_479492af345d527a,0,,good
visa_c65edb60b0fcfe3b,0,,good
visa_03b0735632eed4db,0,,good
visa_d90abd0057e5dab8,0,,good
visa_ecd4dc83c3104d6b,0,,good
visa_5238c7287dff07cd,0,,good
visa_dfda25437601b76b,0,,good
visa_4f4d39612a1fe6c5,0,,good
visa_648b8252d4c0e1d9,0,,good
visa_40469277e311185b,0,,good
visa_c35e0c0fe944b7f8,0,,good
visa_be5db086ec4a0dad,0,,good
visa_8fbfd00d450e70a1,0,,good
visa_46d25ee58d823d64,0,,good
visa_b25feb30f70fba87,0,,good
visa_a0ce6f1089adcf03,0,,good
visa_88f46567ff4eef16,0,,good
visa_b0896d227a5d2822,0,,good
visa_c10134aaa3a97d69,0,,good
visa_149f40cd6b93227c,0,,good
visa_5006b2d0c84de83d,0,,good
visa_9f3239de1e636c91,0,,good
visa_5639e7fdfe7aae3b,0,,good
visa_5cfb62de00393537,0,,good
visa_1254bdf8ba093661,0,,good
visa_89711486ecbc114a,0,,good
visa_7d8cfe9c5e2914c4,0,,good
visa_bbc4055891b0e0f7,0,,good
visa_007058f241118993,0,,good
visa_de31520fa4cb18fb,0,,good
visa_2cf871a0d25c3d3d,0,,good
visa_31005af644f852b0,0,,good
visa_ef6ec49a99453640,0,,good
visa_0c9ef7238c3b3813,0,,good
visa_c8b83bf813cebc9c,0,,good
visa_71a5ee33eb249d99,0,,good
visa_61f01934f1ab4774,0,,good
visa_011bba4faec32453,0,,good
visa_f493f95cc0ea4cf0,0,,good
visa_d5c839be4a905bbd,0,,good
visa_01fc430897eb8bb3,0,,good
visa_1a8aa6310a4be613,1,/data/gauss/ldh/myDatasets/VisA/pcb4/Data/Masks/Anomaly/000.png,Anomaly
visa_acc3ef14be9fe861,1,/data/gauss/ldh/myDatasets/VisA/pcb4/Data/Masks/Anomaly/001.png,Anomaly
visa_3edd1a9862ab1340,1,/data/gauss/ldh/myDatasets/VisA/pcb4/Data/Masks/Anomaly/002.png,Anomaly
visa_b206452e825ebb80,1,/data/gauss/ldh/myDatasets/VisA/pcb4/Data/Masks/Anomaly/003.png,Anomaly
visa_7389c84fafe1fc87,1,/data/gauss/ldh/myDatasets/VisA/pcb4/Data/Masks/Anomaly/004.png,Anomaly
visa_4f4bb0939981d219,1,/data/gauss/ldh/myDatasets/VisA/pcb4/Data/Masks/Anomaly/005.png,Anomaly
visa_2d11b68d4bdbcf02,1,/data/gauss/ldh/myDatasets/VisA/pcb4/Data/Masks/Anomaly/006.png,Anomaly
visa_f30e401c906e4bf5,1,/data/gauss/ldh/myDatasets/VisA/pcb4/Data/Masks/Anomaly/007.png,Anomaly
visa_35c3aa791bfb66bf,1,/data/gauss/ldh/myDatasets/VisA/pcb4/Data/Masks/Anomaly/008.png,Anomaly
visa_65315669297bd004,1,/data/gauss/ldh/myDatasets/VisA/pcb4/Data/Masks/Anomaly/009.png,Anomaly
visa_cd6b178f8248d95c,1,/data/gauss/ldh/myDatasets/VisA/pcb4/Data/Masks/Anomaly/010.png,Anomaly
visa_9e8e0e279751c77b,1,/data/gauss/ldh/myDatasets/VisA/pcb4/Data/Masks/Anomaly/011.png,Anomaly
visa_df464bf2d4e5ebff,1,/data/gauss/ldh/myDatasets/VisA/pcb4/Data/Masks/Anomaly/012.png,Anomaly
visa_466cae5b6f73f966,1,/data/gauss/ldh/myDatasets/VisA/pcb4/Data/Masks/Anomaly/013.png,Anomaly
visa_4120162c6d687909,1,/data/gauss/ldh/myDatasets/VisA/pcb4/Data/Masks/Anomaly/014.png,Anomaly
visa_a291ff0f5b91dc42,1,/data/gauss/ldh/myDatasets/VisA/pcb4/Data/Masks/Anomaly/015.png,Anomaly
visa_bd8c502e6087b6f3,1,/data/gauss/ldh/myDatasets/VisA/pcb4/Data/Masks/Anomaly/016.png,Anomaly
visa_624e03f2de4fca96,1,/data/gauss/ldh/myDatasets/VisA/pcb4/Data/Masks/Anomaly/017.png,Anomaly
visa_7235eeeffd75d564,1,/data/gauss/ldh/myDatasets/VisA/pcb4/Data/Masks/Anomaly/018.png,Anomaly
visa_579665da707b2b15,1,/data/gauss/ldh/myDatasets/VisA/pcb4/Data/Masks/Anomaly/019.png,Anomaly
visa_f969dd6f2dee5688,1,/data/gauss/ldh/myDatasets/VisA/pcb4/Data/Masks/Anomaly/020.png,Anomaly
visa_818852b8db1a322a,1,/data/gauss/ldh/myDatasets/VisA/pcb4/Data/Masks/Anomaly/021.png,Anomaly
visa_fc98953b692ab28d,1,/data/gauss/ldh/myDatasets/VisA/pcb4/Data/Masks/Anomaly/022.png,Anomaly
visa_d39c27c46e12d1b0,1,/data/gauss/ldh/myDatasets/VisA/pcb4/Data/Masks/Anomaly/023.png,Anomaly
visa_860853b5d9dcb1fa,1,/data/gauss/ldh/myDatasets/VisA/pcb4/Data/Masks/Anomaly/024.png,Anomaly
visa_f60b77383adf8281,1,/data/gauss/ldh/myDatasets/VisA/pcb4/Data/Masks/Anomaly/025.png,Anomaly
visa_60c854ba41975632,1,/data/gauss/ldh/myDatasets/VisA/pcb4/Data/Masks/Anomaly/026.png,Anomaly
visa_2fa6404dfe2c4edd,1,/data/gauss/ldh/myDatasets/VisA/pcb4/Data/Masks/Anomaly/027.png,Anomaly
visa_48ab31f92cb002e1,1,/data/gauss/ldh/myDatasets/VisA/pcb4/Data/Masks/Anomaly/028.png,Anomaly
visa_a66388abff3ed8af,1,/data/gauss/ldh/myDatasets/VisA/pcb4/Data/Masks/Anomaly/029.png,Anomaly
visa_b3d877ace5e38713,1,/data/gauss/ldh/myDatasets/VisA/pcb4/Data/Masks/Anomaly/030.png,Anomaly
visa_b5781895f026fbef,1,/data/gauss/ldh/myDatasets/VisA/pcb4/Data/Masks/Anomaly/031.png,Anomaly
visa_85891fda52c89ccf,1,/data/gauss/ldh/myDatasets/VisA/pcb4/Data/Masks/Anomaly/032.png,Anomaly
visa_39162cbe81bc3d35,1,/data/gauss/ldh/myDatasets/VisA/pcb4/Data/Masks/Anomaly/033.png,Anomaly
visa_9c193a9ade2299da,1,/data/gauss/ldh/myDatasets/VisA/pcb4/Data/Masks/Anomaly/034.png,Anomaly
visa_13aae17e551959ea,1,/data/gauss/ldh/myDatasets/VisA/pcb4/Data/Masks/Anomaly/035.png,Anomaly
visa_104a8aab73708a1e,1,/data/gauss/ldh/myDatasets/VisA/pcb4/Data/Masks/Anomaly/036.png,Anomaly
visa_d19e4a5a2c1b2737,1,/data/gauss/ldh/myDatasets/VisA/pcb4/Data/Masks/Anomaly/037.png,Anomaly
visa_c92facbd0c675f29,1,/data/gauss/ldh/myDatasets/VisA/pcb4/Data/Masks/Anomaly/038.png,Anomaly
visa_282f97303d03ec99,1,/data/gauss/ldh/myDatasets/VisA/pcb4/Data/Masks/Anomaly/039.png,Anomaly
visa_77a317d1d0bd8119,1,/data/gauss/ldh/myDatasets/VisA/pcb4/Data/Masks/Anomaly/040.png,Anomaly
visa_99d28bef85b86a05,1,/data/gauss/ldh/myDatasets/VisA/pcb4/Data/Masks/Anomaly/041.png,Anomaly
visa_1b3282c7be7a5968,1,/data/gauss/ldh/myDatasets/VisA/pcb4/Data/Masks/Anomaly/042.png,Anomaly
visa_7bd3a37528dae5e8,1,/data/gauss/ldh/myDatasets/VisA/pcb4/Data/Masks/Anomaly/043.png,Anomaly
visa_44665d7722c253ce,1,/data/gauss/ldh/myDatasets/VisA/pcb4/Data/Masks/Anomaly/044.png,Anomaly
visa_3c08ea26eebace76,1,/data/gauss/ldh/myDatasets/VisA/pcb4/Data/Masks/Anomaly/045.png,Anomaly
visa_be2c5114dc3e0fbb,1,/data/gauss/ldh/myDatasets/VisA/pcb4/Data/Masks/Anomaly/046.png,Anomaly
visa_84b528b8e0eaf7bf,1,/data/gauss/ldh/myDatasets/VisA/pcb4/Data/Masks/Anomaly/047.png,Anomaly
visa_76a30469e29194aa,1,/data/gauss/ldh/myDatasets/VisA/pcb4/Data/Masks/Anomaly/048.png,Anomaly
visa_a3c7e8c58b5946fa,1,/data/gauss/ldh/myDatasets/VisA/pcb4/Data/Masks/Anomaly/049.png,Anomaly
visa_bbc4649b3b328116,1,/data/gauss/ldh/myDatasets/VisA/pcb4/Data/Masks/Anomaly/050.png,Anomaly
visa_8bda06bbdc7f115e,1,/data/gauss/ldh/myDatasets/VisA/pcb4/Data/Masks/Anomaly/051.png,Anomaly
visa_427b72a2765eea49,1,/data/gauss/ldh/myDatasets/VisA/pcb4/Data/Masks/Anomaly/052.png,Anomaly
visa_d20794610adac896,1,/data/gauss/ldh/myDatasets/VisA/pcb4/Data/Masks/Anomaly/053.png,Anomaly
visa_1a349ee4e0ca8725,1,/data/gauss/ldh/myDatasets/VisA/pcb4/Data/Masks/Anomaly/054.png,Anomaly
visa_1590749c7bcc308e,1,/data/gauss/ldh/myDatasets/VisA/pcb4/Data/Masks/Anomaly/055.png,Anomaly
visa_0fe424cf73c11841,1,/data/gauss/ldh/myDatasets/VisA/pcb4/Data/Masks/Anomaly/056.png,Anomaly
visa_856a20f70bffa3e6,1,/data/gauss/ldh/myDatasets/VisA/pcb4/Data/Masks/Anomaly/057.png,Anomaly
visa_e6d283001822749f,1,/data/gauss/ldh/myDatasets/VisA/pcb4/Data/Masks/Anomaly/058.png,Anomaly
visa_95f9896a1964fcfb,1,/data/gauss/ldh/myDatasets/VisA/pcb4/Data/Masks/Anomaly/059.png,Anomaly
visa_5b9d96d9a8b80009,1,/data/gauss/ldh/myDatasets/VisA/pcb4/Data/Masks/Anomaly/060.png,Anomaly
visa_41337afe80a286b0,1,/data/gauss/ldh/myDatasets/VisA/pcb4/Data/Masks/Anomaly/061.png,Anomaly
visa_18cf473b97cc2ead,1,/data/gauss/ldh/myDatasets/VisA/pcb4/Data/Masks/Anomaly/062.png,Anomaly
visa_dff47a9be1a7c571,1,/data/gauss/ldh/myDatasets/VisA/pcb4/Data/Masks/Anomaly/063.png,Anomaly
visa_3217a4f7936f000e,1,/data/gauss/ldh/myDatasets/VisA/pcb4/Data/Masks/Anomaly/064.png,Anomaly
visa_ad452ca6f1961ce3,1,/data/gauss/ldh/myDatasets/VisA/pcb4/Data/Masks/Anomaly/065.png,Anomaly
visa_7e1ae3a76bf502f4,1,/data/gauss/ldh/myDatasets/VisA/pcb4/Data/Masks/Anomaly/066.png,Anomaly
visa_692e4a96c5d27ac6,1,/data/gauss/ldh/myDatasets/VisA/pcb4/Data/Masks/Anomaly/067.png,Anomaly
visa_249f3f85142d721a,1,/data/gauss/ldh/myDatasets/VisA/pcb4/Data/Masks/Anomaly/068.png,Anomaly
visa_ffcce3ee78729113,1,/data/gauss/ldh/myDatasets/VisA/pcb4/Data/Masks/Anomaly/069.png,Anomaly
visa_9d09521f00063826,1,/data/gauss/ldh/myDatasets/VisA/pcb4/Data/Masks/Anomaly/070.png,Anomaly
visa_638403c431f62af4,1,/data/gauss/ldh/myDatasets/VisA/pcb4/Data/Masks/Anomaly/071.png,Anomaly
visa_3166c9089e113791,1,/data/gauss/ldh/myDatasets/VisA/pcb4/Data/Masks/Anomaly/072.png,Anomaly
visa_efbbab8dfa9bdfb0,1,/data/gauss/ldh/myDatasets/VisA/pcb4/Data/Masks/Anomaly/073.png,Anomaly
visa_14a53bc8642dfa54,1,/data/gauss/ldh/myDatasets/VisA/pcb4/Data/Masks/Anomaly/074.png,Anomaly
visa_72576cd432dcc0df,1,/data/gauss/ldh/myDatasets/VisA/pcb4/Data/Masks/Anomaly/075.png,Anomaly
visa_370bddb6905ec214,1,/data/gauss/ldh/myDatasets/VisA/pcb4/Data/Masks/Anomaly/076.png,Anomaly
visa_fc08796e4b1aecb4,1,/data/gauss/ldh/myDatasets/VisA/pcb4/Data/Masks/Anomaly/077.png,Anomaly
visa_171ffef9c87868ba,1,/data/gauss/ldh/myDatasets/VisA/pcb4/Data/Masks/Anomaly/078.png,Anomaly
visa_f0dd8435a5952b74,1,/data/gauss/ldh/myDatasets/VisA/pcb4/Data/Masks/Anomaly/079.png,Anomaly
visa_f326a0a0830cefdc,1,/data/gauss/ldh/myDatasets/VisA/pcb4/Data/Masks/Anomaly/080.png,Anomaly
visa_57bf768981d40c84,1,/data/gauss/ldh/myDatasets/VisA/pcb4/Data/Masks/Anomaly/081.png,Anomaly
visa_ec0ba5888f090b61,1,/data/gauss/ldh/myDatasets/VisA/pcb4/Data/Masks/Anomaly/082.png,Anomaly
visa_d8c4bc8f17c36696,1,/data/gauss/ldh/myDatasets/VisA/pcb4/Data/Masks/Anomaly/083.png,Anomaly
visa_9b86786cea137e8f,1,/data/gauss/ldh/myDatasets/VisA/pcb4/Data/Masks/Anomaly/084.png,Anomaly
visa_f023450c91c27c95,1,/data/gauss/ldh/myDatasets/VisA/pcb4/Data/Masks/Anomaly/085.png,Anomaly
visa_f8d3f08bdff6196c,1,/data/gauss/ldh/myDatasets/VisA/pcb4/Data/Masks/Anomaly/086.png,Anomaly
visa_60e316d6e295dd70,1,/data/gauss/ldh/myDatasets/VisA/pcb4/Data/Masks/Anomaly/087.png,Anomaly
visa_f3db43d10c9c281c,1,/data/gauss/ldh/myDatasets/VisA/pcb4/Data/Masks/Anomaly/088.png,Anomaly
visa_f08311d81482fcf4,1,/data/gauss/ldh/myDatasets/VisA/pcb4/Data/Masks/Anomaly/089.png,Anomaly
visa_e1de6a701214682b,1,/data/gauss/ldh/myDatasets/VisA/pcb4/Data/Masks/Anomaly/090.png,Anomaly
visa_8ca13d47422c6068,1,/data/gauss/ldh/myDatasets/VisA/pcb4/Data/Masks/Anomaly/091.png,Anomaly
visa_aa8147b2da8ac2e3,1,/data/gauss/ldh/myDatasets/VisA/pcb4/Data/Masks/Anomaly/092.png,Anomaly
visa_c71be1d0a87dec86,1,/data/gauss/ldh/myDatasets/VisA/pcb4/Data/Masks/Anomaly/093.png,Anomaly
visa_6572fd92069b3d84,1,/data/gauss/ldh/myDatasets/VisA/pcb4/Data/Masks/Anomaly/094.png,Anomaly
visa_2d00695d98565a6d,1,/data/gauss/ldh/myDatasets/VisA/pcb4/Data/Masks/Anomaly/095.png,Anomaly
visa_2ccecc41bc3782e2,1,/data/gauss/ldh/myDatasets/VisA/pcb4/Data/Masks/Anomaly/096.png,Anomaly
visa_48dc29e3d72ff1a6,1,/data/gauss/ldh/myDatasets/VisA/pcb4/Data/Masks/Anomaly/097.png,Anomaly
visa_fa32c95b28dc3d37,1,/data/gauss/ldh/myDatasets/VisA/pcb4/Data/Masks/Anomaly/098.png,Anomaly
visa_c8770ad91a867408,1,/data/gauss/ldh/myDatasets/VisA/pcb4/Data/Masks/Anomaly/099.png,Anomaly
visa_c15b83a402db60eb,0,,good
visa_5bedb2d29908b105,0,,good
visa_459b0dfb7b096111,0,,good
visa_efbf7baf7735c2db,0,,good
visa_e7494661694cf920,0,,good
visa_732e11ee498242dd,0,,good
visa_ae51484d50b41b61,0,,good
visa_430d3e0c4146496a,0,,good
visa_3a44984770164e09,0,,good
visa_b735a6bae483092d,0,,good
visa_f41c14468674bd28,0,,good
visa_eafc6049b10ad0d6,0,,good
visa_6f61511bf472ff92,0,,good
visa_a1191023cf3ce803,0,,good
visa_8d617719d0acbd67,0,,good
visa_31eda43a59a7c8f3,0,,good
visa_bd0816afb52c53fd,0,,good
visa_8f74c484cd091a6e,0,,good
visa_c9de2ca9570cbd30,0,,good
visa_0ba96c7a1b549f44,0,,good
visa_4da8d7ad1772b6dc,0,,good
visa_c98a190f26b3f52a,0,,good
visa_f416905e0568e08c,0,,good
visa_f9e5cae6914649e7,0,,good
visa_9c88f4fac8b32419,0,,good
visa_8fe3469699dbb5a5,0,,good
visa_18e5dc8818819435,0,,good
visa_28953b670931f501,0,,good
visa_0345127d38a804c8,0,,good
visa_02a7d2d162e29edd,0,,good
visa_3ec222ef3b60140c,0,,good
visa_b1c3388ceb27a548,0,,good
visa_165c51e542703301,0,,good
visa_0b2be003e52c4eb5,0,,good
visa_62094399889a730e,0,,good
visa_68c1a7ced53c1003,0,,good
visa_44032dc1a2d6db51,0,,good
visa_3c914cd424d0e686,0,,good
visa_a4a9ad5d0f493a6e,0,,good
visa_a48412224a01adc4,0,,good
visa_47cbcd6c12ab1cab,0,,good
visa_99074aeb15c3e0ef,0,,good
visa_56d9e4a016c30dc5,0,,good
visa_cf8de5bd3a2eabd0,0,,good
visa_d675fd9cbbf05511,0,,good
visa_4cd0f1ac7a23d1b5,0,,good
visa_dacf17098f2cc224,0,,good
visa_e2a4f39da51762b3,0,,good
visa_8f8d5f78e873df94,0,,good
visa_30ba589814e61a6f,0,,good
visa_19665318ce94ba44,0,,good
visa_fa79c0d00623c02e,0,,good
visa_7b4b109518143b75,0,,good
visa_a58890274a4547db,0,,good
visa_c9e1dca109cb8267,0,,good
visa_fc7e79df2d8d15fb,0,,good
visa_25f29a1e60391d21,0,,good
visa_12dac942efa33588,0,,good
visa_bdc9bd1c6150e8ef,0,,good
visa_dcb348fefd6fc03e,0,,good
visa_cc61768c9ec45e6a,0,,good
visa_e7e913f619d2a38b,0,,good
visa_b7132d1442680313,0,,good
visa_0ccab6baa58cec77,0,,good
visa_0b30a518ac4cba77,0,,good
visa_8b86653ca03fc87a,0,,good
visa_5195d951ebc7101b,0,,good
visa_ecd471df0fcb0c9d,0,,good
visa_27d34c2504139d2b,0,,good
visa_72401e6c2603e6a0,0,,good
visa_f46ae707c1e5eba1,0,,good
visa_5a8ae3a3a8233f6e,0,,good
visa_143c30b03d1aa610,0,,good
visa_1f4d20746ef88b5c,0,,good
visa_d18b77ea47e32de0,0,,good
visa_8396910a38a77ad2,0,,good
visa_fa8a9877b423036b,0,,good
visa_cbb31456ada34d24,0,,good
visa_cc7e5d53468e64b7,0,,good
visa_b03802da852a445a,0,,good
visa_42b858be9591c092,0,,good
visa_8e088e4b9434723b,0,,good
visa_29ba86dd24df111b,0,,good
visa_aaf71e47f48a8612,0,,good
visa_fcdf25cd49b58fd2,0,,good
visa_59a4e6f5a903d4a6,0,,good
visa_c6d733c52c4c6410,0,,good
visa_455efcb276f2cffb,0,,good
visa_d3365a6ddadf75aa,0,,good
visa_76862b2a5ec8dc98,0,,good
visa_987dcdf63aa795b6,0,,good
visa_8e61ca07faa7fc9d,0,,good
visa_1b871dba19faeafe,0,,good
visa_832ef600ed227c0b,0,,good
visa_e4cc95958494e933,0,,good
visa_bf7024372465dbc6,0,,good
visa_48cf8b452982e824,0,,good
visa_4c4ec561b6413462,0,,good
visa_c6ca944d02aec8c8,0,,good
visa_8dc60e75aa9e9095,0,,good
visa_0aa982fbe3bdaa23,0,,good
visa_96cbd09b5ad8c31c,0,,good
visa_e1834f9d87b11665,0,,good
visa_55e6d23f0b40964d,0,,good
visa_b8649a1b99aace2b,0,,good
visa_9f5d1811475c1e1c,0,,good
visa_42c78ba7714a8922,0,,good
visa_25184aee7b15c244,0,,good
visa_acf7b08440db94d4,0,,good
visa_e7d9ef11bac6695a,0,,good
visa_4ecb544c3d699da0,0,,good
visa_fa18319dfb3a4d14,0,,good
visa_11a3c4dd6637064d,0,,good
visa_872ef59a337394c6,0,,good
visa_87450fab3173ec10,0,,good
visa_f887834fd0d2db31,0,,good
visa_eeb0ad8be181c241,0,,good
visa_028afa25eadfd3d6,0,,good
visa_4335efd6d251241e,0,,good
visa_e81f99529fed8485,0,,good
visa_5160738dacdf2a88,0,,good
visa_bb92b98dce8e4fa8,0,,good
visa_dab8805da2e2d749,0,,good
visa_739abfc718c0ad5c,0,,good
visa_7ed2c2a88f832b26,0,,good
visa_27003b33f24e3907,0,,good
visa_a45406e6fe22bc99,0,,good
visa_40170a051d6b66fe,0,,good
visa_7ac5261498299acb,0,,good
visa_ba33e6c27f9e16fb,0,,good
visa_ade7333f7cd6bb12,0,,good
visa_05e321837c4a1652,0,,good
visa_7aa323deab4e8f92,0,,good
visa_50f3acdf4e996659,0,,good
visa_b4a016bdd73c042d,0,,good
visa_929346956af0364c,0,,good
visa_224add4114b37c8f,0,,good
visa_27d66205eb479f07,0,,good
visa_08fa1d9af64eceb3,0,,good
visa_9f21dfb0ae348fb7,0,,good
visa_cde87bc7ac35f344,0,,good
visa_31bc3f1264b5160b,0,,good
visa_54000da3d3b68f8d,0,,good
visa_aeee27e28897be03,0,,good
visa_e042781f0f92a22e,0,,good
visa_643f052b61bf92dc,0,,good
visa_21e877f060e49afc,0,,good
visa_8c484bde1c7e9e36,0,,good
visa_3cbd6f8be2290213,0,,good
visa_12f8fdb6d6a0cba2,0,,good
visa_4a030137650faddb,0,,good
visa_67c8433c54e9c294,0,,good
visa_41946c6add7a548e,0,,good
visa_34842ebe49c9b807,0,,good
visa_8cce64343250d6bf,0,,good
visa_530300ed38667474,0,,good
visa_1df173ab5c9c81f1,0,,good
visa_dd7d17d51b89d257,0,,good
visa_8e49ed475354e5fc,0,,good
visa_1b1e3c045f213d6e,0,,good
visa_26f7d6a425565341,0,,good
visa_cc42e7b4666cddae,0,,good
visa_d74548561803ec6a,0,,good
visa_f7ba1f62d212cea1,0,,good
visa_6a61516ead08adf4,0,,good
visa_72e4ebfc1cbbbdbd,0,,good
visa_6e8836229d9b6204,0,,good
visa_2c1fe4ba27cf8d44,0,,good
visa_a6dc4ab53b7ac97a,0,,good
visa_3cc593d157974e5b,0,,good
visa_5f06431dfe8b92ce,0,,good
visa_699fc7562a4d403c,0,,good
visa_4ba98dbf77b4ef3c,0,,good
visa_7d5df18cb351c66c,0,,good
visa_b9ad025f5481a766,0,,good
visa_571a0580606fa659,0,,good
visa_4dfcd440f389c3c2,0,,good
visa_727bbc6f03b7e902,0,,good
visa_f97dd143e7021c2b,0,,good
visa_166a8af2fc839a13,0,,good
visa_36f49648e43328e2,0,,good
visa_334abd652646abb3,0,,good
visa_a5be302fb46e1e1d,0,,good
visa_1e97709dabd86022,0,,good
visa_8bc55785d4f552ff,0,,good
visa_db25178fd261a71c,0,,good
visa_d1b39b6919f7b718,0,,good
visa_d296d29dbdca754a,0,,good
visa_11db0238f60731d1,0,,good
visa_29b025eaf9bd7f49,0,,good
visa_b289f6c2d0a53658,0,,good
visa_f645a44d0c427d1b,0,,good
visa_0d3931f41ad29160,0,,good
visa_336fd20277ed7c62,0,,good
visa_90e2d30f02132994,0,,good
visa_299ef42b61e46f27,0,,good
visa_169471fb874783d3,0,,good
visa_2ba30a45a9310238,0,,good
visa_d903d589980203be,0,,good
visa_15b791186dfc43bb,0,,good
visa_e2e6352d9545eb16,0,,good
visa_9a23d5b71536e803,0,,good
visa_45fee3e966628bc8,0,,good
visa_f9906bb980f42edb,0,,good
visa_aed465fac730a8b5,0,,good
visa_1ac3606f378fe001,0,,good
visa_067d50489e3bdcd4,0,,good
visa_643ed60e372eed6d,0,,good
visa_b1fd43b88ee921e3,0,,good
visa_24b6274a9e37d509,0,,good
visa_9a28ed4138cb97e0,0,,good
visa_ea3ab60e675ce584,0,,good
visa_946b0445305eb111,0,,good
visa_945c5e9b03b08e89,0,,good
visa_e026b996cf397a4f,0,,good
visa_76eb5a1a44ce579a,0,,good
visa_5b37dbbfcd020a7a,0,,good
visa_9bf0112a55e5d6f9,0,,good
visa_60dac9da22bc18a6,0,,good
visa_753bb3d147f51b95,0,,good
visa_6151975ab28b8de3,0,,good
visa_21cefdfa0cac6d57,0,,good
visa_742e8b34b40e6ce5,0,,good
visa_6e186f0b4fec1a8d,0,,good
visa_5d82053a9a08ee44,0,,good
visa_31a3566a17ef290f,0,,good
visa_c363cd0179528a68,0,,good
visa_bf019d701fb26e6c,0,,good
visa_c6d7a04f86a9096d,0,,good
visa_5a8ecda93526be33,0,,good
visa_95b676f5f31e38ad,0,,good
visa_ae62e76e39c9fed5,0,,good
visa_f76b7d6ab25488bd,0,,good
visa_d29535c39b738ac2,0,,good
visa_3205cf28cfeee2f6,0,,good
visa_44de7435eb978008,0,,good
visa_8c2ceb79f5ecc9e2,0,,good
visa_e2bb68e122fe8157,0,,good
visa_c23893ac1429ae19,0,,good
visa_fa99071d8140fe84,0,,good
visa_974df3fbb5533c39,0,,good
visa_9b880a622fbc9caf,0,,good
visa_78127ae38c7e7eec,0,,good
visa_8a9fc565bae2e7b1,0,,good
visa_1ae6f34897cd7c94,0,,good
visa_f2b82585069ed13c,0,,good
visa_9e96f8e63058a280,0,,good
visa_e3af68dff00b1384,0,,good
visa_d4064aad4bed62f0,0,,good
visa_da36c5223432f851,0,,good
visa_8f7057846a441893,0,,good
visa_31c9be0665c03c21,0,,good
visa_b93894af85151e4c,0,,good
visa_db2378917ae31bbc,0,,good
visa_3908015da87c4fe3,0,,good
visa_9d1e2f5e8fc30b26,0,,good
visa_19763e920e9680d7,0,,good
visa_0e215a51c0d2f3f7,0,,good
visa_dd15b2916a4cc1b4,0,,good
visa_c966bc324134d316,0,,good
visa_1cc0523e6e1476c9,0,,good
visa_644f4c80ca9c3d5d,0,,good
visa_855610c51bd5026e,0,,good
visa_1a5d0c8948dd95bb,0,,good
visa_2c0bacf0ccb7fbef,0,,good
visa_1724f6fb7b031b07,0,,good
visa_3a7b9a8cc14f1061,0,,good
visa_d0bae8d754e05de0,0,,good
visa_13239f602fe57be9,0,,good
visa_834661a0ced6422b,0,,good
visa_b1a66b8b6f44cdf9,0,,good
visa_9329cfc28e770936,0,,good
visa_365097b4951c49ca,0,,good
visa_dbfdca6603761c89,0,,good
visa_f95ef04c1b9cb33e,0,,good
visa_74566ddbf036c514,0,,good
visa_cabf496f31ccd106,0,,good
visa_7fa8f03128904865,0,,good
visa_6389b3114e53c481,0,,good
visa_0ed8f1e06a2d7631,0,,good
visa_839ce0006bc70bba,0,,good
visa_9c884b52fe54e378,0,,good
visa_0be1123af44cc553,0,,good
visa_6cd40ee54470ceb5,0,,good
visa_8eae20c17b97a349,0,,good
visa_4500ef1ce0dd10b7,0,,good
visa_024a229ab2278f38,0,,good
visa_e6b6f9ac2962fc78,0,,good
visa_b0c8f245a2b3e291,0,,good
visa_f9e17bf9472445e4,0,,good
visa_f0bc8f28b7dcc4a5,0,,good
visa_837d49672a4d7579,0,,good
visa_deaa835cfdd743f9,0,,good
visa_69710f0588481fe1,0,,good
visa_529514d012b258cb,0,,good
visa_cb273f35907d4d7e,0,,good
visa_860e4f6513f438f1,0,,good
visa_29190fdff2bb85e3,0,,good
visa_4defb231772c6ef8,0,,good
visa_0925b73b23e2c641,0,,good
visa_c129417871ca5fdf,0,,good
visa_f64d08dfd00ef44c,0,,good
visa_6e51af8235402e7d,0,,good
visa_40815caae744155c,0,,good
visa_742e5e06721db318,0,,good
visa_2c6e9eb6e6d7fe9c,0,,good
visa_b98c274aba370eff,0,,good
visa_54e7a8a1649f0669,0,,good
visa_913bd18f623b0637,0,,good
visa_bcda6561402a99c3,0,,good
visa_376894ea53dd65f4,0,,good
visa_c6f15216f527b3a8,0,,good
visa_45eced29281fe78e,0,,good
visa_322c890a8c59e44a,0,,good
visa_bfbf5524cb3cc428,0,,good
visa_fbd9598f1eca0b63,0,,good
visa_7493c7bf85214bb0,0,,good
visa_f2fd8b94b3d6da5f,0,,good
visa_3178832f05cbc3fa,0,,good
visa_7a385883b5406775,0,,good
visa_3c16c82178394548,0,,good
visa_94c0b4316a12cb8a,0,,good
visa_45afdb596de77b4d,0,,good
visa_cbdcba7d5276140e,0,,good
visa_d84e3c69e02b88bb,0,,good
visa_0df2166f81e92d0b,0,,good
visa_00468da104ab2491,0,,good
visa_d75d650c629c2dd4,0,,good
visa_45b5cc5b75a0fb05,0,,good
visa_41cf34fcb9e15019,0,,good
visa_f088b053b00e8c6c,0,,good
visa_82cea9a22e76b375,0,,good
visa_0ad484cc6bab555f,0,,good
visa_d8c062ac8a536540,0,,good
visa_585ebe95c5ae6842,0,,good
visa_c4c30a1b4f502d86,0,,good
visa_a81f25e0d5ec693c,0,,good
visa_41970c10d1af3fb3,0,,good
visa_2052b5922fae96fe,0,,good
visa_60061a18e0902f75,0,,good
visa_2d11440e41f0e34e,0,,good
visa_22d38e2c94eb4094,0,,good
visa_a5a4c47d57e550dc,0,,good
visa_a20b8fbeed2393f8,0,,good
visa_b8b8bc8289674a79,0,,good
visa_b4b853e94b08bbcd,0,,good
visa_3aed2c75a772c89c,0,,good
visa_c8189b376a48a1cc,0,,good
visa_deb50934acb877b9,0,,good
visa_b37c26d1bfe1beb8,0,,good
visa_95f01d78d2f086c7,0,,good
visa_ae6bf846e0e484c7,0,,good
visa_c3aaad3f4f70e28f,0,,good
visa_1040b2aae73c5394,0,,good
visa_0222bda65855dcd1,0,,good
visa_f8e51dcdba8021b5,0,,good
visa_e5a02bfe9d03409e,0,,good
visa_107346d62e1b0e40,0,,good
visa_99cacc996a3580ad,0,,good
visa_c8957481b713df5f,0,,good
visa_233eba590f0e61e0,0,,good
visa_5f9eef10e99c1e69,0,,good
visa_9c0e8c1ef6ef6903,0,,good
visa_0fb69e8855981142,0,,good
visa_ce8d6302f25e2900,0,,good
visa_4b70f9ac0960ff98,0,,good
visa_0f3b680afad597e2,0,,good
visa_063c44fcdfa57434,0,,good
visa_070a7766cda30a8b,0,,good
visa_f4060339ef4719f8,0,,good
visa_24a8e8d0fd5d053d,0,,good
visa_53b06aa699f3906a,0,,good
visa_e9b3ece276eae589,0,,good
visa_6754b5a78c14980c,0,,good
visa_db19f501ffe9ae1a,0,,good
visa_2dd4a639b1ef90ba,0,,good
visa_2feb2e7055dc59ad,0,,good
visa_093f11bb45b24acc,0,,good
visa_241cb1af75cc59b3,0,,good
visa_09ab1f3e4839fe57,0,,good
visa_af69e8a2ab96f914,0,,good
visa_285100aacca5f75d,0,,good
visa_7f6b73eb2ccf535a,0,,good
visa_4929b2b4897cd7e0,0,,good
visa_f65602ea733ce27a,0,,good
visa_f35f538e2214365c,0,,good
visa_97224d49d20738b1,0,,good
visa_afaa4a77de659ec6,0,,good
visa_47abd2d954bc579a,0,,good
visa_695513f81f441a2a,0,,good
visa_a491181b699105b9,0,,good
visa_25f997907f67a72e,0,,good
visa_90d4663c174cdc80,0,,good
visa_a9475344e1d9c4bf,0,,good
visa_a65f7136a555a41f,0,,good
visa_bedbbff0d105c621,0,,good
visa_c667ab65534f148d,0,,good
visa_a0547784cf79ecc4,0,,good
visa_c946cf3bc7a741ea,0,,good
visa_1c9e0ffc906bb1e2,0,,good
visa_469e9d18e4a860a0,0,,good
visa_3172afd2875d059b,0,,good
visa_c6e551755f1fa35c,0,,good
visa_e8fc619e664c0393,0,,good
visa_311089bfe008d52a,0,,good
visa_53410e2288845950,0,,good
visa_2deb5be37b6a0858,0,,good
visa_263f1d0c4a5b8bb9,0,,good
visa_f24e6347b9631942,0,,good
visa_14fa9cdf66d3055a,0,,good
visa_c4254102fc0b6c11,0,,good
visa_07d092594cef1f58,0,,good
visa_ecccc74ed223eea7,0,,good
visa_e213b53ac7409128,0,,good
visa_61a16d691c76deba,0,,good
visa_395d8682a6c88fc7,0,,good
visa_fae7fdc1696494db,0,,good
visa_894262a3ea3e1870,0,,good
visa_e8161039bd116edb,0,,good
visa_5f101fe5ea443aa8,0,,good
visa_f3b74edc43b20097,0,,good
visa_97972a4590099112,0,,good
visa_dc4e21084fc5e5c4,0,,good
visa_daf0165f41df1f15,0,,good
visa_b917efdad0662cd5,0,,good
visa_e51ab8dc9d3c1ef1,0,,good
visa_8a0708bcf01b1a68,0,,good
visa_a2d4bd92d831b3cf,0,,good
visa_2157a5941eb46359,0,,good
visa_6007578c9553b953,0,,good
visa_1d014266f365f978,0,,good
visa_57e094f8cfc82492,0,,good
visa_9f12e852692e4dc5,0,,good
visa_d0bbfff30521cfbf,0,,good
visa_fba685bb6344d513,0,,good
visa_f2e3ef5182899ba2,0,,good
visa_6e3a88b15fbf0b81,0,,good
visa_3469e876c0386c2c,0,,good
visa_2ce7f30a4f7995c1,0,,good
visa_98706fe6314698fe,0,,good
visa_bb6f32f96daa1a38,0,,good
visa_df16012c66cde623,0,,good
visa_e31e9f4401e90efd,0,,good
visa_f6cc19664e028e5c,0,,good
visa_67120ba011d95b82,0,,good
visa_e602a9d96c9e83e0,0,,good
visa_bd51e06583688047,0,,good
visa_42e3fb5b78eb99b2,0,,good
visa_5e06e8bfc3ac9677,0,,good
visa_d1cbe9902f3c3cf3,0,,good
visa_d0d83b8dc90508ac,0,,good
visa_47ea3f7f9c0ebe35,0,,good
visa_94856f2ae6e18c3f,0,,good
visa_f4c7e520578617e3,0,,good
visa_ee5c9d4879abf538,0,,good
visa_513d86308f3172a3,0,,good
visa_18a84c729bfaa38a,0,,good
visa_1d04476c9bb6f90c,0,,good
visa_d81d74a50f284cc2,0,,good
visa_cbae03536a10f3df,0,,good
visa_1d995f7a151fa37a,0,,good
visa_5dfe38ec2412f7cb,0,,good
visa_7f3839bca50c785b,0,,good
visa_af12e6eb21f88c36,0,,good
visa_2204275ac2d1973d,0,,good
visa_24258cfa35ddb89a,0,,good
visa_f41c473b4f5712d3,0,,good
visa_4d13d440f6b948de,0,,good
visa_7bef9884fcbce935,0,,good
visa_fac92b87e234d642,0,,good
visa_b961980c9459a545,0,,good
visa_0bd326b97185a677,0,,good
visa_fbbae7327b179688,0,,good
visa_125b82c944da63a9,0,,good
visa_ec259fa3dfb68d01,0,,good
visa_cafc7355d7608ce4,0,,good
visa_ab0eb03d7028296e,0,,good
visa_c09d206e3c0f695b,0,,good
visa_669324c82ae4e930,0,,good
visa_adc640a37658ce49,0,,good
visa_0a12b9f28d311339,0,,good
visa_e789897708b1e72c,0,,good
visa_37bbe447a3edaf09,0,,good
visa_ba02f6b9608f7219,0,,good
visa_5d424b1665d96f4f,0,,good
visa_b2ac5cc043ef5b6b,0,,good
visa_d850b8e75947d97d,0,,good
visa_387a4ac638db4dbc,0,,good
visa_62ef345cb4331de5,0,,good
visa_cad858e858adc9fa,0,,good
visa_29cccd7daa9d70e7,0,,good
visa_b9faeb59f2178bfe,0,,good
visa_d3205b644a904ac0,0,,good
visa_2701a79c720e9294,0,,good
visa_7cffe1fc320c23fb,0,,good
visa_7888ba0bf01130e0,0,,good
visa_1550471c0cfd0108,0,,good
visa_64c483859724ae90,0,,good
visa_d49194ae1115eadf,0,,good
visa_17ec5e15bcebdd71,0,,good
visa_72ac20d5c63bd3a0,1,/data/gauss/ldh/myDatasets/VisA/pipe_fryum/Data/Masks/Anomaly/000.png,Anomaly
visa_a3ebf4bc8ba9aff4,1,/data/gauss/ldh/myDatasets/VisA/pipe_fryum/Data/Masks/Anomaly/001.png,Anomaly
visa_787724d7f029c827,1,/data/gauss/ldh/myDatasets/VisA/pipe_fryum/Data/Masks/Anomaly/002.png,Anomaly
visa_719c7a4310a1aa23,1,/data/gauss/ldh/myDatasets/VisA/pipe_fryum/Data/Masks/Anomaly/003.png,Anomaly
visa_bc86e79c61d1498d,1,/data/gauss/ldh/myDatasets/VisA/pipe_fryum/Data/Masks/Anomaly/004.png,Anomaly
visa_48cdf07820ce99eb,1,/data/gauss/ldh/myDatasets/VisA/pipe_fryum/Data/Masks/Anomaly/005.png,Anomaly
visa_2b9cec7ac01f0f37,1,/data/gauss/ldh/myDatasets/VisA/pipe_fryum/Data/Masks/Anomaly/006.png,Anomaly
visa_213cee176eff6229,1,/data/gauss/ldh/myDatasets/VisA/pipe_fryum/Data/Masks/Anomaly/007.png,Anomaly
visa_a5bc55d9bbe44941,1,/data/gauss/ldh/myDatasets/VisA/pipe_fryum/Data/Masks/Anomaly/008.png,Anomaly
visa_0b858e9d21b2bacb,1,/data/gauss/ldh/myDatasets/VisA/pipe_fryum/Data/Masks/Anomaly/009.png,Anomaly
visa_a0560ec0ab481980,1,/data/gauss/ldh/myDatasets/VisA/pipe_fryum/Data/Masks/Anomaly/010.png,Anomaly
visa_0c7c6d4e6919844e,1,/data/gauss/ldh/myDatasets/VisA/pipe_fryum/Data/Masks/Anomaly/011.png,Anomaly
visa_48d37b4b5990fb1a,1,/data/gauss/ldh/myDatasets/VisA/pipe_fryum/Data/Masks/Anomaly/012.png,Anomaly
visa_a86b96d7b108d2ce,1,/data/gauss/ldh/myDatasets/VisA/pipe_fryum/Data/Masks/Anomaly/013.png,Anomaly
visa_68f86f9a640915e4,1,/data/gauss/ldh/myDatasets/VisA/pipe_fryum/Data/Masks/Anomaly/014.png,Anomaly
visa_dc150b91b2ae1be9,1,/data/gauss/ldh/myDatasets/VisA/pipe_fryum/Data/Masks/Anomaly/015.png,Anomaly
visa_19b0ddf07acdfa61,1,/data/gauss/ldh/myDatasets/VisA/pipe_fryum/Data/Masks/Anomaly/016.png,Anomaly
visa_8eab94349f5425ac,1,/data/gauss/ldh/myDatasets/VisA/pipe_fryum/Data/Masks/Anomaly/017.png,Anomaly
visa_3023348fcaba9d9e,1,/data/gauss/ldh/myDatasets/VisA/pipe_fryum/Data/Masks/Anomaly/018.png,Anomaly
visa_0e3690390acd5c70,1,/data/gauss/ldh/myDatasets/VisA/pipe_fryum/Data/Masks/Anomaly/019.png,Anomaly
visa_3ce3e9ae39f6e9ae,1,/data/gauss/ldh/myDatasets/VisA/pipe_fryum/Data/Masks/Anomaly/020.png,Anomaly
visa_1a069c5eb195178a,1,/data/gauss/ldh/myDatasets/VisA/pipe_fryum/Data/Masks/Anomaly/021.png,Anomaly
visa_60673ff210fb304e,1,/data/gauss/ldh/myDatasets/VisA/pipe_fryum/Data/Masks/Anomaly/022.png,Anomaly
visa_02b0103c27507e78,1,/data/gauss/ldh/myDatasets/VisA/pipe_fryum/Data/Masks/Anomaly/023.png,Anomaly
visa_2d2ca4e3a4159a0f,1,/data/gauss/ldh/myDatasets/VisA/pipe_fryum/Data/Masks/Anomaly/024.png,Anomaly
visa_17c21c40536041f5,1,/data/gauss/ldh/myDatasets/VisA/pipe_fryum/Data/Masks/Anomaly/025.png,Anomaly
visa_aa5ab65699fc11f1,1,/data/gauss/ldh/myDatasets/VisA/pipe_fryum/Data/Masks/Anomaly/026.png,Anomaly
visa_10d1eb46530ce7d7,1,/data/gauss/ldh/myDatasets/VisA/pipe_fryum/Data/Masks/Anomaly/027.png,Anomaly
visa_bc5451fc2f5629f2,1,/data/gauss/ldh/myDatasets/VisA/pipe_fryum/Data/Masks/Anomaly/028.png,Anomaly
visa_fdc99bd96a23a673,1,/data/gauss/ldh/myDatasets/VisA/pipe_fryum/Data/Masks/Anomaly/029.png,Anomaly
visa_edb1c8526a592a8c,1,/data/gauss/ldh/myDatasets/VisA/pipe_fryum/Data/Masks/Anomaly/030.png,Anomaly
visa_b81811b61ce1b5c2,1,/data/gauss/ldh/myDatasets/VisA/pipe_fryum/Data/Masks/Anomaly/031.png,Anomaly
visa_b3e8f6fadc804172,1,/data/gauss/ldh/myDatasets/VisA/pipe_fryum/Data/Masks/Anomaly/032.png,Anomaly
visa_7805cbb827a75fd7,1,/data/gauss/ldh/myDatasets/VisA/pipe_fryum/Data/Masks/Anomaly/033.png,Anomaly
visa_9279da3e7d1e7103,1,/data/gauss/ldh/myDatasets/VisA/pipe_fryum/Data/Masks/Anomaly/034.png,Anomaly
visa_3134dd3cf4fee861,1,/data/gauss/ldh/myDatasets/VisA/pipe_fryum/Data/Masks/Anomaly/035.png,Anomaly
visa_7bbec7b1ee645f8b,1,/data/gauss/ldh/myDatasets/VisA/pipe_fryum/Data/Masks/Anomaly/036.png,Anomaly
visa_ccccc870d12d8a33,1,/data/gauss/ldh/myDatasets/VisA/pipe_fryum/Data/Masks/Anomaly/037.png,Anomaly
visa_47deeb995e70ebe6,1,/data/gauss/ldh/myDatasets/VisA/pipe_fryum/Data/Masks/Anomaly/038.png,Anomaly
visa_91c70f34816444ad,1,/data/gauss/ldh/myDatasets/VisA/pipe_fryum/Data/Masks/Anomaly/039.png,Anomaly
visa_c89d19337dd587b6,1,/data/gauss/ldh/myDatasets/VisA/pipe_fryum/Data/Masks/Anomaly/040.png,Anomaly
visa_73b8449495a745f7,1,/data/gauss/ldh/myDatasets/VisA/pipe_fryum/Data/Masks/Anomaly/041.png,Anomaly
visa_ac121ecc3f5e1d30,1,/data/gauss/ldh/myDatasets/VisA/pipe_fryum/Data/Masks/Anomaly/042.png,Anomaly
visa_a3d607c77a7e6c3d,1,/data/gauss/ldh/myDatasets/VisA/pipe_fryum/Data/Masks/Anomaly/043.png,Anomaly
visa_6460cda8aa899d0e,1,/data/gauss/ldh/myDatasets/VisA/pipe_fryum/Data/Masks/Anomaly/044.png,Anomaly
visa_178e9d98ebaec93a,1,/data/gauss/ldh/myDatasets/VisA/pipe_fryum/Data/Masks/Anomaly/045.png,Anomaly
visa_aad1c2188f2786ad,1,/data/gauss/ldh/myDatasets/VisA/pipe_fryum/Data/Masks/Anomaly/046.png,Anomaly
visa_34c53a3af9931f54,1,/data/gauss/ldh/myDatasets/VisA/pipe_fryum/Data/Masks/Anomaly/047.png,Anomaly
visa_5efcaf07a6aab668,1,/data/gauss/ldh/myDatasets/VisA/pipe_fryum/Data/Masks/Anomaly/048.png,Anomaly
visa_c70b18c1e82818e5,1,/data/gauss/ldh/myDatasets/VisA/pipe_fryum/Data/Masks/Anomaly/049.png,Anomaly
visa_37e876343e29895e,1,/data/gauss/ldh/myDatasets/VisA/pipe_fryum/Data/Masks/Anomaly/050.png,Anomaly
visa_f6238ab66cf71c55,1,/data/gauss/ldh/myDatasets/VisA/pipe_fryum/Data/Masks/Anomaly/051.png,Anomaly
visa_0c0db4a58d1386e3,1,/data/gauss/ldh/myDatasets/VisA/pipe_fryum/Data/Masks/Anomaly/052.png,Anomaly
visa_4499be04c1ce0dd4,1,/data/gauss/ldh/myDatasets/VisA/pipe_fryum/Data/Masks/Anomaly/053.png,Anomaly
visa_c21b39c5fe023749,1,/data/gauss/ldh/myDatasets/VisA/pipe_fryum/Data/Masks/Anomaly/054.png,Anomaly
visa_45f6d4210658d758,1,/data/gauss/ldh/myDatasets/VisA/pipe_fryum/Data/Masks/Anomaly/055.png,Anomaly
visa_094ee9ac81b7e7ed,1,/data/gauss/ldh/myDatasets/VisA/pipe_fryum/Data/Masks/Anomaly/056.png,Anomaly
visa_a19002033eaa8893,1,/data/gauss/ldh/myDatasets/VisA/pipe_fryum/Data/Masks/Anomaly/057.png,Anomaly
visa_f002be9288929cf1,1,/data/gauss/ldh/myDatasets/VisA/pipe_fryum/Data/Masks/Anomaly/058.png,Anomaly
visa_1ad210394ee106a1,1,/data/gauss/ldh/myDatasets/VisA/pipe_fryum/Data/Masks/Anomaly/059.png,Anomaly
visa_60ba19c4d9710956,1,/data/gauss/ldh/myDatasets/VisA/pipe_fryum/Data/Masks/Anomaly/060.png,Anomaly
visa_063f066f93860876,1,/data/gauss/ldh/myDatasets/VisA/pipe_fryum/Data/Masks/Anomaly/061.png,Anomaly
visa_a6055da30afec822,1,/data/gauss/ldh/myDatasets/VisA/pipe_fryum/Data/Masks/Anomaly/062.png,Anomaly
visa_fa402d4710b450dc,1,/data/gauss/ldh/myDatasets/VisA/pipe_fryum/Data/Masks/Anomaly/063.png,Anomaly
visa_565b388cfed0670f,1,/data/gauss/ldh/myDatasets/VisA/pipe_fryum/Data/Masks/Anomaly/064.png,Anomaly
visa_8440d8e97a453acb,1,/data/gauss/ldh/myDatasets/VisA/pipe_fryum/Data/Masks/Anomaly/065.png,Anomaly
visa_d64e5a270fda2f20,1,/data/gauss/ldh/myDatasets/VisA/pipe_fryum/Data/Masks/Anomaly/066.png,Anomaly
visa_27c40a61396e4b5d,1,/data/gauss/ldh/myDatasets/VisA/pipe_fryum/Data/Masks/Anomaly/067.png,Anomaly
visa_da665b7836efa733,1,/data/gauss/ldh/myDatasets/VisA/pipe_fryum/Data/Masks/Anomaly/068.png,Anomaly
visa_d7599596e230bb67,1,/data/gauss/ldh/myDatasets/VisA/pipe_fryum/Data/Masks/Anomaly/069.png,Anomaly
visa_bb02b68dc9c7d799,1,/data/gauss/ldh/myDatasets/VisA/pipe_fryum/Data/Masks/Anomaly/070.png,Anomaly
visa_bfb3b9e7fef3a326,1,/data/gauss/ldh/myDatasets/VisA/pipe_fryum/Data/Masks/Anomaly/071.png,Anomaly
visa_9eae7f15cb934fae,1,/data/gauss/ldh/myDatasets/VisA/pipe_fryum/Data/Masks/Anomaly/072.png,Anomaly
visa_e1898675ad592a3f,1,/data/gauss/ldh/myDatasets/VisA/pipe_fryum/Data/Masks/Anomaly/073.png,Anomaly
visa_5c022030c7025a86,1,/data/gauss/ldh/myDatasets/VisA/pipe_fryum/Data/Masks/Anomaly/074.png,Anomaly
visa_da75ae1e07caf21a,1,/data/gauss/ldh/myDatasets/VisA/pipe_fryum/Data/Masks/Anomaly/075.png,Anomaly
visa_60ab9c0013909b13,1,/data/gauss/ldh/myDatasets/VisA/pipe_fryum/Data/Masks/Anomaly/076.png,Anomaly
visa_7a618e3909b9cd7c,1,/data/gauss/ldh/myDatasets/VisA/pipe_fryum/Data/Masks/Anomaly/077.png,Anomaly
visa_ebb25c4de4a36084,1,/data/gauss/ldh/myDatasets/VisA/pipe_fryum/Data/Masks/Anomaly/078.png,Anomaly
visa_114db0ebc8662e71,1,/data/gauss/ldh/myDatasets/VisA/pipe_fryum/Data/Masks/Anomaly/079.png,Anomaly
visa_74da414f7b7786dd,1,/data/gauss/ldh/myDatasets/VisA/pipe_fryum/Data/Masks/Anomaly/080.png,Anomaly
visa_9ed6e20cdd6cdd60,1,/data/gauss/ldh/myDatasets/VisA/pipe_fryum/Data/Masks/Anomaly/081.png,Anomaly
visa_f62ee89cbe2b20d1,1,/data/gauss/ldh/myDatasets/VisA/pipe_fryum/Data/Masks/Anomaly/082.png,Anomaly
visa_ead0e016bc1eb4c7,1,/data/gauss/ldh/myDatasets/VisA/pipe_fryum/Data/Masks/Anomaly/083.png,Anomaly
visa_89617a47546099b8,1,/data/gauss/ldh/myDatasets/VisA/pipe_fryum/Data/Masks/Anomaly/084.png,Anomaly
visa_9b3acfe0df7180fc,1,/data/gauss/ldh/myDatasets/VisA/pipe_fryum/Data/Masks/Anomaly/085.png,Anomaly
visa_48ea640395aa3113,1,/data/gauss/ldh/myDatasets/VisA/pipe_fryum/Data/Masks/Anomaly/086.png,Anomaly
visa_d0411435ac1d7817,1,/data/gauss/ldh/myDatasets/VisA/pipe_fryum/Data/Masks/Anomaly/087.png,Anomaly
visa_e2bc75d4332e923f,1,/data/gauss/ldh/myDatasets/VisA/pipe_fryum/Data/Masks/Anomaly/088.png,Anomaly
visa_259eb754f57e22f0,1,/data/gauss/ldh/myDatasets/VisA/pipe_fryum/Data/Masks/Anomaly/089.png,Anomaly
visa_19bd3c693800ee31,1,/data/gauss/ldh/myDatasets/VisA/pipe_fryum/Data/Masks/Anomaly/090.png,Anomaly
visa_b7b26469156a3efa,1,/data/gauss/ldh/myDatasets/VisA/pipe_fryum/Data/Masks/Anomaly/091.png,Anomaly
visa_91a3b4f6e4dfef85,1,/data/gauss/ldh/myDatasets/VisA/pipe_fryum/Data/Masks/Anomaly/092.png,Anomaly
visa_e31ab297e98d7d21,1,/data/gauss/ldh/myDatasets/VisA/pipe_fryum/Data/Masks/Anomaly/093.png,Anomaly
visa_9dddaea22eb80211,1,/data/gauss/ldh/myDatasets/VisA/pipe_fryum/Data/Masks/Anomaly/094.png,Anomaly
visa_4e7ff4625ba241eb,1,/data/gauss/ldh/myDatasets/VisA/pipe_fryum/Data/Masks/Anomaly/095.png,Anomaly
visa_18c086aeb7ff0fda,1,/data/gauss/ldh/myDatasets/VisA/pipe_fryum/Data/Masks/Anomaly/096.png,Anomaly
visa_5fb51658dffd45b4,1,/data/gauss/ldh/myDatasets/VisA/pipe_fryum/Data/Masks/Anomaly/097.png,Anomaly
visa_efaff85d89d0cbd7,1,/data/gauss/ldh/myDatasets/VisA/pipe_fryum/Data/Masks/Anomaly/098.png,Anomaly
visa_9fc1b1eb70fccf7c,1,/data/gauss/ldh/myDatasets/VisA/pipe_fryum/Data/Masks/Anomaly/099.png,Anomaly
